# callgrind format
version: 1
creator: callgrind-3.26.0
pid: 14769
cmd:  ./bin/ref_g
part: 1


desc: I1 cache: 65536 B, 64 B, 16-way associative
desc: D1 cache: 49152 B, 64 B, 12-way associative
desc: LL cache: 25165824 B, 64 B, 12-way associative

desc: Timerange: Basic block 0 - 23223477
desc: Trigger: Program termination

positions: line
events: Ir Dr Dw I1mr D1mr D1mw ILmr DLmr DLmw
summary: 206952308 42775840 30174114 2574 3510007 641203 2563 46975 325244


ob=(7) /usr/lib/x86_64-linux-gnu/libstdc++.so.6.0.35
fl=(205) ???
fn=(982) std::moneypunct<char, true>::_M_initialize_moneypunct(__locale_struct*, char const*)
0 107 35 28 5 0 0 5

fn=(1006) std::messages<char>::messages(unsigned long)
0 14 1 5 2 0 1 2 0 1
cob=(4) ???
cfi=(191) ???
cfn=(760) 0x000000000c7ab560
calls=1 0 
0 22 7 2
0 2 0 2
cob=(4)
cfi=(191)
cfn=(748) 0x000000000c7a94f0
calls=1 0 
0 5 2
0 4 3 1

fn=(1112) std::basic_ios<char, std::char_traits<char> >::init(std::basic_streambuf<char, std::char_traits<char> >*)
0 36 0 16 1 0 0 1
cob=(4)
cfi=(191)
cfn=(1114) 0x000000000c7ab920
calls=4 0 
0 2439 853 458 10 21 0 10 6
0 12 0 4 1 0 0 1
cob=(4)
cfi=(191)
cfn=(1132) 0x000000000c7abaf0
calls=4 0 
0 1220 398 170 5 9 0 5 3
0 89 27 26 1 0 0 1
cob=(4)
cfi=(191)
cfn=(1138) 0x000000000c7aa100
calls=1 0 
0 2455 603 321 18 27 0 18 9
0 6 4 0 1 0 0 1

fn=(1172) 0x00000000000bfe90
0 5 0 0 1 0 0 1
cob=(4)
cfi=(191)
cfn=(1164) 0x000000000c7a9730
calls=1 0 
0 75 14 15

fn=(1174) 0x00000000000bff60
0 12 1 0 3 0 0 3

fn=(1310) 0x00000000000bfd10
0 50 25 12 3 6 0 3 1

fn=(824) std::__cxx11::moneypunct<char, false>::_M_initialize_moneypunct(__locale_struct*, char const*)
0 107 35 28 4 2 0 4 1

fn=(830) std::__cxx11::moneypunct<char, true>::_M_initialize_moneypunct(__locale_struct*, char const*)
0 107 35 28 4 0 0 4

fn=(1136) std::basic_ios<char, std::char_traits<char> >::_M_cache_locale(std::locale const&)
0 36 4 16 1 0 0 1
cob=(4)
cfi=(191)
cfn=(802) 0x000000000c7a9920
calls=4 0 
0 32 12
0 28 16 8 1 0 0 1
cob=(4)
cfi=(191)
cfn=(802)
calls=4 0 
0 32 12
0 28 16 8 1 0 0 1
cob=(4)
cfi=(191)
cfn=(802)
calls=4 0 
0 32 12
0 36 28 4

fn=(1180) 0x00000000000bf680
0 6 0 3 1 0 1 1
cob=(4)
cfi=(191)
cfn=(1182) 0x000000000c7aa1f0
calls=1 0 
0 732 253 135 1 10 0 1 1
0 6 0 2 1 0 0 1
cob=(4)
cfi=(191)
cfn=(1164)
calls=1 0 
0 75 14 15 0 0 1 0 0 1
0 3 0 2
cob=(4)
cfi=(191)
cfn=(1182)
calls=1 0 
0 7 3 1
0 7 1 1 1 0 0 1
cob=(4)
cfi=(191)
cfn=(1164)
calls=1 0 
0 75 14 15

fn=(1196) 0x00000000000bf720
0 4 0 2
cob=(4)
cfi=(191)
cfn=(1198) 0x000000000c7a9670
calls=1 0 
0 726 251 134 3 7 0 3
0 4 3 1

fn=(1202) std::future_category()
0 3 1 0 1 0 0 1

fn=(1292) 0x00000000000bfc90
0 34 17 8 2 4 0 2 1

fn=(1336) 0x00000000000bfdd0
0 50 25 12 2 4 0 2 1

fn=(758) std::ctype<char>::ctype(unsigned short const*, bool, unsigned long)
0 18 1 7 2 1 1 2 0 1
cob=(4)
cfi=(191)
cfn=(760)
calls=1 0 
0 3798 1237 610 26 42 3 26 16
0 82 8 39 3 1 8 3 0 8

fn=(970) std::moneypunct<char, false>::_M_initialize_moneypunct(__locale_struct*, char const*)
0 107 35 28 5 0 0 5

fn=(1124) std::locale::operator=(std::locale const&)
0 112 40 8 2 0 0 2

fn=(1274) 0x00000000000bfc10
0 34 17 8 2 2 0 2 1

fn=(1936) operator new(unsigned long)
0 143 0 39 2 0 0 2
cob=(4)
cfi=(191)
cfn=(1226) 0x000000000c7a9320
calls=13 0 
0 1822 328 193 4 29 12 4 2 11
0 65 39

fn=(3338) std::error_category::~error_category()
0 4 2

fn=(3340) 0x00000000000c11e0
0 4 0 1 1 0 0 1
cob=(4)
cfi=(191)
cfn=(3334) 0x000000000c7aa460
calls=1 0 
0 4 2

fn=(3360) __gnu_cxx::stdio_sync_filebuf<char, std::char_traits<char> >::sync()
0 15 5 0 1 2 0 1
cob=(4)
cfi=(191)
cfn=(3362) 0x000000000c7ac690
calls=5 0 
0 1207 420 202 13 42 0 13 20

fn=(3376) std::uncaught_exception()
0 8 0 4 1 0 0 1
cob=(4)
cfi=(191)
cfn=(3378) 0x000000000c7aaff0
calls=2 0 
0 1614 583 289 7 33 1 7 14 1
0 10 6 0 0 1

fn=(3394) std::basic_ostream<wchar_t, std::char_traits<wchar_t> >::flush()
0 45 12 12 2 7 0 2
cob=(4)
cfi=(191)
cfn=(3396) 0x000000000c7aa480
calls=3 0 
0 1120 360 167 4 10 0 4 2
0 21 18 3 0 3
cfn=(3402) __gnu_cxx::stdio_sync_filebuf<wchar_t, std::char_traits<wchar_t> >::sync()
calls=3 0 
0 222 78 33 0 2
0 32 13 5 1 0 0 1
cob=(4)
cfi=(191)
cfn=(3372) 0x000000000c7a9aa0
calls=1 0 
0 35 15 4
0 11 5 3
cfn=(3402)
calls=1 0 
0 74 26 11
0 34 21 1 2 0 0 2

fn=(3395) std::basic_ostream<wchar_t, std::char_traits<wchar_t> >::flush()'2
0 15 4 4
cob=(4)
cfi=(191)
cfn=(3397) 0x000000000c7aa480'2
calls=1 0 
0 17 6 3
0 7 6 1
cfn=(3402)
calls=1 0 
0 74 26 11
0 18 10 1

fn=(752) std::locale::facet::_S_get_c_name()
0 21 7 0 1 0 0 1

fn=(776) 0x00000000000d9590
0 7 1 0 1 0 0 1
cob=(4)
cfi=(191)
cfn=(780) 0x000000000c7a9610
calls=1 0 
0 1898 608 292 11 19 2 11 6

fn=(812) std::codecvt<char, char, __mbstate_t>::codecvt(unsigned long)
0 14 1 5 2 1 1 2 0 1
cob=(4)
cfi=(191)
cfn=(760)
calls=1 0 
0 22 7 2
0 4 3 1

fn=(818) std::__cxx11::numpunct<char>::_M_initialize_numpunct(__locale_struct*)
0 416 136 74 7 6 0 7 3

fn=(914) std::__cxx11::numpunct<wchar_t>::_M_initialize_numpunct(__locale_struct*)
0 350 72 73 5 0 3 5 0 3

fn=(1036) std::moneypunct<wchar_t, false>::_M_initialize_moneypunct(__locale_struct*, char const*)
0 104 26 28 6 0 0 6

fn=(1072) std::messages<wchar_t>::messages(unsigned long)
0 14 1 5 1 0 0 1
cob=(4)
cfi=(191)
cfn=(760)
calls=1 0 
0 22 7 2
0 2 0 2
cob=(4)
cfi=(191)
cfn=(748)
calls=1 0 
0 5 2
0 4 3 1 1 0 0 1

fn=(1098) std::locale::locale(std::locale::_Impl*)
0 3 1 1 1 0 1 1

fn=(1194) 0x00000000000bf710
0 3 1 1 0 0 1

fn=(3358) std::ostream::sentry::sentry(std::ostream&)
0 42 12 10 2 1 0 2
cob=(4)
cfi=(191)
cfn=(3349) 0x000000000c7aa9e0'2
calls=1 0 
0 133 53 20
0 19 9 3 1 0 0 1

fn=(3359) std::ostream::sentry::sentry(std::ostream&)'2
0 15 5 3

fn=(3400) std::basic_ostream<wchar_t, std::char_traits<wchar_t> >::sentry::sentry(std::basic_ostream<wchar_t, std::char_traits<wchar_t> >&)
0 42 12 10 2 1 0 2
cob=(4)
cfi=(191)
cfn=(3391) 0x000000000c7abb50'2
calls=1 0 
0 133 53 20
0 19 9 3 1 0 0 1

fn=(3401) std::basic_ostream<wchar_t, std::char_traits<wchar_t> >::sentry::sentry(std::basic_ostream<wchar_t, std::char_traits<wchar_t> >&)'2
0 15 5 3

fn=(740) std::locale::_Impl::_Impl(unsigned long)
0 18 1 10 2 0 1 2 0 1
cob=(4)
cfi=(191)
cfn=(742) 0x000000000c7a8960
calls=1 0 
0 936 304 162 7 10 10 7 2 7
0 6 0 2
cob=(4)
cfi=(191)
cfn=(742)
calls=1 0 
0 38 3 12 0 0 6 0 0 6
0 14 0 10 2 0 2 2 0 2
cob=(4)
cfi=(191)
cfn=(748)
calls=1 0 
0 798 263 134 3 10 0 3 2
0 7 1 2 0 1 0 0 1
cob=(4)
cfi=(191)
cfn=(754) 0x000000000c7a8880
calls=1 0 
0 4605 1494 790 33 53 12 33 17 9
0 4 1 1 1 1 0 1
cob=(4)
cfi=(191)
cfn=(796) 0x000000000c7aa210
calls=1 0 
0 2064 655 281 12 15 0 12 4
0 3 0 1
cob=(4)
cfi=(191)
cfn=(808) 0x000000000c7a9b10
calls=1 0 
0 827 272 142 4 9 1 4 2 1
0 4 1 1 0 1
cob=(4)
cfi=(191)
cfn=(796)
calls=1 0 
0 402 120 13 0 1
0 23 1 15 3 0 4 3 0 4
cob=(4)
cfi=(191)
cfn=(814) 0x000000000c7ab8a0
calls=1 0 
0 1445 433 208 9 18 0 9 4
0 4 1 1 0 1
cob=(4)
cfi=(191)
cfn=(796)
calls=1 0 
0 402 120 13 0 1 0 0 1
0 8 2 3 1 2 0 1
cob=(4)
cfi=(191)
cfn=(796)
calls=1 0 
0 402 120 13 0 1 0 0 1
0 8 2 3 1 2 0 1
cob=(4)
cfi=(191)
cfn=(796)
calls=1 0 
0 402 120 13
0 5 1 3 0 1
cob=(4)
cfi=(191)
cfn=(760)
calls=1 0 
0 22 7 2
0 5 1 2 1 1 0 1
cob=(4)
cfi=(191)
cfn=(796)
calls=1 0 
0 402 120 13
0 28 1 19 3 1 3 3 0 3
cob=(4)
cfi=(191)
cfn=(820) 0x000000000c7a9f70
calls=1 0 
0 1200 343 162 6 11 0 6 3
0 4 1 1 1 1 0 1
cob=(4)
cfi=(191)
cfn=(796)
calls=1 0 
0 402 120 13
0 28 1 19 3 1 2 3 0 2
cob=(4)
cfi=(191)
cfn=(826) 0x000000000c7ab6d0
calls=1 0 
0 1208 344 162 6 6 0 6 2
0 4 1 1 0 1
cob=(4)
cfi=(191)
cfn=(796)
calls=1 0 
0 402 120 13
0 8 2 3 1 2 0 1
cob=(4)
cfi=(191)
cfn=(796)
calls=1 0 
0 402 120 13
0 8 2 3 1 1 1 1 0 1
cob=(4)
cfi=(191)
cfn=(796)
calls=1 0 
0 402 120 13
0 34 0 28 4 0 7 4 0 7
cob=(4)
cfi=(191)
cfn=(832) 0x000000000c7aab60
calls=1 0 
0 2033 613 311 19 21 0 19 2
0 4 1 1 0 1
cob=(4)
cfi=(191)
cfn=(796)
calls=1 0 
0 402 120 13
0 8 2 3 1 1 1 1 0 1
cob=(4)
cfi=(191)
cfn=(796)
calls=1 0 
0 402 120 13
0 8 2 3 1 2 0 1
cob=(4)
cfi=(191)
cfn=(796)
calls=1 0 
0 402 120 13 0 1 0 0 1
0 3 0 1
cob=(4)
cfi=(191)
cfn=(844) 0x000000000c7a8710
calls=1 0 
0 819 269 144 4 10 0 4
0 4 1 1 0 1
cob=(4)
cfi=(191)
cfn=(796)
calls=1 0 
0 402 120 13
0 3 0 1
cob=(4)
cfi=(191)
cfn=(850) 0x000000000c7a8c50
calls=1 0 
0 25432 7300 3548 48 90 21 48 25 21
0 4 1 1 1 1 0 1
cob=(4)
cfi=(191)
cfn=(796)
calls=1 0 
0 402 120 13 0 1 0 0 1
0 3 0 1
cob=(4)
cfi=(191)
cfn=(904) 0x000000000c7a96b0
calls=1 0 
0 827 272 142 2 6 2 2 1 2
0 4 1 1
cob=(4)
cfi=(191)
cfn=(796)
calls=1 0 
0 402 120 13
0 22 1 15 3 1 3 3 0 3
cob=(4)
cfi=(191)
cfn=(910) 0x000000000c7a8d50
calls=1 0 
0 1355 366 207 7 9 3 7 1 3
0 4 1 1
cob=(4)
cfi=(191)
cfn=(796)
calls=1 0 
0 402 120 13 0 1 0 0 1
0 8 2 3 1 0 0 1
cob=(4)
cfi=(191)
cfn=(796)
calls=1 0 
0 402 120 13 0 1 0 0 1
0 8 2 3 1 2 0 1
cob=(4)
cfi=(191)
cfn=(796)
calls=1 0 
0 402 120 13
0 5 1 3 1 0 0 1
cob=(4)
cfi=(191)
cfn=(760)
calls=1 0 
0 22 7 2
0 18 4 5 1 1 0 1
cob=(4)
cfi=(191)
cfn=(796)
calls=1 0 
0 402 120 13
0 27 1 19 4 0 4 4 0 4
cob=(4)
cfi=(191)
cfn=(916) 0x000000000c7aaee0
calls=1 0 
0 1213 336 162 8 10 0 8 3
0 4 1 1 0 1
cob=(4)
cfi=(191)
cfn=(796)
calls=1 0 
0 402 120 13
0 26 1 19 3 0 2 3 0 2
cob=(4)
cfi=(191)
cfn=(922) 0x000000000c7a9170
calls=1 0 
0 1181 332 162 8 7 0 8
0 4 1 1 1 1 0 1
cob=(4)
cfi=(191)
cfn=(796)
calls=1 0 
0 402 120 13
0 8 2 3
cob=(4)
cfi=(191)
cfn=(796)
calls=1 0 
0 402 120 13
0 8 2 3 1 0 0 1
cob=(4)
cfi=(191)
cfn=(796)
calls=1 0 
0 402 120 13
0 34 0 28 4 0 6 4 0 6
cob=(4)
cfi=(191)
cfn=(928) 0x000000000c7ab550
calls=1 0 
0 2061 617 310 18 17 1 18 3 1
0 4 1 1 0 1
cob=(4)
cfi=(191)
cfn=(796)
calls=1 0 
0 402 120 13
0 8 2 3 1 1 0 1
cob=(4)
cfi=(191)
cfn=(796)
calls=1 0 
0 402 120 13
0 8 2 3 1 1 0 1
cob=(4)
cfi=(191)
cfn=(796)
calls=1 0 
0 402 120 13 0 1 0 0 1
0 3 0 1
cob=(4)
cfi=(191)
cfn=(940) 0x000000000c7a8d90
calls=1 0 
0 819 269 144 4 6 1 4 0 1
0 4 1 1 0 1
cob=(4)
cfi=(191)
cfn=(796)
calls=1 0 
0 402 120 13
0 8 2 3 1 1 0 1
cob=(4)
cfi=(191)
cfn=(796)
calls=1 0 
0 402 120 13
0 8 2 3 1 1 0 1
cob=(4)
cfi=(191)
cfn=(796)
calls=1 0 
0 402 120 13
0 8 2 3 1 0 0 1
cob=(4)
cfi=(191)
cfn=(796)
calls=1 0 
0 402 120 13
0 8 2 3 1 0 0 1
cob=(4)
cfi=(191)
cfn=(796)
calls=1 0 
0 402 120 13
0 9 3 4
cfn=(946) 0x00000000000f63c0
calls=1 0 
0 9354 2864 1517 79 75 7 79 12 7
0 3 2 1
cob=(4)
cfi=(191)
cfn=(802)
calls=1 0 
0 8 3
0 5 2 2 1 0 0 1
cob=(4)
cfi=(191)
cfn=(802)
calls=1 0 
0 8 3
0 4 2 2
cob=(4)
cfi=(191)
cfn=(802)
calls=1 0 
0 8 3
0 5 2 2 1 0 0 1
cob=(4)
cfi=(191)
cfn=(802)
calls=1 0 
0 8 3
0 5 2 2
cob=(4)
cfi=(191)
cfn=(802)
calls=1 0 
0 8 3
0 4 2 2
cob=(4)
cfi=(191)
cfn=(802)
calls=1 0 
0 8 3
0 5 2 2 1 0 0 1
cob=(4)
cfi=(191)
cfn=(802)
calls=1 0 
0 8 3
0 4 2 2
cob=(4)
cfi=(191)
cfn=(802)
calls=1 0 
0 8 3
0 13 9 1 1 0 0 1

fn=(842) std::__timepunct<char>::_M_initialize_timepunct(__locale_struct*)
0 22 4 7 3 1 0 3
cob=(4)
cfi=(191)
cfn=(760)
calls=1 0 
0 22 7 2
0 112 27 25 10 2 0 10

fn=(908) std::codecvt<wchar_t, char, __mbstate_t>::codecvt(unsigned long)
0 14 1 5 2 0 1 2 0 1
cob=(4)
cfi=(191)
cfn=(760)
calls=1 0 
0 22 7 2
0 4 3 1 0 0 1 0 0 1

fn=(1106) std::ios_base::ios_base()
0 480 8 192 3 0 30 3 0 27
cob=(4)
cfi=(191)
cfn=(720) 0x000000000c7a9a00
calls=8 0 
0 216 80 40 0 0 1 0 0 1

fn=(1158) std::basic_ios<wchar_t, std::char_traits<wchar_t> >::_M_cache_locale(std::locale const&)
0 36 4 16 1 0 0 1
cob=(4)
cfi=(191)
cfn=(802)
calls=4 0 
0 32 12
0 28 16 8 1 0 0 1
cob=(4)
cfi=(191)
cfn=(802)
calls=4 0 
0 32 12
0 28 16 8 1 0 0 1
cob=(4)
cfi=(191)
cfn=(802)
calls=4 0 
0 32 12
0 36 28 4

fn=(1160) std::ctype<wchar_t>::do_widen(char) const
0 16 8 0 1 0 0 1

fn=(1186) std::error_category::error_category()
0 10 4 2 1 1 0 1

fn=(1206) 0x00000000000bf740
0 17 1 10 2 0 1 2
cob=(4)
cfi=(191)
cfn=(1208) 0x000000000c7a9df0
calls=1 0 
0 1169 406 163 16 35 0 16 5
0 33 7 8 3 0 0 3
cob=(4)
cfi=(191)
cfn=(1226)
calls=1 0 
0 1302 386 199 48 21 2 48 3 2
0 8 0 4 1 0 0 1

fn=(1272) 0x00000000000bfab0
0 47 9 28 6 2 6 6 2 6

fn=(3406) 0x00000000000bfeb0
0 5 1

fn=(932) std::__timepunct<wchar_t>::__timepunct(std::__timepunct_cache<wchar_t>*, unsigned long)
0 16 1 7 1 1 1 1 0 1
cob=(4)
cfi=(191)
cfn=(748)
calls=1 0 
0 5 2
0 4 0 2 1 0 0 1
cob=(4)
cfi=(191)
cfn=(934) 0x000000000c7aa440
calls=1 0 
0 1143 332 167 16 10 0 16 2
0 3 3

fn=(952) std::numpunct<char>::_M_initialize_numpunct(__locale_struct*)
0 416 136 74 5 0 0 5

fn=(1152) std::basic_ios<wchar_t, std::char_traits<wchar_t> >::init(std::basic_streambuf<wchar_t, std::char_traits<wchar_t> >*)
0 32 0 16 2 0 0 2
cob=(4)
cfi=(191)
cfn=(1114)
calls=4 0 
0 308 112 56
0 12 0 4
cob=(4)
cfi=(191)
cfn=(1154) 0x000000000c7ac440
calls=4 0 
0 1220 398 170 5 8 0 5 2
0 28 12 4 0 1
cfn=(1160)
calls=4 0 
0 16 8 0 1 0 0 1
0 56 16 24 1 0 0 1

fn=(3352) std::ostream::flush()
0 45 12 12 2 7 0 2
cob=(4)
cfi=(191)
cfn=(3354) 0x000000000c7ac530
calls=3 0 
0 912 325 167 5 9 1 5 2 1
0 21 18 3 0 3
cfn=(3360)
calls=3 0 
0 1074 373 180 14 44 0 14 20
0 32 13 5 1 0 0 1
cob=(4)
cfi=(191)
cfn=(3372)
calls=1 0 
0 2326 826 423 10 43 1 10 16 1
0 11 5 3
cfn=(3360)
calls=1 0 
0 74 26 11
0 34 21 1 2 0 0 2

fn=(3353) std::ostream::flush()'2
0 15 4 4
cob=(4)
cfi=(191)
cfn=(3355) 0x000000000c7ac530'2
calls=1 0 
0 17 6 3
0 7 6 1
cfn=(3360)
calls=1 0 
0 74 26 11
0 18 10 1

fn=(3382) __cxa_get_globals
0 10 0 4 1 0 0 1
cob=(4)
cfi=(191)
cfn=(3384) 0x000000000c7aa270
calls=2 0 
0 901 333 151 4 23 1 4 12 1
0 6 4

fn=(726) 0x00000000000f2a00
0 9 1 2 2 0 0 2
cob=(4)
cfi=(191)
cfn=(736) 0x000000000c7a9520
calls=1 0 
0 72048 21444 9527 336 434 101 336 92 94
0 9 1 2
cob=(4)
cfi=(191)
cfn=(1094) 0x000000000c7a8860
calls=1 0 
0 742 254 135 2 5 1 2 2
0 176 87 0 1 1 0 1 1

fn=(806) std::locale::id::_M_id() const
0 948 316 96 2 8 0 2 7

fn=(836) std::__timepunct<char>::__timepunct(std::__timepunct_cache<char>*, unsigned long)
0 16 1 7 1 1 0 1
cob=(4)
cfi=(191)
cfn=(748)
calls=1 0 
0 5 2
0 4 0 2 1 0 0 1
cob=(4)
cfi=(191)
cfn=(838) 0x000000000c7ab030
calls=1 0 
0 1123 329 168 15 12 0 15 2
0 3 3

fn=(848) std::__cxx11::messages<char>::messages(unsigned long)
0 14 1 5 2 1 0 2
cob=(4)
cfi=(191)
cfn=(760)
calls=1 0 
0 22 7 2
0 2 0 2
cob=(4)
cfi=(191)
cfn=(748)
calls=1 0 
0 5 2
0 4 3 1

fn=(854) std::ctype<wchar_t>::ctype(unsigned long)
0 14 1 5 2 0 1 2 0 1
cob=(4)
cfi=(191)
cfn=(760)
calls=1 0 
0 22 7 2
0 6 2 2
cob=(4)
cfi=(191)
cfn=(856) 0x000000000c7a9bc0
calls=1 0 
0 24699 7045 3405 44 82 20 44 22 20

fn=(888) std::ctype<wchar_t>::_M_convert_to_wmask(unsigned short) const
0 88 1 0 2 0 0 2
cob=(4)
cfi=(191)
cfn=(890) 0x000000000c7a9690
calls=1 0 
0 505 97 25
0 24 1 0 1 0 0 1
cob=(4)
cfi=(191)
cfn=(890)
calls=1 0 
0 395 77 21 0 1 0 0 1
0 3 1
cob=(4)
cfi=(191)
cfn=(890)
calls=1 0 
0 560 107 27
0 9 1 0 1 0 0 1
cob=(4)
cfi=(191)
cfn=(890)
calls=1 0 
0 205 43 14 0 1 0 0 1
0 3 1
cob=(4)
cfi=(191)
cfn=(890)
calls=1 0 
0 150 33 12 1 1 0 1
0 3 1 0 1 0 0 1
cob=(4)
cfi=(191)
cfn=(890)
calls=1 0 
0 983 322 157 10 18 0 10 8
0 3 1 0 1 0 0 1
cob=(4)
cfi=(191)
cfn=(890)
calls=1 0 
0 260 53 16
0 7 3
cob=(4)
cfi=(191)
cfn=(890)
calls=1 0 
0 340 67 19 0 1 0 0 1
0 3 1
cob=(4)
cfi=(191)
cfn=(890)
calls=1 0 
0 195 39 14
0 3 1 0 1 0 0 1
cob=(4)
cfi=(191)
cfn=(890)
calls=1 0 
0 615 117 29

fn=(946)
0 23 4 11 2 0 2 2 0 2
cob=(4)
cfi=(191)
cfn=(948) 0x000000000c7a9870
calls=1 0 
0 1351 422 208 7 9 0 7 2
0 8 4 3 1 0 0 1
cob=(4)
cfi=(191)
cfn=(802)
calls=1 0 
0 17 6 2
0 8 2 4 0 1
cob=(4)
cfi=(191)
cfn=(760)
calls=1 0 
0 22 7 2
0 8 3 4 1 0 0 1
cob=(4)
cfi=(191)
cfn=(802)
calls=1 0 
0 17 6 2
0 12 2 5 1 0 1 1 0 1
cob=(4)
cfi=(191)
cfn=(966) 0x000000000c7a8b30
calls=1 0 
0 1114 333 162 7 10 0 7 3
0 7 3 3 1 0 0 1
cob=(4)
cfi=(191)
cfn=(802)
calls=1 0 
0 17 6 2
0 13 3 5 1 1 0 1
cob=(4)
cfi=(191)
cfn=(978) 0x000000000c7ac220
calls=1 0 
0 1130 335 162 7 8 0 7 1
0 7 3 3
cob=(4)
cfi=(191)
cfn=(802)
calls=1 0 
0 17 6 2
0 14 5 6 2 0 0 2
cob=(4)
cfi=(191)
cfn=(802)
calls=1 0 
0 17 6 2
0 14 5 6 1 0 0 1
cob=(4)
cfi=(191)
cfn=(802)
calls=1 0 
0 17 6 2
0 14 5 6 1 0 0 1
cob=(4)
cfi=(191)
cfn=(802)
calls=1 0 
0 17 6 2
0 6 1 2 1 0 0 1
cob=(4)
cfi=(191)
cfn=(1002) 0x000000000c7ac6f0
calls=1 0 
0 765 263 144 4 8 1 4 1 1
0 7 3 3
cob=(4)
cfi=(191)
cfn=(802)
calls=1 0 
0 17 6 2
0 16 5 7 2 0 1 2 0 1
cob=(4)
cfi=(191)
cfn=(1014) 0x000000000c7aa1d0
calls=1 0 
0 1293 359 207 7 6 0 7
0 7 3 3 0 1
cob=(4)
cfi=(191)
cfn=(802)
calls=1 0 
0 17 6 2
0 8 2 4 1 0 0 1
cob=(4)
cfi=(191)
cfn=(760)
calls=1 0 
0 22 7 2
0 8 3 4 1 1 0 1
cob=(4)
cfi=(191)
cfn=(802)
calls=1 0 
0 17 6 2
0 13 3 5 1 0 1 1 0 1
cob=(4)
cfi=(191)
cfn=(1032) 0x000000000c7aa830
calls=1 0 
0 1143 328 162 8 8 0 8 1
0 7 3 3 0 1
cob=(4)
cfi=(191)
cfn=(802)
calls=1 0 
0 17 6 2
0 12 2 5 1 1 0 1
cob=(4)
cfi=(191)
cfn=(1044) 0x000000000c7ab420
calls=1 0 
0 1119 325 162 8 9 0 8 1
0 7 3 3 1 1 0 1
cob=(4)
cfi=(191)
cfn=(802)
calls=1 0 
0 17 6 2
0 14 5 6 1 1 0 1
cob=(4)
cfi=(191)
cfn=(802)
calls=1 0 
0 17 6 2
0 14 5 6 2 0 1 2 0 1
cob=(4)
cfi=(191)
cfn=(802)
calls=1 0 
0 17 6 2
0 14 5 6 1 0 0 1
cob=(4)
cfi=(191)
cfn=(802)
calls=1 0 
0 17 6 2
0 6 1 2 1 0 0 1
cob=(4)
cfi=(191)
cfn=(1068) 0x000000000c7aade0
calls=1 0 
0 765 263 144 4 9 0 4 3
0 6 3 2
cob=(4)
cfi=(191)
cfn=(802)
calls=1 0 
0 17 6 2
0 5 2 2
cob=(4)
cfi=(191)
cfn=(802)
calls=1 0 
0 8 3
0 4 2 2 1 0 0 1
cob=(4)
cfi=(191)
cfn=(802)
calls=1 0 
0 8 3
0 4 2 2
cob=(4)
cfi=(191)
cfn=(802)
calls=1 0 
0 8 3
0 5 3 2
cob=(4)
cfi=(191)
cfn=(802)
calls=1 0 
0 8 3
0 5 3 2 1 0 0 1
cob=(4)
cfi=(191)
cfn=(802)
calls=1 0 
0 8 3
0 5 3 2
cob=(4)
cfi=(191)
cfn=(802)
calls=1 0 
0 8 3
0 9 7 1 1 0 0 1

fn=(1048) std::moneypunct<wchar_t, true>::_M_initialize_moneypunct(__locale_struct*, char const*)
0 104 26 28 6 0 0 6

fn=(1142) std::ctype<char>::_M_widen_init() const
0 734 21 36 11 2 0 11 1
cob=(4)
cfi=(191)
cfn=(1144) 0x000000000c7ab7c0
calls=1 0 
0 928 317 150 5 14 0 5 6
0 10 5 1

fn=(2422) operator delete(void*, unsigned long)
0 26 0 0 1 0 0 1
cob=(4)
cfi=(191)
cfn=(2424) 0x000000000c7a9540
calls=13 0 
0 2579 789 509 29 111 28 29 2 12

fn=(2428) operator delete(void*)
0 26 0 0 1 0 0 1
cob=(4)
cfi=(191)
cfn=(2430) 0x000000000c7a9da0
calls=13 0 
0 1918 545 375 27 70 13 27 1 12

fn=(3324) 0x00000000000bff20
0 9 3 2 0 3
cob=(4)
cfi=(191)
cfn=(3330) 0x000000000c7a83a0
calls=1 0 
0 8681 3017 1488 57 181 29 56 57 8
0 1 0 1
cfn=(3406)
calls=1 0 
0 5 1
0 3 2 1

fn=(3332) 0x00000000000c1190
0 4 0 1 1 0 1 1
cob=(4)
cfi=(191)
cfn=(3334)
calls=1 0 
0 745 254 134 2 26 23 1 12 5

fn=(3342) 0x00000000001e80b0
0 5 2 0 1 1 0 1 1

fn=(3346) std::ios_base::Init::~Init()
0 14 4 3 2 3 0 2
cob=(4)
cfi=(191)
cfn=(3348) 0x000000000c7aa9e0
calls=1 0 
0 2389 840 435 26 62 4 26 23 2
0 2 1 1 0 1
cob=(4)
cfi=(191)
cfn=(3348)
calls=1 0 
0 2705 973 484 10 52 1 10 17 1
0 2 1 1 0 1
cob=(4)
cfi=(191)
cfn=(3348)
calls=1 0 
0 133 53 20 0 2
0 2 1 1 0 1
cob=(4)
cfi=(191)
cfn=(3390) 0x000000000c7abb50
calls=1 0 
0 1929 612 288 10 23 0 10 4
0 2 1 1 1 1 0 1
cob=(4)
cfi=(191)
cfn=(3390)
calls=1 0 
0 414 162 65 1 5 0 1
0 2 1 1 0 1
cob=(4)
cfi=(191)
cfn=(3390)
calls=1 0 
0 133 53 20 0 2
0 2 2

fn=(764) std::locale::facet::_S_get_c_locale()
0 84 0 28 2 0 0 2
cob=(4)
cfi=(191)
cfn=(766) 0x000000000c7a98b0
calls=14 0 
0 3059 1006 474 22 36 3 22 15
0 84 42

fn=(800) std::locale::_Impl::_M_install_facet(std::locale::id const*, std::locale::facet const*)
0 480 0 256 1 0 0 1
cob=(4)
cfi=(191)
cfn=(802)
calls=32 0 
0 1261 441 198 4 14 0 4 8
0 11776 3616 96 5 0 0 5

fn=(920) std::__cxx11::moneypunct<wchar_t, false>::_M_initialize_moneypunct(__locale_struct*, char const*)
0 104 26 28 6 0 0 6

fn=(1018) std::numpunct<wchar_t>::_M_initialize_numpunct(__locale_struct*)
0 350 72 73 5 0 0 5

fn=(704) 0x00000000000bfa80
0 5 0 2 1 0 0 1
cob=(4)
cfi=(191)
cfn=(706) 0x000000000c7ab1b0
calls=1 0 
0 85988 25683 12002 439 558 158 439 123 127
0 5 2 0 0 1
cob=(4)
cfi=(191)
cfn=(1164)
calls=1 0 
0 1076 333 170 9 19 2 9 1

fn=(718) std::ios_base::Init::Init()
0 52 9 18 5 6 3 5 1
cob=(4)
cfi=(191)
cfn=(720)
calls=1 0 
0 73512 21951 9805 346 450 105 346 98 95
0 15 5 8 1 1 1 1
cob=(4)
cfi=(191)
cfn=(720)
calls=1 0 
0 27 10 5
0 13 4 8 2 0 2 2
cob=(4)
cfi=(191)
cfn=(720)
calls=1 0 
0 27 10 5
0 6 1 4
cob=(4)
cfi=(191)
cfn=(1102) 0x000000000c7a9410
calls=1 0 
0 770 255 163 5 8 4 5 1 4
0 11 2 6 1 0 1 1 0 1
cob=(4)
cfi=(191)
cfn=(1108) 0x000000000c7ab880
calls=1 0 
0 6780 2003 1027 38 62 0 38 19
0 3 1 1 1 0 0 1
cob=(4)
cfi=(191)
cfn=(1102)
calls=1 0 
0 89 12 29 0 0 3 0 0 3
0 15 1 8 1 0 0 1
cob=(4)
cfi=(191)
cfn=(1108)
calls=1 0 
0 171 62 34
0 3 1 1 0 1
cob=(4)
cfi=(191)
cfn=(1102)
calls=1 0 
0 89 12 29 0 0 4 0 0 4
0 11 1 6 1 0 1 1 0 1
cob=(4)
cfi=(191)
cfn=(1108)
calls=1 0 
0 171 62 34
0 4 1 2 1 1 0 1
cob=(4)
cfi=(191)
cfn=(1102)
calls=1 0 
0 89 12 29 0 0 4 0 0 4
0 11 2 6 1 0 0 1
cob=(4)
cfi=(191)
cfn=(1108)
calls=1 0 
0 171 62 34
0 14 3 9 1 0 1 1
cob=(4)
cfi=(191)
cfn=(720)
calls=1 0 
0 27 10 5
0 15 5 8 2 0 3 2
cob=(4)
cfi=(191)
cfn=(720)
calls=1 0 
0 27 10 5
0 13 4 8 1 0 1 1
cob=(4)
cfi=(191)
cfn=(720)
calls=1 0 
0 27 10 5
0 6 1 4 1 0 0 1
cob=(4)
cfi=(191)
cfn=(1102)
calls=1 0 
0 89 12 29 0 0 4 0 0 4
0 11 2 7 1 0 1 1 0 1
cob=(4)
cfi=(191)
cfn=(1148) 0x000000000c7aacc0
calls=1 0 
0 2149 653 303 11 18 0 11 4
0 3 1 1
cob=(4)
cfi=(191)
cfn=(1102)
calls=1 0 
0 89 12 29 0 0 4 0 0 4
0 15 1 9 2 0 0 2
cob=(4)
cfi=(191)
cfn=(1148)
calls=1 0 
0 173 64 35
0 3 1 1
cob=(4)
cfi=(191)
cfn=(1102)
calls=1 0 
0 89 12 29 0 0 4 0 0 4
0 11 1 7 1 0 1 1 0 1
cob=(4)
cfi=(191)
cfn=(1148)
calls=1 0 
0 173 64 35
0 4 1 2 1 0 0 1
cob=(4)
cfi=(191)
cfn=(1102)
calls=1 0 
0 89 12 29 0 0 4 0 0 1
0 11 2 7 1 0 0 1
cob=(4)
cfi=(191)
cfn=(1148)
calls=1 0 
0 173 64 35
0 14 9 4 1 1 0 1

fn=(724) std::locale::locale()
0 176 0 88 1 0 1 1 0 1
cfn=(726)
calls=22 0 
0 72984 21787 9666 341 440 102 341 95 94
0 198 110 22 2 0 0 2

fn=(784) std::locale::facet::_S_create_c_locale(__locale_struct*&, char const*, __locale_struct*)
0 8 0 3 2 0 0 2
cob=(4)
cfi=(191)
cfn=(786) 0x000000000c7aa5d0
calls=1 0 
0 909 313 154 7 11 0 7 4
0 6 3 1

fn=(860) std::ctype<wchar_t>::_M_initialize_ctype()
0 11 1 6 1 0 0 1
cob=(4)
cfi=(191)
cfn=(862) 0x000000000c7ab170
calls=1 0 
0 845 308 151 5 14 0 5 4
0 770 0 256 1 0 2 1 0 2
cob=(4)
cfi=(191)
cfn=(868) 0x000000000c7aa170
calls=128 0 
0 3641 1079 410 4 15 0 4 4
0 262 0 2
cob=(4)
cfi=(191)
cfn=(874) 0x000000000c7abd50
calls=1 0 
0 856 302 150 5 10 0 5 1
0 510 0 255
cob=(4)
cfi=(191)
cfn=(874)
calls=255 0 
0 10600 3833 1277 3 6 0 3
0 1085 0 272 1 0 16 1 0 16
cob=(4)
cfi=(191)
cfn=(884) 0x000000000c7aa040
calls=8 0 
0 3450 915 387 19 29 0 19 13
0 76 0 16 0 0 1 0 0 1
cob=(4)
cfi=(191)
cfn=(884)
calls=4 0 
0 1745 329 81 1 0 0 1
0 23 5 4 0 0 1 0 0 1
cob=(4)
cfi=(191)
cfn=(862)
calls=1 0 
0 24 10 4 0 1
0 2 0 0 2 0 0 2

fn=(926) std::__cxx11::moneypunct<wchar_t, true>::_M_initialize_moneypunct(__locale_struct*, char const*)
0 104 26 28 6 0 0 6

fn=(938) std::__timepunct<wchar_t>::_M_initialize_timepunct(__locale_struct*)
0 20 4 6 4 0 0 4
cob=(4)
cfi=(191)
cfn=(760)
calls=1 0 
0 22 7 2
0 110 27 25 10 3 0 10

fn=(944) std::__cxx11::messages<wchar_t>::messages(unsigned long)
0 14 1 5 2 0 1 2 0 1
cob=(4)
cfi=(191)
cfn=(760)
calls=1 0 
0 22 7 2
0 2 0 2
cob=(4)
cfi=(191)
cfn=(748)
calls=1 0 
0 5 2
0 4 3 1

fn=(1118) std::ios_base::_M_init()
0 104 16 48 2 1 0 2 1
cob=(4)
cfi=(191)
cfn=(720)
calls=8 0 
0 216 80 40

ob=(5) /usr/libexec/valgrind/vgpreload_core-amd64-linux.so
fl=(197) ???
fn=(3316) 0x0000000000001060
0 5 1 0 1 0 0 1

fn=(660) 0x0000000000001110
0 12 1 0 3 0 0 3

fn=(3306) 0x00000000000010d0
0 3 1 0 0 1 0 0 1

ob=(7)
fl=(205)
fn=(1118)
0 24 0 8
cob=(4)
cfi=(191)
cfn=(1120) 0x000000000c7aab20
calls=8 0 
0 825 293 142 4 7 0 4 1
0 16 0 8
cob=(4)
cfi=(191)
cfn=(1126) 0x000000000c7ab010
calls=8 0 
0 773 278 134 1 5 0 1 1
0 48 40 0 1 0 0 1

fn=(1130) std::locale::~locale()
0 48 24 0 1 0 0 1

fn=(1254) 0x00000000000bf990
0 16 3 3 2 1 1 2

ob=(5)
fl=(197)
fn=(3306)
0 6 2 2 0 1 0 0 1
cob=(4)
cfi=(191)
cfn=(3312) 0x0000000004054030
calls=1 0 
0 97 23 12 1 0 0 1
0 1 0 1
cfn=(3316)
calls=1 0 
0 5 1 0 1 0 0 1

ob=(7)
fl=(205)
fn=(1254)
0 35 5 16 2 1 3 2

ob=(5)
fl=(197)
fn=(3306)
0 3 2 1 1 0 0 1

ob=(7)
fl=(205)
fn=(1254)
0 6 1 3

fn=(3402)
0 15 5 0 0 2
cob=(4)
cfi=(191)
cfn=(3362)
calls=5 0 
0 355 125 55

ob=(1) /usr/lib/x86_64-linux-gnu/ld-linux-x86-64.so.2
fl=(16) ./elf/../sysdeps/x86/cpu-features.c
fn=(36) init_cpu_features.constprop.0
728 1 0 1 1 0 0 1
+23 1
-23 7 0 5
+3 1 0 1
+9 1 0 1 1 0 1 1 0 1
-8 1 0 1
+1 1 0 1
+9 1 0 1 0 0 1 0 0 1
+9 2 0 1
+3 6 0 0 1 0 0 1
+6 6 0 1
cfn=(38) get_common_indices.constprop.0
calls=1 431 
* 71 10 23 7 0 3 7 0 3
409 3
+1 2
+1 6 0 4 1 0 0 1
+5 2
+1 6 0 4 0 0 1 0 0 1
+5 2 0 0 1 0 0 1
+1 8 0 4
765 1 0 1
cfn=(42) update_active.constprop.0
calls=1 90 
* 202 41 43 19 1 1 19 1 1
+4 1 1
+42 1 1 0 1 0 0 1
-38 1 1
+15 1 1
-18 1
+41 1 0 1
-36 1 1
-5 1
+39 1 1
-39 1 0 1
+3 2
901 2 1 0 1 0 0 1
+7 2 0 1
+60 2 1
+7 2 1
+2 2 0 1
+4 2
+6 2 1 0 1 0 0 1
1156 1
758 1
1156 1
fi=(20) ./elf/../sysdeps/x86/dl-cacheinfo.h
1010 6 0 1
fe=(16)
755 1 0 0 1 0 0 1
1148 3 1 0 1 0 0 1
+1 2 0 1
+3 2
+1 2 0 1
+3 2
+7 1 0 1
+1 1 0 1
+1 1 0 1 1 0 0 1
+1 1 0 1
fi=(20)
861 2
964 1 1 0 1 0 0 1
+5 1 0 1
+11 1
-9 1 1
+4 1 0 1
+5 1
-16 1 0 1 0 0 1 0 0 1
+1 1 1
+15 1
-9 1 0 1
+2 1 1 0 1 0 0 1
-8 1 0 1
+1 1 1
+4 1 0 1
-4 1 0 1
+1 1 1
+5 1 0 1
-5 1 0 1
+1 1 1
+5 1 0 1
-5 1 0 1 1 0 0 1
+6 1 0 1
+37 2
-17 3 1
+8 2
+29 6 0 0 1 0 0 1
+9 2
+20 2 1 0 1 0 0 1
+13 2
-13 1
+6 1
+20 1
-20 1
+7 1
-7 1 0 1
+7 1 0 1
cfi=(11) ./elf/./elf/dl-tunables.c
cfn=(28) __tunable_get_val
calls=1 435 
* 17 4 1 0 2 0 0 2
* 1 1
+3 1 1
+2 2
-3 1
+1 3 1 1 1 0 0 1
+2 1
-2 1 0 1
+2 1 0 1
cfi=(11)
cfn=(28)
calls=1 435 
* 17 4 1 0 2 0 0 2
* 1 1
+12 1
+68 1 1
-68 1
-10 1
+78 2 1
-72 2 1 0 1 0 0 1
+72 1 0 1
-68 1
+68 1 0 1
-68 1 0 1
cfi=(11)
cfn=(28)
calls=1 435 
* 17 4 1 0 2 0 0 2
* 1 1
+5 1
-4 1
+4 1
-4 2
+55 1 0 0 1 0 0 1
-51 1
+51 1 0 1
-51 1 0 1
cfi=(11)
cfn=(28)
calls=1 435 
* 17 4 1 0 2 0 0 2
* 1 1
+5 1
-4 1
+4 1
-4 2
+37 1
-33 1
+33 1 0 1
-33 1 0 1 1 0 0 1
cfi=(11)
cfn=(28)
calls=1 435 
* 17 4 1 0 2 0 0 2
* 1 1
+7 1
-6 1 1
+6 1
+42 1 1
-42 2 0 1
cfi=(11)
cfn=(28)
calls=1 435 
* 17 4 1 0 2 0 0 2
+2 1 1
-2 1 1
+42 1
-40 1
-2 1 0 1 1 0 0 1
+26 10 1 6
cfi=(11)
cfn=(58) __GI___tunable_set_val
calls=1 162 
* 40 7 4 4 0 0 4
+6 3 2 0 1 0 0 1
+3 9 1 5
cfi=(11)
cfn=(58)
calls=1 162 
* 40 7 4
+2 10 2 5 1 0 0 1
cfi=(11)
cfn=(58)
calls=1 162 
* 40 7 4
+1 10 2 5 1 0 0 1
cfi=(11)
cfn=(58)
calls=1 162 
* 40 7 4
+1 11 1 5 1 0 0 1
cfi=(11)
cfn=(58)
calls=1 162 
* 40 7 4
+3 10 1 5 1 0 0 1
cfi=(11)
cfn=(58)
calls=1 162 
* 40 7 4
+8 1 1
fe=(16)
+13 2
fi=(20)
-10 1 1
fe=(16)
+10 1
fi=(20)
-9 1 0 1
-4 1 0 1
+1 1 1 0 1 0 0 1
+2 1 0 1
+2 1 1
-4 1 0 1
+1 1 1
+3 1 0 1
-3 1 0 1
+4 1 0 1
fe=(16)
+7 1 0 1
cfi=(11)
cfn=(28)
calls=1 435 
* 16 3 1 0 2 0 0 2
+3 4 0 1 1 0 0 1
cfi=(11)
cfn=(28)
calls=1 435 
* 18 4 1
+9 1 1
+4 1 1
-4 2
+55 1 1 0 1 0 0 1
-1 1 0 1
+1 1
+45 4 0 1
cfi=(11)
cfn=(28)
calls=1 435 
* 16 3 1 0 2 0 0 2
+2 4 0 1 1 0 0 1
cfi=(11)
cfn=(28)
calls=1 435 
* 16 3 1 0 1 0 0 1
+4 2 1
+3 4 1
+3 1 0 1 0 0 1 0 0 1
+35 3
-32 1 0 1
+32 1 0 1
cfi=(11)
cfn=(28)
calls=1 435 
* 18 4 1 0 2 0 0 2
+7 8 7
fi=(20)
1046 3 0 1 1 0 0 1
+3 1
+1 2 0 1 1 0 0 1
fe=(16)
1195 1
+1 1
-1 1
+1 2
+45 3 1 0 1 0 0 1
+27 2 0 1
-10 3 0 0 1 0 0 1
+1 3 0 0 1 0 0 1
+6 1
-3 2 1
fi=(20)
863 3 0 2 1 0 0 1
cfn=(50) handle_intel.constprop.0
calls=1 266 
* 443 51 20 13 6 0 13 6
+1 1
-1 1 0 1
+1 1 0 1
cfn=(50)
calls=1 266 
* 521 51 20 1 0 0 1
+4 1
-4 1 0 1
+1 2 0 2 1 0 0 1
+3 1 0 1
cfn=(50)
calls=1 266 
* 471 51 20
+2 1
-2 1 0 1
+2 1 0 1
cfn=(50)
calls=1 266 
* 463 51 20 1 0 0 1
+3 1
-3 1 0 1
+1 2 1 1
+2 1 0 1
cfn=(50)
calls=1 266 
* 433 51 20
+2 1
-2 1 0 1 1 0 0 1
+2 1 0 1
cfn=(50)
calls=1 266 
* 435 51 20
+2 1
-2 1 0 1
+2 1 0 1
cfn=(50)
calls=1 266 
* 496 51 20
+2 1
-2 1 0 1
+2 1 0 1
cfn=(50)
calls=1 266 
* 486 51 20
+2 1
-2 1 0 1
+2 1 0 1
cfn=(50)
calls=1 266 
* 488 51 20
+1 1 1 0 1 0 0 1
+2 1
-3 1 0 1
+1 1 0 1
+2 1 0 1
cfn=(50)
calls=1 266 
* 511 51 20
+2 1
-2 1 0 1
+2 1 0 1
cfn=(50)
calls=1 266 
* 513 51 20
+2 1
-2 1 0 1
+2 1 0 1
cfn=(50)
calls=1 266 
* 514 51 20
+2 4 1 0 1 0 0 1
-2 1 0 1
+2 2 0 2
cfn=(56) get_common_cache_info.constprop.0
calls=1 624 
* 206 22 18 12 0 0 12
1001 1 1
-6 3 3
+6 1
-6 2 1 1 1 0 0 1
+6 2
-6 2 1 1
+6 3 2
-1 2
fe=(16)
775 3 1 1 1 0 0 1
565 4 1 0 1 1 0 1 1
781 5
+37 2 0 0 1 0 0 1
+3 2 0 1
926 1 0 1
+1 2

fn=(38)
431 3 0 2 1 0 0 1
+4 4
+3 3 0 1 0 0 1 0 0 1
+5 2 0 0 1 0 0 1
-5 1 0 1
+5 1
-5 1 0 1
+4 1 0 1
+1 1 0 1
+1 4 0 1
+1 4 0 1
+1 3 0 1
+1 2 1 0 1 0 0 1
+7 2 1
+2 4 0 1
+5 1
-5 1 0 1
+5 1
-5 2 0 2
+5 1
+7 1 1 0 1 0 0 1
-7 4 0 4 0 0 1 0 0 1
+7 1
+1 3
+6 1 1
-6 4 0 4 1 0 1 1 0 1
+6 1
fi=(17) ./elf/../sysdeps/unix/sysv/linux/x86/dl-minsigstacksize.h
24 2 1 0 1 0 0 1
+3 2 1
+1 2 1
+37 3
+9 2 0 1 1 0 0 1
fe=(16)
490 3 3

fn=(42)
90 7 0 6 1 0 0 1
+4 1 1 0 1 0 0 1
+28 1 1
+9 1 1
-18 1 1
-10 1
-1 1
+25 1
-23 1 1
-1 1
-1 2 1
+19 1
-18 1
+24 1 0 0 1 0 0 1
+8 1 1
-31 1 0 1
+23 1
+3 1
-18 1
+9 1
+9 2 1
-18 1 1
+15 1 0 1
+3 2 0 1 1 0 0 1
+4 1
-13 1 1
+13 2 1
-22 1 0 1
+22 2 0 2
+5 1
-18 1 0 1
+18 1
-4 1 0 1
+4 3 1 1 1 0 0 1
+1 1 1
+2 1 1
+5 1 1
-7 2 0 1
+1 1 1
+1 1 0 1
-1 2 0 1 1 0 0 1
+5 1
+2 1 1 0 0 1 0 0 1
-2 4 1 1
+1 1
+1 1
-1 2 1
+1 1 0 1
-1 1 0 1
+3 2 0 0 1 0 0 1
+1 4 0 1
+14 2
+4 2 0 1
+1 2 0 1
-1 4 0 2 1 0 0 1
+1 2 0 1
+2 3
+91 1 1
-1 2
+17 4 1 0 1 0 0 1
+16 2 1
+5 1 1 0 1 0 0 1
-1 2 0 1
+4 4 1 1
+4 2
fi=(18) ./elf/../sysdeps/x86/get-isa-level.h
30 1 1
fe=(16)
389 2
+4 3 1 0 1 0 0 1
fi=(19) ./elf/../sysdeps/unix/sysv/linux/x86/dl-hwcap2.h
25 2 1
fi=(18)
+6 1
-3 1
+3 2
fe=(16)
402 1 0 1
+1 7 7
-92 3 0 0 1 0 0 1
+1 2
+5 1
-1 1
+10 1
-6 1
+2 1 0 1 1 0 0 1
-2 1 0 1
+3 1 0 1 0 0 1 0 0 1
+3 1
fi=(18)
32 3 1 0 1 0 0 1
+7 4
+1 3 1
+8 1
-1 1
+1 2 0 0 1 0 0 1
+3 4 1
+3 2
+9 5
fe=(16)
176 4 0 1 1 0 0 1
+6 2
+14 1 1
+12 3 0 1
-12 1
+12 1
-12 1
+2 1 0 0 1 0 0 1
+10 1
-10 2 1
-2 1 0 1
+2 1 0 1
+6 2
+4 1 0 1
-4 1
+2 1 1
-2 1 0 1
+2 3 0 1 1 0 0 1
+7 5 1 1
-24 1 0 1 1 0 0 1
-5 2 0 1
+4 1

fl=(80) ./elf/../sysdeps/x86_64/dl-cet.c
fn=(282) _dl_cet_check
361 5 0 1 1 0 0 1
-86 2
+2 2 1
-1 1 0 1
+6 1 1
+3 1 0 1 1 0 0 1
-3 1
+1 1
-1 1
+1 1
-1 1 0 1
+1 1 0 1
+5 2
+5 2
+3 1 0 1
+4 2
+5 2
-1 1
+9 2 0 0 1 0 0 1
157 1 1 0 0 1
-12 2 1 0 0 1
+12 2
-7 1
+24 2
+5 1 0 1
363 2 2
-61 2 0 0 1 0 0 1
+1 2

fn=(648) _dl_cet_setup_features
331 1 0 0 1 0 0 1
+3 2
+16 1 1 0 1 0 0 1

fl=(69) ./io/../sysdeps/unix/sysv/linux/fstatat64.c
fn=(228) fstatat
146 6
-55 6
+70 7
+1 1 1
-2 4 0 2 1 0 0 1
+1 4 2

fl=(255) ./elf/../sysdeps/x86_64/tls_get_addr.S
fn=(3388) __tls_get_addr
29 2 0 0 1 0 0 1
+1 2 2
+1 2 2 0 1 1 0 1 1
+2 2 2 0 0 1
+1 2
+1 2 2 0 0 1
+3 2
+1 2 2
+4 2
+1 2
+1 2 2
+1 2 2

fl=(75) ./elf/./elf/dl-version.c
fn=(258) _dl_check_map_versions
155 63 0 42 1 0 0 1
+15 21 7
+2 21 14
+2 21 7 7 1 1 0 1
+1 7 7
+2 14
+3 10 10
+4 10 5 0 0 4 0 0 4
-20 5 0 5
-8 5 0 5
+69 35 0 15 1 0 0 1
36 10 5
200 10 10
36 31 13 0 1 0 0 1
200 16 16
36 63 8
+1 60 60
-1 120
+2 219 0 73
cfi=(55) ./elf/./elf/dl-misc.c
cfn=(174) _dl_name_match_p
calls=73 +30 
* 6963 1591 369 2 0 0 2
* 172
208 26
+5 13 13 0 0 1 0 0 1
99 52 13 39 1 0 0 1
213 26
+4 26 26 0 0 7 0 0 7
+1 26 26
-1 13
+4 26 13 13
-3 52 39 0 1 0 0 1
-1 76 76 0 0 8 0 0 8
+1 76 76
-1 38
+4 76 38 38
-3 207 136
56 204 153
+8 102 51 0 1 0 0 1
+6 153 51
+16 51 51
+1 102
+2 51 51
+5 459 51 153 1 5 0 1 5
+14 1680 840 0 0 13 0 0 13
+12 2367 789 0 0 13 0 0 13
+4 789
-30 1578 789 0 0 31 0 0 31
231 204 51 0 1 0 0 1
+3 153 51
+5 38
-24 38
110 51 51 0 1 1 0 1 1
+3 204 51 102 0 2 0 0 2
cfi=(34) ./string/../sysdeps/x86_64/multiarch/../multiarch/strcmp-sse2.S
cfn=(98) strcmp
calls=51 -15 
* 2271 397 0 8 21 0 8 21
* 204 102 0 1 0 0 1
224 153 51
+1 3 0 1
cfi=(34)
cfn=(98)
calls=1 98 
* 68 9 0 0 1 0 0 1
* 2
+3 41 26 14 1 0 0 1
+15 39 13
+5 8
-50 8
+59 25 15 0 2 0 0 2
+3 10 10
+3 35 10 5
+3 25 5
+4 5
-7 20 5
+3 15 5
+4 136
-7 544 136 0 0 12 0 0 12
+3 413 136 5 0 5 0 0 5
+8 15 5
+6 12 6 6 1 0 0 1
fi=(28) ./elf/../include/rtld-malloc.h
44 6
fe=(75)
280 12
fi=(28)
44 6 6 6
cfi=(27) ./elf/./elf/dl-minimal-malloc.c
cfn=(72) __minimal_calloc
calls=6 +36 
* 239 36 28
fe=(75)
281 12 6 0 1 0 0 1
-2 6 0 6
fi=(28)
44 6
fe=(75)
281 6
+13 6 6
-3 6 0 6
+3 24 12 6 0 1 1
+2 12 0 0 1 0 0 1
+3 20 10
+4 39 13
+7 51
+1 51
-1 102 51
+1 51 0 51 0 0 17 0 0 17
+1 51 51
-2 51 0 51
+2 102 0 51 0 0 5 0 0 5
+1 153 51 51 0 0 1 0 0 1
+3 153 51
+5 38
-15 38 38
+2 38
-2 38
+2 38
-2 38
+2 76
-2 13 13 0 1 0 0 1
+2 13
-2 13
+2 13
-2 13
+2 26
+16 39 13 0 1 0 0 1
+5 8
-28 8
+71 12
+1 10 5
+1 10 5
+1 4 2
+19 63 56 0 1 0 0 1
164 2 0 2
-8 2 0 2
257 5
+77 10 0 0 1 0 0 1
+3 10 5
+4 141 141
+6 141 141
+1 141 141
+1 141 141
-1 282
+1 141
-1 141 0 141 0 0 38 0 0 38
+1 141 0 141
+1 141 0 141 0 0 16 0 0 16
+3 423 141
+4 141
-14 292 146 0 1 0 0 1
+10 39 11 0 1 0 0 1
+11 612
+1 408 204
+1 36 0 12
-32 2 0 0 1 0 0 1
-40 2 1
-20 3 1 0 1 0 0 1
377 4 3 0 1 0 0 1
+2 124 32
+1 60 0 0 1 0 0 1
+2 1 1
+1 2 0 0 1 0 0 1
-1 1
+1 1 0 1
cfi=(34)
cfn=(260) strncmp
calls=1 98 
* 55 6 0 5 1 0 5 1
* 2

fn=(256) _dl_check_all_versions
399 7 0 5 1 0 0 1
+4 5
-2 3
+4 42 7 7 1 0 0 1
cfn=(258)
calls=7 155 
* 26246 7710 1588 43 127 78 43 125 77
-2 7 7
+1 7
-1 14
+5 7 6 0 1 0 0 1

fl=(82) ./elf/./elf/dl-lookup.c
fn=(294) _dl_lookup_symbol_x
767 22644 0 11322 1 0 3 1
fi=(83) ./elf/../sysdeps/generic/dl-new-hash.h
74 1887 1887 0 0 918 0 0 766
fe=(82)
767 5661 0 5661 0 0 8 0 0 1
fi=(83)
77 3774
-8 1887 0 0 1 0 0 1
+1 3774
+10 1887 1887 0 0 26 0 0 26
+1 3774
-1 37899 37899 0 0 459 0 0 418
+1 75798
+20 38848
-2 38848
+6 38848
-3 77696
+2 38848
-30 38848 38848 0 0 471 0 0 427
+3 77696
fe=(82)
769 1887
+1 1887 0 0 1 0 0 1
+3 1887 0 1887 0 0 3 0 0 1
-4 1887 0 1887
+1 1887 0 1887
+7 7508 1867
+5 3774 3774 0 0 2
-2 3774 1887
+6 5661
-15 5661 1887 0 1 0 0 1
+15 15176 16 5661
+1 26418 13209 13209 1 0 4 1 0 1
cfn=(298) do_lookup_x
calls=1887 344 
* 693790 226151 90785 60 3786 34 60 1240 13
* 5661
+5 7548 3774 0 1 0 0 1
+23 1871 1871
+1 11206 1866
+7 1871 1871
-7 1871
+35 7484 1871
+14 5613 1871 0 1 9 0 1
+3 3742 1871
+17 3742 1871 1871
+2 16983 13209
fi=(83)
87 938 0 0 1 0 0 1
+1 938
+1 1876
+1 938
fe=(82)
794 112 32 0 1 0 0 1
+17 16 0 16 1 0 0 1
+1 32
+54 2 0 1 2 0 0 2

fn=(298)
344 28305 3774 18870 1 0 8 1 0 3
+6 1887 1887 0 1 3 0 1 1
+59 1887 0 1887
-58 1887 1887
fi=(84) ./elf/../sysdeps/generic/dl-protected.h
29 1887 1887
fe=(82)
409 1887
fi=(84)
29 1887 0 1887
fe=(82)
409 13209 3774 1887
-26 12346 6173 0 1 14 0 1
+4 12346 6173 0 0 2
+6 18519 6173 0 0 12 0 0 3
+8 6173 6173 0 0 21 0 0 6
-4 6173 0 6173
+1 6173 0 6173 1 0 0 1
+3 24692 12346 0 0 20 0 0 2
+1 12346 12346 0 0 6 0 0 1
+3 6173 6173
-3 6173 0 6173
+4 12346
+7 6173 6173
-3 12346 12346
-2 6173 6173 0 0 631 0 0 140
+5 18519
+3 43211
+99 12906 4302 4302
355 18519 18519 0 1 20 0 1 1
+3 12346 0 0 1 0 0 1
+4 12346
518 32 0 0 1 0 0 1
fi=(4) ./elf/../sysdeps/generic/ldsodefs.h
151 3742 1871 0 1 0 0 1
+1 5613
fe=(82)
473 3742 0 0 1 0 0 1
fi=(84)
29 3742
fe=(82)
480 9900 1871
+16 3578 1789 1789
+1 1789 0 1789
+1 1789
+21 14312 12523
-21 82
+21 784 686
-99 5769 0 0 1 0 0 1
-1 3846 3846 0 0 872 0 0 195
+2 3846
+2 1918 1918
+6 5754 0 3836 1 0 5 1 0 2
-6 1918
+6 15344 0 9590
+7 8775
-10 23975 4795 0 1 1498 0 1 478
+2 1878
+1 5634 1878 1878
-1 1878
+1 3756 1878 1878 0 0 5 0 0 2
-1 1878
+1 5634 3756 3756 0 0 2 0 0 1
+1 1878
-1 1878 0 1878
+1 1878 0 0 1 0 0 1
-1 11268 7512 1878
cfn=(300) check_match
calls=1878 70 
* 178897 51563 13184 20 540 12 20 307 5
+4 20594 9350 0 1 0 0 1
219 82 82 0 1 0 0 1
+2 82
-2 164 0 164
+2 82
-2 82 0 82
+2 82
+2 82 0 0 1 0 0 1
-2 246 82 164 0 2
cfi=(24) ./elf/../sysdeps/nptl/dl-tls_init_tp.c
cfn=(84) rtld_mutex_dummy
calls=82 43 
* 246 82
+2 82 82 0 0 2 0 0 1
+2 328 164
-1 81 81
+3 405 0 162 1 0 0 1
+1 81 81
-1 81 0 81
+1 81
-1 162
+1 162
-1 81 0 81
+1 162
-1 1675 0 254 1 0 0 1
+24 352
+3 95
+1 285
-23 176 176 0 0 67 0 0 43
-1 352 176 0 1 0 0 1
484 3678 1226 0 1 1 0 1
+4 1 0 1 1 0 0 1
fi=(28)
44 4 1 2
cfi=(27)
cfn=(72)
calls=1 +36 
* 29 4 3 0 1 1
* 1
fe=(82)
299 2
+3 1 0 1
-75 1 1
+70 1
+7 1 1
-7 1 1
+6 1 0 1 1 0 0 1
-76 1
+77 1 0 1
167 12
+1 6 0 0 1 0 0 1
308 5 2
-1 2 1
+1 405 162
-1 162 81
+19 246 82 82 1 0 0 1
+2 82 82
-2 82 0 82
+2 82 82 82
cfi=(24)
cfn=(84)
calls=82 43 
* 246 82
+2 164 164
+1 82 0 82
-1 82 0 82
+1 82
173 518 0 0 1 0 0 1
-2 84
+1 252
-3 332 166 0 1 2 0 1 2
+7 82 0 82
+1 82 0 82
+1 82 0 82
+1 82 0 82
315 328 82
467 97 49 0 1 0 0 1
+2 2
259 1134 567 0 1 0 0 1
+7 12 0 10 1 0 0 1
cfi=(55)
cfn=(584) _dl_higher_prime_number
calls=2 85 
* 159 14 0 2 4 0 2 2
fi=(28)
44 2
fe=(82)
266 2
fi=(28)
44 4 2 2
cfi=(27)
cfn=(72)
calls=2 +36 
* 58 8 6 0 1 1
* 2
fe=(82)
269 4
168 4 2
276 6 6 0 1 0 0 1
168 6 0 2
276 282
+1 276 92 0 1 11 0 1 2
+1 140 70
167 70
278 210 140
167 70
+1 70
-1 70
+1 210 70
+1 440 0 0 1 0 0 1
+2 14
+1 42
-3 168 84 0 0 56 0 0 56
+7 70 0 70
+3 70 0 70
-2 70 0 70
+3 70
+76 322 46 0 1 0 0 1
445 336 240 0 2 0 0 2
173 10 0 0 1 0 0 1
282 14 4 6 1 0 0 1
cfi=(27)
cfn=(144) __minimal_free
calls=2 97 
* 10 4
+4 2 2
167 2
285 6 4
-2 2 0 2
+3 2 0 2
167 2 2
285 2 0 2
-1 2
167 2
+1 2 2 0 1 0 0 1
-1 2
+1 8 2

fn=(300)
70 3756 1878 0 1 76 0 1 55
+3 15004 3756 0 0 219 0 0 171
+13 9365
-16 16857 0 7492 1 0 10 1 0 4
+19 4191 178 89
cfi=(34)
cfn=(98)
calls=89 +9 
* 4316 738 0 14 83 0 14 49
* 178
+4 3746 3746 0 0 10 0 0 3
+1 3746
+4 3738 0 0 1 0 0 1
+4 3738 3738 0 0 43 0 0 18
+1 16821 7476 0 0 18
+1 9335 3734 5601 1 8 2 1 0 1
cfi=(34)
cfn=(98)
calls=1867 -6 
* 61549 13197 0 0 80 0 0 10
* 3734 3734
+54 1867
-54 3734
+55 13111 9365
-1 4
-17 8
+2 8 8 0 0 3 0 0 1
+1 4 0 0 1 0 0 1
-1 8
+1 12
-1 8
+4 2
-35 7 3 1
+3 2 1 1
-37 6
+31 6 2
+1 2 2
+1 4 2
-38 20 0 0 1 0 0 1
+86 10 5

fl=(56) ./io/../sysdeps/unix/sysv/linux/open64_nocancel.c
fn=(182) __open_nocancel
28 24 0 12 1 0 0 1
+3 12
-3 36 0 12 0 0 2 0 0 2
+3 72
+8 84 0 0 1 0 0 1
+2 12 12
-2 18 0 6
+2 12 12

fl=(43) ./string/../sysdeps/x86_64/multiarch/../multiarch/strchr-sse2.S
fn=(122) index
32 29 0 0 1 0 0 1
+1 29
+1 29
+1 29
+1 29 0 0 1 0 0 1
+1 29
+1 29
+1 29
+1 29
+1 29 29 0 0 2 0 0 2
+1 29
+1 29
+1 29
+1 29
+1 29
+1 29
+1 29
+1 29
+1 24
+4 24
+1 24 0 0 1 0 0 1
+1 24 24
+1 24
+2 24 24
+4 5 5
+1 5
+1 5
+1 5
+1 5
+1 5
+1 5 5 0 0 1 0 0 1
+1 5
+1 5
+1 5
+1 5
+1 5 0 0 1 0 0 1
+1 5
+1 5 5 0 0 1 0 0 1
+1 5
+1 5
+1 5
+1 5
+1 5
+1 5
+1 5
+1 5
+1 5
+1 5
+52 5 0 0 1 0 0 1
+4 5
+1 5
+1 5 5
+1 5
+2 5 5

fl=(67) ./elf/./elf/dl-deps.c
fn=(218) _dl_map_object_deps
143 5 0 1 1 0 0 1
+1 2
-1 1
+1 1
-1 2 0 2
+1 1
-1 1 0 1
+1 1
-1 4 0 3 1 0 1 1 0 1
+1 3
-1 1 0 1
+1 7 0 0 1 0 0 1
-8 1 1
+8 2
-8 1
-6 1
-2 1 0 1 0 0 1 0 0 1
+16 1
-8 1
-7 1 0 1
+1 1 0 1
+6 1 0 1 1 0 0 1
+24 4
-28 3 0 1
-2 1
+31 1 1
-33 1 0 1
+32 1
-30 2
+30 1
-30 1
-1 4 0 1 1 0 0 1
+7 4 1 1
+24 3
+28 3 1 1
-6 1 1 0 1 0 0 1
-18 1 0 1
+22 1
fi=(74) ./elf/../include/scratch_buffer.h
77 3 0 2 0 0 1 0 0 1
+1 1 0 1
fe=(67)
184 1 0 1
+48 3 0 3 1 0 0 1
-35 1 1
-4 1 0 1
+4 8 6 0 0 1
-4 6 0 6
+4 12
+11 18 9 0 0 2 0 0 2
-18 2
+18 4 2
417 14 0 0 1 0 0 1
+2 5
+3 5
-3 15 0 10
+3 10 0 5
fi=(28)
56 5 5 5
cfi=(27)
cfn=(76) __minimal_malloc
calls=5 -20 
* 90 15 15
fe=(67)
423 10 5 0 1 0 0 1
fi=(28)
56 5
fe=(67)
423 5
+6 5 0 5
+1 15 0 5
cfi=(29) ./string/../sysdeps/x86_64/multiarch/memmove-vec-unaligned-erms.S
cfn=(80) memcpy
calls=5 210 
* 63 17 12 0 0 3 0 0 3
+1 30 5 5
cfi=(29)
cfn=(80)
calls=5 210 
* 63 17 12 0 0 2 0 0 2
+3 5 0 5
+1 5 0 5
+4 21 7 0 1 0 0 1
188 12 6
442 18 6
-1 7 7
+1 14
183 5 3
+27 20 15 0 1 0 0 1
+7 5 5
+4 5 5
-6 5 0 5 1 0 0 1
+1 5 0 5 0 0 1 0 0 1
+1 5 0 5
+4 5 5
-3 10 5 5
+3 10
+7 5
-38 10 0 10 1 0 0 1
+38 5
-9 5 0 5
-29 5 0 5
+38 5 0 5
-38 10
+32 300
+6 52 26 13
cfi=(31) ./elf/./elf/dl-load.c
cfn=(220) _dl_dst_count
calls=13 * 
* 655 116 65 2 3 1 2 3 1
* 39 0 0 1 0 0 1
+4 26 0 0 1 0 0 1
-2 13 0 13
+2 26 0 13
cfi=(53) ./elf/./elf/dl-catch.c
cfn=(164) _dl_catch_exception
calls=13 -24 
* 27175 5529 2810 107 180 197 107 180 197
+1 26 13
+9 13 13 0 1 0 0 1
+2 26 13
+5 25 0 5
+6 5 5
+2 5 0 5 1 0 0 1
-8 10
+3 5 0 5
+1 5 0 5
+1 5 0 5
+1 5 0 5
+4 5 5
-3 5 0 5
+3 15 0 5
+4 39 13 0 1 0 0 1
+1 27 0 9 0 0 1 0 0 1
-43 620 160
+7 26 0 0 1 0 0 1
+38 411 0 0 1 0 0 1
fi=(74)
85 3 2 0 1 0 0 1
fe=(67)
448 5 1 0 1 0 0 1
+1 1 0 1
+3 4 1 1 1 0 0 1
+11 5 1 2
fi=(28)
56 1 1 1 1 0 0 1
cfi=(27)
cfn=(76)
calls=1 -20 
* 18 3 3
fe=(67)
465 3 2
fi=(28)
56 1
fe=(67)
465 1
+5 3 2
+1 1 0 1
-1 2 0 1
+4 3 0 0 1 0 0 1
-2 2
+13 6
-7 6 6
+7 6
-1 6
+1 6 0 6 0 0 1 0 0 1
-1 6
+6 6 0 6
-16 18 6
+4 1 1 0 1 0 0 1
+7 1
-1 1
+1 1 0 1 0 0 1 0 0 1
-1 1
+6 1 0 1
-16 3 1
+21 3 1
+37 2 0 0 1 0 0 1
+15 1
+1 1
-15 2
+20 1 1 0 1 0 0 1
-1 4 0 1
+1 2 1 1 1 0 0 1
-1 5 1 1
cfi=(13) ./elf/./elf/dl-sort-maps.c
cfn=(248) _dl_sort_maps
calls=1 298 
* 439 115 67 12 1 0 12
+5 1 0 1
+2 1 1
+1 1 0 1
+1 2 1
-2 1 0 1 1 0 0 1
+2 1
+7 3 1
+3 2
+3 8 7
198 46 20 0 2 0 0 2
+3 5
fi=(74)
-70 15 0 5
cfi=(73) ./malloc/./malloc/scratch_buffer_set_array_size.c
cfn=(244) __libc_scratch_buffer_set_array_size
calls=5 30 
* 125 30 20 2 0 0 2
fe=(67)
+70 10
+4 10 5
547 5 0 3
cfi=(29)
cfn=(80)
calls=1 210 
* 19 5 4
* 3 2
-53 2 0 0 1 0 0 1
144 2 0 1 1 0 1 1 0 1

fn=(222) openaux
61 78 0 26 1 0 0 1
+7 13 13
-4 39 39
+1 13 13
-1 91 13 13
cfi=(31)
cfn=(170) _dl_map_object
calls=13 2213 
* 26005 5217 2472 106 180 193 106 180 193
* 13 0 13
+5 39 39

fl=(58) ./io/../sysdeps/unix/sysv/linux/fstat64.c
fn=(188) fstat
30 6 0 0 1 0 0 1
+9 24 0 0 1 0 0 1
+33 6 6

fl=(2) ./elf/./elf/rtld.c
fn=(168) map_doit
641 2 0 1 1 0 0 1
+2 1
-2 4 0 1 0 0 1 0 0 1
+2 1 1
+1 2 2
-1 2
+1 3 0 1
cfi=(31)
cfn=(170)
calls=1 2213 
* 2630 561 295 100 37 33 100 37 33
* 1 0 1
+2 3 3

fn=(2) _dl_start
519 10 0 7 1 0 2 1 0 2
84 1
fi=(6) ./elf/../sysdeps/x86_64/dl-machine.h
-29 1 0 0 1 0 0 1
fe=(2)
549 1 0 1 0 0 1 0 0 1
-4 1 0 1 0 0 1 0 0 1
fi=(6)
55 1
fe=(2)
+29 3 0 1 0 0 1 0 0 1
548 2 0 1
fi=(3) ./elf/./get-dynamic-info.h
45 4 1 0 1 1 0 1 1
+23 20 0 18 0 0 7 0 0 7
-23 72 18 0 0 5 0 0 5
+4 36
+3 5
-1 10
+3 20 0 0 1 0 0 1
+1 16
+1 5
fi=(4)
+23 1 1
fi=(3)
+31 1 1 0 1 1 0 1 1
-38 3
+12 4 1 1
+1 3 1 0 0 1 0 0 1
+1 4 1 1 1 0 0 1
+1 4 1 1
+1 5 1 1
+1 3 1
+1 4 1 1 1 0 0 1
+1 4 1 1
+12 7 2
+7 2
+13 3 2 0 1 0 0 1
+6 3 1
+1 3 2
+3 2 1 0 1 0 0 1
+1 3 1
+5 5 2
+3 5 2 0 1 0 0 1
fe=(2)
565 140 8 13 1 1 5 1 1 5
fi=(3)
59 4 0 0 2 0 0 2
fe=(2)
565 12 0 0 1 0 0 1
fi=(4)
79 1 1
fe=(2)
565 1 1
fi=(4)
79 2 0 0 1 0 0 1
fe=(2)
565 27 5 5 2 0 0 2
fi=(5) ./elf/./elf/do-rel.h
49 1 1
+4 1
-4 1
-1 1
+1 1
+4 4 2
+3 2
fe=(2)
565 1 1
fi=(5)
49 1 1
+4 1
-4 1
-1 1
+1 1
+4 4 2
+3 2
-6 8 0 0 1 0 0 1
+11 5
+2 1 1 0 1 0 0 1
fi=(6)
273 3
fi=(5)
63 1
+2 1 1
-1 2
fi=(6)
282 10 4 0 1 1 0 1 1
+4 2
+26 4
fi=(5)
61 3
fe=(2)
565 8
fi=(5)
51 1 1 0 1 0 0 1
fi=(4)
+28 2 1
fe=(2)
567 1 0 1 1 0 0 1
454 1 0 1 0 0 1 0 0 1
cfi=(7) ./elf/./elf/dl-minimal.c
cfn=(12) __rtld_malloc_init_stubs
calls=1 42 
* 10 1 4 1 0 2 1 0 2
+4 5 1 1 1 0 0 1
84 1
476 1
84 3 0 1
476 1 0 1
cfi=(8) ./elf/./elf/dl-setup_hash.c
cfn=(14) _dl_setup_hash
calls=1 25 
* 27 8 6 3 1 0 3 1
+1 1
+4 1
+9 1 0 1
-13 1 0 1 1 0 0 1
+19 1
-17 1 0 1 0 0 1 0 0 1
+2 1 0 1
+15 2 1 1
cfi=(9) ./elf/../sysdeps/unix/sysv/linux/dl-sysdep.c
cfn=(16) _dl_sysdep_start
calls=1 102 
* 1775009 466323 171490 1094 11200 2520 1094 7356 1788
* 1 0 0 1
+2 2 1
+87 9 7 0 1 2
fi=(3)
62 4 0 0 1 0 0 1
+2 4
+39 3 0 1 1 0 0 1
fe=(2)

fn=(262) init_tls
734 1 0 1 1 0 0 1
+6 1 1
-6 3 0 2
+2 2 1 1
+4 1
fi=(28)
44 1
fe=(2)
751 1
fi=(28)
44 1
fe=(2)
746 1 0 0 1 0 0 1
+4 1
fi=(28)
44 1 1 1
cfi=(27)
cfn=(72)
calls=1 +36 
* 29 4 3
fe=(2)
759 1
-10 1 0 1
-3 1 0 1
+10 1 0 1
+3 1 0 1
cfi=(48) ./elf/../elf/dl-tls.c
cfn=(266) _dl_tls_static_surplus_init
calls=1 133 
* 73 15 10 3 4 0 3 3
+3 1 0 1
cfi=(48)
cfn=(268) _dl_determine_tlsoffset
calls=1 251 
* 234 41 16 9 3 0 9 2
+7 1 0 1
cfi=(48)
cfn=(272) _dl_allocate_tls_storage
calls=1 517 
* 462 34 324 4 0 38 4 0 38
* 1
+1 2
+6 1 1
fi=(78) ./elf/../sysdeps/generic/dl-call_tls_init_tp.h
31 2 0 0 1 0 0 1
fe=(2)
776 1 0 1
fi=(78)
31 6 0 2
+2 1 0 1
cfi=(24)
cfn=(278) __tls_init_tp
calls=1 +36 
* 96 17 23 6 1 1 6 0 1
fe=(2)
783 1
-3 1 0 1
+3 4 4

fn=(64) dl_main
1356 2 0 1 1 0 0 1
196 1
1356 11 0 7 1 0 1 1 0 1
198 1 0 1
301 1 0 1
+1 1 0 1
196 1 0 1
+99 3 0 3
1368 1 0 1 0 0 1 0 0 1
cfi=(24)
cfn=(66) __tls_pre_init_tp
calls=1 54 
* 17 1 5 2 0 1 2 0 1
2745 1 1 0 1 0 0 1
2513 1 1
2745 3 0 1
2584 1 0 1 0 0 1 0 0 1
+2 1
+15 2
-13 2 0 1
cfi=(25) ./elf/./elf/dl-environ.c
cfn=(68) _dl_next_ld_env_entry
calls=1 28 
* 39 14 1 2 0 0 2
* 4 0 2
cfi=(25)
cfn=(68)
calls=2 28 
* 115 41 1
* 9 0 0 1 0 0 1
+4 6 2
-2 2
+2 8
+1 2
-1 6 2
+1 17
-1 89 17
+9 12 2 0 1 1 0 1 1
2712 2 1
+10 3 1
1378 1 1 0 1 0 0 1
+1 2 1
-1 2 1 1 0 0 1 0 0 1
+1 2 1
2673 3 1 0 1 0 0 1
-47 2 1 0 1 0 0 1
+10 2 1
1646 8 0 1 1 0 0 1
cfi=(26) ./elf/./elf/dl-object.c
cfn=(70) _dl_new_object
calls=1 59 
* 197 29 50 19 3 11 19 3 11
* 1 0 1
+2 2
+1 3 0 1 1 0 0 1
+6 1
-5 2 1 1
+1 3 2 1
+4 1 0 1
cfi=(26)
cfn=(82) _dl_add_to_namespace_list
calls=1 31 
* 33 9 8 3 1 0 3 1
+1 2 1
1095 1 1
-1 1 1 0 1 0 0 1
1361 1
1122 1
-21 2 2 0 0 1 0 0 1
+21 1
-19 1 0 1
+1 1 0 1
+18 1
-21 1 0 1 0 0 1 0 0 1
+21 2
+1 1 0 1 1 0 0 1
-1 1
-25 1
+22 1
+4 125 26 1 0 9 0 0 9
+33 10 10 0 1 1 0 1 1
-1 5 5
+1 20
-1 5
+2 10 5
+1 1 0 1
+2 15 5
+1 18
+1 2 0 1
+3 2 1
+1 2 1
-1 8 4 0 1 3 0 1 3
+1 8 4
+1 5 0 5
+4 10
-49 34 2 0 1 0 0 1
+88 24
+6 4 0 1
cfi=(31)
cfn=(88) _dl_process_pt_gnu_property
calls=1 842 
* 87 17 4 9 2 0 9 2
-7 30
+1 15 15
+6 15
-6 30
fi=(32) ./elf/../sysdeps/x86/dl-prop.h
149 6 3 0 1 0 0 1
fe=(2)
1127 1 0 0 1 0 0 1
-5 1
+5 2 1 1
-5 2
+21 1 1
-21 1
+21 1 1 0 0 1 0 0 1
+2 1 0 0 1 0 0 1
-3 1 0 1
+5 1
-2 1 0 1
-23 2
+10 2 2
-10 1
+10 1 0 1
+1 9 2 1 1 0 0 1
-11 2
+1 14 0 0 1 0 0 1
+80 1 1
-81 1
+81 2 1 1
-81 3
fi=(30) ./elf/../include/stackinfo.h
62 2 1
fe=(2)
1122 1
fi=(30)
62 6 0 1 1 0 0 1
fe=(2)
1122 4 1
1222 4 2 0 0 1 0 0 1
+3 3 2 0 1 0 0 1
+2 2 1
1679 1 0 1
cfi=(33) ./elf/./elf/dl-execstack-tunable.c
cfn=(94) _dl_handle_execstack_tunable
calls=1 24 
* 33 7 3 2 1 0 2 1
fi=(4)
96 3 1 0 1 0 0 1
+3 4 3
+1 1 1
fe=(2)
1685 3 1
+1 4 2 1 1 0 0 1
cfi=(34)
cfn=(98)
calls=1 98 
* 25 7 0 3 2 0 3 2
* 2
+13 2 1
+2 2
fi=(3)
39 4 2
+6 1 1 0 0 1 0 0 1
-2 1
+2 2
+23 29 0 29 0 0 8 0 0 8
-23 116 29 0 0 8 0 0 8
+4 58 0 0 1 0 0 1
+3 6
-1 12
+3 24 0 0 1 0 0 1
+1 20
+17 4 2
+43 2 1 0 1 0 0 1
+7 3 2
+1 4 3
+6 3 1
+18 4 2 0 1 0 0 1
+5 2 1 1 0 0 1 0 0 1
+2 2
+2 2
+2 2 0 0 1 0 0 1
+1 2 1 1
+3 4 2
+2 3 1 1
+1 2 0 0 1 0 0 1
+9 2 1
+6 2
+1 3 2 1
+3 3 2
fi=(4)
-88 4 2 0 1 0 0 1
fe=(2)
1714 2 1 1 1 0 0 1
cfi=(8)
cfn=(14)
calls=1 25 
* 27 8 6 0 1 0 0 1
+3 2 1
fi=(35) ./elf/./setup-vdso.h
24 2 1 0 1 0 0 1
fi=(38) ./elf/./dl-main.h
+85 2 2 0 1 0 0 1
fi=(37) ./elf/../sysdeps/unix/sysv/linux/dl-vdso-setup.h
-55 1 0 1
fi=(38)
+55 3 2 1
cfi=(31)
cfn=(110) _dl_init_paths
calls=1 680 
* 2207 465 343 69 5 14 69 5 14
fe=(2)
1742 3 1 1
cfi=(47) ./elf/./elf/dl-debug.c
cfn=(146) _dl_debug_initialize
calls=1 120 
* 21 5 4 3 1 0 3 1
+7 1 1 0 1 0 0 1
-5 1 0 1
-2 1
+7 1
+4 1 1
+1 1 1
+2 1 0 1
-3 3 0 1
+1 2 1 1
+3 1 0 1 1 0 0 1
1252 1 1 0 0 1 0 0 1
1755 1 0 1
1252 1
+1 2 1
+5 1 1
-3 2 1
+2 1 0 1 1 0 1 1 0 1
+11 1
-10 1 0 1
+3 1 0 1
+7 3
+4 1 1
-5 1
+5 3
-3 7
-1 14
+2 22 11 0 0 6 0 0 6
+2 4 4 0 1 2 0 1 2
+1 8 4
-1 8
+2 8
+5 4 4 0 0 1 0 0 1
-10 4
+10 8
-11 10
+18 1
+1 2 1
-1 2 0 0 1 0 0 1
223 1 1
fi=(4)
79 1 1
fe=(2)
224 1 1
-1 1 1
+1 1 0 0 1 0 0 1
fi=(4)
79 1 0 1
fe=(2)
224 3 1
1771 2 1 0 1 0 0 1
+4 1 0 1
1362 1 0 1
1776 2 1
+24 1 0 1
cfi=(48)
cfn=(148) _dl_count_modids
calls=1 228 
* 6 3 0 2 1 0 2 1
* 1 0 1 1 0 0 1
fi=(49) ./elf/../sysdeps/generic/dl-debug.h
29 4 2
+1 1 0 1
fe=(2)
1806 3 0 1
cfi=(47)
cfn=(152) _dl_debug_change_state
calls=1 104 
* 11 2 1 2 0 0 2
+1 1
+4 3 1 1
cfi=(51) ./elf/./elf/dl-audit.c
cfn=(156) _dl_audit_activity_map
calls=1 29 
* 5 2 0 2 0 0 2
+5 3 2 0 1 0 0 1
+2 1
+2 2 1
+9 2 1
+16 3 0 1
cfi=(66) ./io/../sysdeps/unix/sysv/linux/access.c
cfn=(216) access
calls=1 25 
* 9 1 1
* 2
+76 4 2 0 1 0 0 1
+16 3 1
84 1
1947 1
84 2
1947 1
84 1
1947 7 2 1 1 0 0 1
cfi=(67)
cfn=(218)
calls=1 143 
* 31082 6262 3254 157 187 211 157 185 211
91 1
1957 2 2
-4 1 1
+16 1 1
91 2
+9 2 0 1
1953 7 0 0 1 0 0 1
+1 1 1
-1 1
+1 1 0 1
-1 2
+1 6 6
-1 6
+1 6 0 6
-1 12
+4 1 0 1
+1 2
+1 1 0 1
+2 26 1 0 1 0 0 1
+1 18 6
+7 2 1
+1 1 1
-1 1 0 1 1 0 0 1
+1 2
+2 1
+2 2
+16 4 0 0 1 0 0 1
+1 2 1 1
+1 3 1
+10 1 0 1
+2 1 0 0 1 0 0 1
-1 3
+1 3
-1 1 0 1
+1 1 0 1
cfi=(53)
cfn=(252) _dl_receive_error
calls=1 190 
* 26374 7743 1611 50 127 78 50 125 77
+10 1 1
+1 2 1
+3 2 1 0 1 0 0 1
820 1 1
fi=(259) ./elf/../sysdeps/unix/sysv/linux/dl-osinfo.h
39 2 1
fe=(2)
822 1 0 1
fi=(259)
52 1 1
fe=(2)
831 1 0 1
+2 1 0 1
+5 1 0 1
2023 3 1 0 1 0 0 1
2222 2 1
+4 1 1
-4 1 0 1
+10 1 1
-6 1 0 1
+6 1 0 1
+3 2 1 0 1 0 0 1
+8 2 2
fi=(32)
36 2 2
+1 4 1
+16 11 3 0 1 0 0 1
-13 6 6
+9 12 6
-9 1 1
+9 28 7
+4 24 6 0 0 1
-16 14
+34 2 1 0 1 0 0 1
fe=(2)
2247 1
fi=(32)
71 1 0 1
cfi=(80)
cfn=(282)
calls=1 361 
* 45 6 7 4 2 0 4
fe=(2)
2247 2 1
+3 1 0 1 0 0 1
+5 2 1
84 1
2260 1 1
-1 2 2
84 3 0 0 1 0 0 1
2259 5 0 1
cfi=(81) ./elf/./elf/dl-reloc.c
cfn=(284) _dl_relocate_object
calls=1 343 
* 82769 21294 9128 199 565 231 199 552 229
91 3
+9 2 0 1 0 0 1
-16 2
2268 1 1 0 0 1
84 2
2268 1 1 0 1 0 0 1
+1 21 1 2
+2 14 14 0 1 4 0 1
+5 14 14 0 0 6
+2 14
+6 7 0 7
+2 56 14 7 1 7 0 1 1
cfi=(81)
cfn=(284)
calls=7 343 
* 1603925 425159 154423 100 9927 1791 100 6292 1072
+4 20 10 0 0 6
+1 6
-22 3
+22 3 0 3
cfi=(48)
cfn=(464) _dl_add_to_slotinfo
calls=3 1177 
* 81 24 12 4 3 2 4 0 1
-22 8 2 0 0 1
91 3 0 0 1 0 0 1
+1 2 0 1 0 0 1
2298 1 0 1
cfi=(48)
cfn=(586) _dl_tls_initial_modid_limit_setup
calls=1 1138 
* 43 10 1 1 1 1 1 1
+6 2 1
+4 4 1
+2 1 0 1 1 0 0 1
+7 4 1 1 0 1
cfi=(48)
cfn=(588) _dl_allocate_tls_init
calls=1 612 
* 322 79 52 11 10 4 11 0 4
+3 2 1
+4 3 2 0 1 1 0 1
+3 1 0 1
cfi=(180) ./elf/./elf/dl-find_object.c
cfn=(590) _dl_find_object_init
calls=1 578 
* 2439 471 183 22 92 9 22 0 7
+5 2 1
84 1
2336 4 3
84 3 0 0 1 0 0 1
2336 2 0 1
cfi=(81)
cfn=(286) _dl_relocate_object_no_relro
calls=1 207 
* 257 75 40 1 8 1 1
91 3
+9 2 0 1
2339 1 0 1
cfi=(182) ./elf/../sysdeps/nptl/dl-mutex.c
cfn=(600) __rtld_mutex_init
calls=1 30 
* 523 116 35 11 14 0 11 9
+1 2 0 1
cfi=(7)
cfn=(604) __rtld_malloc_init_real
calls=1 76 
* 3173 930 394 6 11 1 6 2
+3 2 0 1
cfi=(47)
cfn=(610) _dl_debug_post_relocate
calls=1 46 
* 718 220 88 3 8 0 3 2
+4 2 1 1 1 0 0 1
cfi=(81)
cfn=(612) _dl_protect_relro
calls=1 352 
* 35 8 3 3 0 0 3
+5 3 1 1
cfi=(185) ./elf/./elf/dl-call-libc-early-init.c
cfn=(614) _dl_call_libc_early_init
calls=1 27 
* 1514 174 201 26 49 37 26 27 36
+7 1 0 1
cfi=(9)
cfn=(636) _dl_sysdep_start_cleanup
calls=1 147 
* 2 1 0 1 0 0 1
+4 2 0 1
cfi=(47)
cfn=(212) _dl_debug_update
calls=1 94 
* 7 2 0 0 1
+1 2
-1 1
+1 1 0 1
cfi=(47)
cfn=(152)
calls=1 104 
* 11 2 1
+1 1
+3 3 0 1
cfi=(51)
cfn=(638) _dl_audit_activity_nsid
calls=1 41 
* 10 3 0 1 0 0 1
+4 1 0 1
cfi=(70) ./elf/./elf/dl-cache.c
cfn=(640) _dl_unload_cache
calls=1 508 
* 19 5 4 3 1 0 3
+5 8 7 0 0 1
225 2 0 0 1 0 0 1
-2 2 2
+2 2
2280 1 0 1 1 0 0 1
+1 1 1
-3 2
1762 1 1 0 1 1 0 1 1
1289 3 2 1 0 1 0 0 1
1762 1
fi=(3)
56 5 0 0 1 0 0 1
+3 4 0 0 1 0 0 1
fe=(2)
1976 1 1 0 1 1 0 1
-4 1 0 1
+4 2
+14 3 1
fi=(36) ./elf/../sysdeps/unix/sysv/linux/dl-vdso.h
40 2 1 0 1 0 0 1
+1 5 0 2 1 0 0 1
fi=(37)
-11 1 0 1
+3 1 0 1
+3 1 0 1
+3 1 0 1
+6 1 0 1
fi=(36)
+10 2 0 0 1 0 0 1
fe=(2)
1689 1 0 1 1 0 1 1 0 1
+1 1 0 1
+1 1 0 1
+2 2 1
+1 3 0 1
fi=(3)
72 3 2 0 1 0 0 1
+12 3 1
+1 5 2 1 1 0 0 1
+1 5 2 1
+1 5 2 1
+1 4 2 0 1 0 0 1
+1 5 2 1
+1 5 2 1
+1 5 2 1 1 0 0 1
+12 2 2
+7 1 1
-7 7 1 1 1 0 0 1
+7 2
fe=(2)
1752 4 2 1 2 0 0 2
2673 2 1 0 1 0 0 1
+2 1
+1 1 0 0 1 0 0 1
-1 1 0 1
+1 1 0 1
+1 1
2016 2 0 1 1 0 0 1
cfn=(262)
calls=1 734 
* 935 119 392 25 8 39 25 5 39
* 2 0 1 1 0 0 1
fi=(3)
62 4 0 0 1 0 0 1
+2 4 0 0 1 0 0 1
fe=(2)
2636 2 1 0 1 0 0 1
+2 2 0 1
+1 1
1925 10 0 0 1 0 0 1
84 1 0 0 1 0 0 1
1824 2 2 0 1 0 0 1
84 3
1824 2 0 1
cfn=(158) handle_preload_list
calls=1 852 
* 3079 724 371 123 41 43 123 41 43
* 1
91 3
+9 3 0 1
1925 6 0 1 2 0 0 2
+1 1
-1 1
+4 3 0 1
+1 1 1
+1 2
+1 2
-7 2

fn=(158)
852 11 0 7 1 0 1 1 0 1
+5 3 1
-58 2
+54 3 0 0 1 0 0 1
-54 4 0 2 0 0 1 0 0 1
-2 1
+2 3 0 2
+71 1
182 1 1
872 2 1
182 2
874 2 1
-14 3 0 1 2 0 0 2
cfi=(52) ./string/../string/strcspn.c
cfn=(160) strcspn
calls=1 32 
* 238 111 20 6 2 4 6 2 4
* 1
+1 3
+2 4 0 1
cfi=(29)
cfn=(80)
calls=1 210 
* 19 5 4 1 0 0 1
+1 2 0 1
-71 1 1
+6 4 2 0 1 0 0 1
-2 1 1
+2 1
-10 1 0 1 0 0 1 0 0 1
+6 1 0 1
-2 1 0 1
+6 1 0 1
cfi=(53)
cfn=(162) _dl_catch_error
calls=1 258 
* 2745 590 329 110 39 36 110 39 36
+1 3 1 0 1 0 0 1
+8 3 1
+67 1
-18 2 1
+21 9 7

fn=(254) version_check_doit
674 2 0 1 1 0 0 1
+2 1
-2 4 0 1
+2 3 2 1
cfi=(75)
cfn=(256)
calls=1 399 
* 26338 7730 1600 46 127 78 46 125 77
* 2
+4 3 3 0 1 0 0 1

fl=(24)
fn=(66)
54 4 0 0 2 0 0 2
+3 9 0 3 0 0 1 0 0 1
+5 2 0 1
+1 1 0 1
+2 1 1

fn=(84)
43 178
+2 356 178

fn=(278)
69 2 0 1 1 0 0 1
fi=(260) ./elf/../include/list.h
-25 1
fe=(24)
+25 2
fi=(260)
-26 1 1 0 0 1
fe=(24)
+27 1 1
+3 1
fi=(260)
-30 1 0 1
fe=(24)
+33 1
fi=(260)
-32 1 0 1
+1 1 0 1 1 0 0 1
+2 1 0 1
fe=(24)
+29 3 0 1
+13 1
+6 1
-18 2 0 1
+12 1
-11 1 0 1 1 0 0 1
+11 1
-10 1 0 1
+5 2 1 1
+11 1
-3 1 0 1
-3 1 0 1
+6 1
+16 4 0 1 1 0 0 1
cfi=(11)
cfn=(28)
calls=1 435 
* 18 4 1
fi=(79) ./elf/../sysdeps/unix/sysv/linux/rseq-internal.h
-11 1 1
-7 1 1
+7 2
+24 1 0 1
fe=(24)
-11 1 0 1
+6 2 1 1
+1 2 2
fi=(79)
-12 2 1 0 1 0 0 1
-15 2 0 1
+15 2
+4 1
-19 1 1
+19 3 0 2
cfi=(45) ./string/../sysdeps/x86_64/multiarch/../multiarch/memset-vec-unaligned-erms.S
cfn=(132) memset
calls=1 +25 
* 13 1 2 0 0 1 0 0 1
+4 1 1
+2 2
-6 1
+6 1
-2 1 0 1 1 0 0 1
+2 2 1
+1 2
fe=(24)

fl=(7)
fn=(606) lookup_malloc_symbol
61 8 0 4 1 0 0 1
+3 4
-3 12 0 4
+3 4 0 0 1 0 0 1
-3 4
+3 20 4 8
-1 4 0 4
+1 4 0 4
cfi=(82)
cfn=(294)
calls=4 767 
* 2977 875 349 0 11 0 0 2
+4 32 16
+1 24 12 0 1 0 0 1
+2 4 0 4
fi=(184) ./elf/./dl-sym-post.h
-30 8
+12 12 4
fe=(7)
+19 12 12

fn=(12)
42 1 0 0 1 0 0 1
+1 2 0 1 0 0 1 0 0 1
+1 2 0 1
+1 2 0 1
+1 2 0 1 0 0 1 0 0 1
+1 1 1

fn=(136) strsep
239 2 0 0 1 0 0 1
+3 6 2 0 0 1 0 0 1
+2 2 2
+1 4
+4 3 1
-2 3
+4 28
+5 84 28
-2 56 28 0 1 0 0 1
+13 1 0 1
+4 4 2
-22 14 14
+15 14
-15 30

fn=(604)
76 2 0 1 1 0 0 1
+10 1
+5 1
-15 3 0 2
+15 1
-15 5 0 3
+10 1 0 1
+2 1 0 1
+1 1 0 1
+2 1 0 1 1 0 0 1
cfn=(606)
calls=1 -30 
* 743 230 96 3 5 0 3
+1 3
-1 1
+1 1 0 1
cfn=(606)
calls=1 -31 
* 828 235 96
+1 3
-1 1
+1 1 0 1
cfn=(606)
calls=1 -32 
* 800 236 96 0 1 0 0 1
+1 3
-1 1
+1 1 0 1 1 0 0 1
cfn=(606)
calls=1 -33 
* 758 222 89 0 5 0 0 1
+5 1 0 1
+1 1 0 1
+1 1 0 1
+1 1 0 1 0 0 1
+1 8 7

fl=(23) ./elf/../misc/sbrk.c
fn=(62) sbrk
37 5 0 1 1 0 0 1
+3 1 1
+18 2
+4 2
+16 3 2 0 1 0 0 1

fl=(42) ./elf/./elf/dl-hwcaps_split.c
fn=(120) _dl_hwcaps_split_masked
51 110 0 66 2 0 0 2
-25 33 11
+36 5
-7 5
+7 35 35
-26 24
+5 27 0 9
cfi=(43)
cfn=(122)
calls=9 -9 
* 216 27 0 3 1 0 3 1
+1 18
+3 18 0 6
+11 6 6
+1 18 0 6
+1 12
-13 6 0 3
+11 3 3
+1 9 0 3
+1 6
-28 24 12 12 1 0 0 1
+4 54 12 0 0 1 0 0 1
+1 12 0 6 1 0 0 1
-1 30 6
+24 6 6
+9 12
-5 6 0 0 1 0 0 1
-2 6
+2 42 42
-19 6 0 3
cfi=(22) ./string/../sysdeps/x86_64/multiarch/../multiarch/strlen-sse2.S
cfn=(60) strlen
calls=3 +14 
* 51 6
* 3

fn=(124) _dl_hwcaps_split
25 2 0 0 1 0 0 1
+1 3 1
+1 1
+20 1 1

fl=(73)
fn=(244)
30 65 0 20 1 0 0 1
+4 5
+1 10
+10 10 5 0 1 0 0 1
+18 5
-17 5
+17 25 25

fl=(50) ./elf/./elf/dl-debug_state.c
fn=(154) _dl_debug_state
28 2 0 0 1 0 0 1
+1 2 2

fl=(81)
fn=(284)
343 8 0 0 1 0 0 1
+1 18 10
-1 30 0 12
+3 6 0 6 1 0 0 1
cfn=(286)
calls=6 207 
* 1686464 446395 163527 295 10490 2022 295 6844 1301
+7 18 6 0 0 2
+3 30 18
+3 6
-3 6
+3 6
+4 12
-15 18 18
+16 24 0 6 1 0 0 1
cfi=(144) ./misc/../sysdeps/unix/syscall-template.S
cfn=(462) mprotect
calls=6 117 
* 36 6 0 1 0 0 1
* 12

fn=(286)
207 56 0 35 1 0 0 1
+13 7
-13 28 0 14 1 0 0 1
+16 7
-16 7 0 7
+16 7
+3 21 7 0 0 1
+20 21 7 0 1 0 0 1
+1 14 7 0 1 6 0 1
-30 8 4
+33 8
+7 16 4 4 0 1
fi=(6)
78 12 4
+6 8 6 0 0 2
+4 6 2 0 0 2 0 0 2
+6 2 0 2
+9 4
+23 4 2 2 0 1
fi=(4)
-47 2 2
fe=(81)
296 4 2 0 0 1
fi=(4)
79 4
fe=(81)
296 4
fi=(4)
79 5 5 0 1 0 0 1
fe=(81)
296 10 5 0 0 3
fi=(4)
79 10
fe=(81)
296 11187 50 1099 3 13 203 3 7 201
fi=(4)
79 2 2
fe=(81)
296 2 2
fi=(4)
79 4
fe=(81)
296 282 66 48 3 18 0 3
190 16 0 10
296 2 2
fi=(5)
53 2
fe=(81)
296 2 2
fi=(5)
49 2 2
+31 2 2
-32 2
+1 2
+1 2
-1 2
+4 2 2
-3 4
+3 2 2
-3 4 0 2
+3 4
+27 4
fe=(81)
296 5 0 0 1 0 0 1
190 40 0 25
296 5 5
fi=(5)
53 5
fe=(81)
296 5 5
fi=(5)
49 5 5
+31 5 5 0 1 0 0 1
-32 5
+1 5
+1 5
-1 5
+4 5 5
-3 10
+3 5 5
-3 10 0 5
+3 10
+27 10 0 0 1 0 0 1
fe=(81)
296 7 7
fi=(5)
53 7
fe=(81)
296 7 7
fi=(5)
49 7 7 0 0 1
+31 7 7
-32 7
+1 7
+1 7
-1 7
+4 7 7
-3 14
+3 7 7
-3 14 0 7
+3 14
+27 14
+3 4
-11 14 2
fi=(6)
509 2254 1127
+4 2254
+3 3381 1127
+1 1127 0 1127 0 0 141 0 0 141
fi=(5)
83 3381
+2 4508 1127 0 1 422 0 1 422
-2 4 0 0 1 0 0 1
+13 4
fe=(81)
296 56 14 14 1 0 0 1
fi=(6)
725 42 21 0 1 0 0 1
+4 8 4
fe=(81)
298 28
+23 7 0 7
+3 14 7
+14 56 49 0 1 2 0 1
fi=(5)
105 36 0 0 1 0 0 1
+9 28
fi=(6)
493 5838 1946 0 0 490 0 0 487
+5 3892
+1 3892 3892 0 0 243 0 0 243
fi=(5)
114 1946
fi=(6)
499 3892 0 1946 0 0 523 0 0 516
fi=(5)
114 3892
+3 48 12 12 1 6 1 1
+3 40 20 10 0 3
+2 20 10 0 1 0 0 1
-49 18 6 6 0 0 1
fe=(81)
190 42 0 24 1 0 0 1
fi=(5)
-66 12 12 0 0 3 0 0 1
+1 6 6
-1 6
+5 6
-5 12 6 0 0 6 0 0 3
+1 18 0 6 0 0 1
+4 12 0 0 1 0 0 1
-5 7046 7046 0 0 969 0 0 969
+1 3523 3523
-1 3523
+5 3523
-5 7046 3523 0 0 964 0 0 242
+1 10569 0 3523
+4 7046
-2 3447
-1 10341 6894 3447
+1 6894 3447
-1 3447 0 3447
+1 3447
fi=(6)
262 6894
+7 6894 0 0 1 0 0 1
+4 6894
fe=(81)
170 13788 3447 0 0 1690 0 0 1341
fi=(4)
-18 10293 3431
fe=(81)
+19 6862
+3 6862 3431 0 0 4 0 0 1
+8 3616 0 0 1 0 0 1
-8 16248
+12 3608 3608 0 0 1
-3 1804 0 1804
+1 1804 0 1804 1 0 0 1
+2 7224 3616 0 0 1
-3 4 0 4
+1 4 0 4
+2 1824 8
+1 1808
-1 1808
+2 3616
-1 7232 1808 1808 0 52
+3 10848 3616 5424 1 0 1 1
cfi=(82)
cfn=(294)
calls=1808 767 
* 1296630 344127 128399 69 5167 20 69 2756 7
+4 1808 1808
-4 1808
+3 1808 1808
+1 10848 3616 1808 0 0 1
fi=(6)
+88 34235 13688 0 1 2 0 1
+4 6880
+26 20682 3447 0 0 5 0 0 2
418 8358 5572 2786 1 349 848 1 349 358
fi=(5)
141 8358 2786
fi=(6)
418 1278 639 639 0 0 267 0 0 66
fi=(5)
141 1961 639
-19 10605 3547 0 1 1 0 1
+33 12
+1 72 6 3 1 0 0 1
+1 291 97
+3 164 82 0 1 0 0 1
+2 82 82
+2 82 82
-4 82 82
+2 82
+1 82 82
-1 164 0 82
fe=(81)
+8 328 82 0 0 1
fi=(6)
286 164 0 0 1 0 0 1
471 164 164
+2 82 0 82
cfi=(15) ./elf/../sysdeps/x86/dl-get-cpu-features.c
cfn=(598) __x86_cpu_features
calls=1 76 
* 6 2 0 1 0 0 1
cob=(3) /usr/lib/x86_64-linux-gnu/libm.so.6
cfi=(179) ./math/../sysdeps/x86_64/fpu/multiarch/s_trunc.c
cfn=(580) trunc
calls=1 33 
* 7 3 0 2 0 0 2
cob=(3)
cfi=(178) ./math/../sysdeps/x86_64/fpu/multiarch/s_sincos.c
cfn=(576) sincos
calls=1 29 
* 8 4 0 1 0 0 1
cob=(3)
cfi=(177) ./math/../sysdeps/x86_64/fpu/multiarch/s_fmaf.c
cfn=(574) fmaf
calls=1 44 
* 6 3 0 2 0 0 2
cob=(3)
cfi=(150) ./math/../sysdeps/x86_64/fpu/multiarch/s_sin.c
cfn=(570) sin
calls=1 29 
* 9 4 0 1 0 0 1
cob=(3)
cfi=(176) ./math/../sysdeps/x86_64/fpu/multiarch/e_atan2.c
cfn=(566) __atan2_finite@GLIBC_2.15
calls=1 28 
* 9 4 0 2 0 0 2
cob=(3)
cfi=(175) ./math/../sysdeps/x86_64/fpu/multiarch/s_roundevenf.c
cfn=(564) roundevenf
calls=1 32 
* 7 3 0 2 0 0 2
cob=(3)
cfi=(174) ./math/../sysdeps/x86_64/fpu/multiarch/e_atanh.c
cfn=(560) __atanh_finite@GLIBC_2.15
calls=1 28 
* 10 4 0 2 0 0 2
cob=(3)
cfi=(173) ./math/../sysdeps/x86_64/fpu/multiarch/e_sinh.c
cfn=(556) __sinh_finite@GLIBC_2.15
calls=1 28 
* 10 4 0 2 0 0 2
cob=(3)
cfi=(172) ./math/../sysdeps/x86_64/fpu/multiarch/s_truncf.c
cfn=(554) truncf
calls=1 33 
* 7 3 0 1 0 0 1
cob=(3)
cfi=(171) ./math/../sysdeps/x86_64/fpu/multiarch/e_exp2f.c
cfn=(550) exp2f@@GLIBC_2.27
calls=1 29 
* 10 4 0 1 0 0 1
cob=(3)
cfi=(170) ./math/../sysdeps/x86_64/fpu/multiarch/s_expm1.c
cfn=(546) expm1
calls=1 28 
* 10 4 0 2 0 0 2
cob=(3)
cfi=(164) ./math/../sysdeps/x86_64/fpu/multiarch/e_asin.c
cfn=(542) __asin_finite@GLIBC_2.15
calls=1 29 
* 8 4 0 1 0 0 1
cob=(3)
cfi=(169) ./math/../sysdeps/x86_64/fpu/multiarch/s_roundeven.c
cfn=(540) roundeven
calls=1 32 
* 7 3 0 1 0 0 1
cob=(3)
cfi=(168) ./math/../sysdeps/x86_64/fpu/multiarch/s_floor.c
cfn=(538) floor
calls=1 33 
* 7 3 0 1 0 0 1
cob=(3)
cfi=(167) ./math/../sysdeps/x86_64/fpu/multiarch/s_floorf.c
cfn=(536) floorf
calls=1 33 
* 7 3 0 2 0 0 2
cob=(3)
cfi=(166) ./math/../sysdeps/x86_64/fpu/multiarch/s_fma.c
cfn=(534) fma
calls=1 49 
* 6 3 0 1 0 0 1
cob=(3)
cfi=(165) ./math/../sysdeps/x86_64/fpu/multiarch/s_sinf.c
cfn=(530) sinf
calls=1 28 
* 10 4 0 1 0 0 1
cob=(3)
cfi=(164)
cfn=(526) __acos_finite@GLIBC_2.15
calls=1 37 
* 8 4 0 2 0 0 2
cob=(3)
cfi=(163) ./math/../sysdeps/x86_64/fpu/multiarch/s_atan.c
cfn=(522) atan
calls=1 28 
* 9 4 0 2 0 0 2
cob=(3)
cfi=(162) ./math/../sysdeps/x86_64/fpu/multiarch/e_log.c
cfn=(518) __log_finite@GLIBC_2.15
calls=1 29 
* 9 4 0 2 0 0 2
cob=(3)
cfi=(161) ./math/../sysdeps/x86_64/fpu/multiarch/s_log1p.c
cfn=(514) __log1p
calls=1 28 
* 10 4 0 2 0 0 2
cob=(3)
cfi=(160) ./math/../sysdeps/x86_64/fpu/multiarch/e_log2f.c
cfn=(510) log2f@@GLIBC_2.27
calls=1 29 
* 10 4 0 1 0 0 1
cob=(3)
cfi=(158) ./math/../sysdeps/x86_64/fpu/multiarch/e_pow.c
cfn=(506) __pow_finite@GLIBC_2.15
calls=1 29 
* 8 4 0 2 0 0 2
cob=(3)
cfi=(157) ./math/../sysdeps/x86_64/fpu/multiarch/s_ceil.c
cfn=(504) ceil
calls=1 33 
* 7 3 0 2 0 0 2
cob=(3)
cfi=(156) ./math/../sysdeps/x86_64/fpu/multiarch/s_ceilf.c
cfn=(502) ceilf
calls=1 33 
* 7 3 0 1 0 0 1
cob=(3)
cfi=(155) ./math/../sysdeps/x86_64/fpu/multiarch/e_powf.c
cfn=(498) powf@@GLIBC_2.27
calls=1 32 
* 10 4 0 2 0 0 2
cob=(3)
cfi=(154) ./math/../sysdeps/x86_64/fpu/multiarch/s_sincosf.c
cfn=(494) sincosf
calls=1 28 
* 10 4 0 2 0 0 2
cob=(3)
cfi=(153) ./math/../sysdeps/x86_64/fpu/multiarch/e_log2.c
cfn=(490) log2@@GLIBC_2.29
calls=1 29 
* 10 4 0 2 0 0 2
cob=(3)
cfi=(152) ./math/../sysdeps/x86_64/fpu/multiarch/s_tan.c
cfn=(486) tan
calls=1 28 
* 9 4 0 2 0 0 2
cob=(3)
cfi=(151) ./math/../sysdeps/x86_64/fpu/multiarch/e_logf.c
cfn=(482) logf@@GLIBC_2.27
calls=1 29 
* 10 4 0 2 0 0 2
cob=(3)
cfi=(150)
cfn=(478) cos
calls=1 36 
* 9 4 0 2 0 0 2
cob=(3)
cfi=(148) ./math/../sysdeps/x86_64/fpu/multiarch/e_exp.c
cfn=(474) __exp_finite@GLIBC_2.15
calls=1 29 
* 9 4 0 2 0 0 2
cob=(3)
cfi=(147) ./math/../sysdeps/x86_64/fpu/multiarch/s_cosf.c
cfn=(470) cosf
calls=1 28 
* 10 4 0 2 0 0 2
cob=(3)
cfi=(145) ./math/../sysdeps/x86_64/fpu/multiarch/e_expf.c
cfn=(466) expf@@GLIBC_2.27
calls=2 29 
* 20 8 0 2 0 0 2
cob=(2) /usr/lib/x86_64-linux-gnu/libc.so.6
cfi=(143) ./string/../sysdeps/x86_64/multiarch/strncase.c
cfn=(458) strncasecmp
calls=1 31 
* 22 6 0 2 0 0 2
cob=(2)
cfi=(142) ./string/../sysdeps/x86_64/multiarch/mempcpy.c
cfn=(454) mempcpy
calls=1 33 
* 22 4 0 4 0 0 4
cob=(2)
cfi=(141) ./wcsmbs/../sysdeps/x86_64/multiarch/wcpncpy.c
cfn=(450) wcpncpy
calls=1 31 
* 18 4 0 3 0 0 3
cob=(2)
cfi=(140) ./string/../sysdeps/x86_64/multiarch/strspn.c
cfn=(448) strspn
calls=1 29 
* 7 3 0 2 0 0 2
cob=(2)
cfi=(138) ./string/../sysdeps/x86_64/multiarch/memchr.c
cfn=(444) memchr
calls=1 29 
* 21 4 0 2 0 0 2
cob=(2)
cfi=(137) ./string/../sysdeps/x86_64/multiarch/memmove.c
cfn=(440) memmove
calls=1 29 
* 22 4 0 4 0 0 4
cob=(2)
cfi=(136) ./string/../sysdeps/x86_64/multiarch/stpcpy.c
cfn=(436) stpcpy
calls=1 33 
* 19 4 0 2 0 0 2
cob=(2)
cfi=(135) ./debug/../sysdeps/x86_64/multiarch/memmove_chk.c
cfn=(432) __memmove_chk
calls=1 29 
* 22 4 0 4 0 0 4
cob=(2)
cfi=(133) ./wcsmbs/../sysdeps/x86_64/multiarch/wmemcmp.c
cfn=(428) wmemcmp
calls=1 29 
* 25 5 0 2 0 0 2
cob=(2)
cfi=(132) ./string/../sysdeps/x86_64/multiarch/strncpy.c
cfn=(424) strncpy
calls=1 29 
* 21 4 0 2 0 0 2
cob=(2)
cfi=(131) ./string/../sysdeps/x86_64/multiarch/strlen.c
cfn=(420) strlen
calls=1 29 
* 25 5 0 2 0 0 2
cob=(2)
cfi=(130) ./wcsmbs/../sysdeps/x86_64/multiarch/wcscat.c
cfn=(416) wcscat
calls=1 31 
* 18 4 0 2 0 0 2
cob=(2)
cfi=(129) ./string/../sysdeps/x86_64/multiarch/strcasecmp_l.c
cfn=(412) strcasecmp_l
calls=1 31 
* 22 6 0 3 0 0 3
cob=(2)
cfi=(128) ./string/../sysdeps/x86_64/multiarch/strcpy.c
cfn=(408) strcpy
calls=1 29 
* 19 4 0 2 0 0 2
cob=(2)
cfi=(126) ./wcsmbs/../sysdeps/x86_64/multiarch/wmemset.c
cfn=(404) wmemset
calls=2 31 
* 38 8 0 2 0 0 2
cob=(2)
cfi=(124) ./string/../sysdeps/x86_64/multiarch/memcmp.c
cfn=(400) bcmp
calls=1 29 
* 25 5 0 2 0 0 2
cob=(2)
cfi=(123) ./string/../sysdeps/x86_64/multiarch/strchrnul.c
cfn=(396) strchrnul
calls=1 31 
* 25 5 0 2 0 0 2
cob=(2)
cfi=(122) ./string/../sysdeps/x86_64/multiarch/strncase_l.c
cfn=(392) strncasecmp_l
calls=1 31 
* 22 6 0 3 0 0 3
cob=(2)
cfi=(120) ./string/../sysdeps/x86_64/multiarch/strcat.c
cfn=(388) strcat
calls=1 29 
* 19 4 0 2 0 0 2
cob=(2)
cfi=(119) ./wcsmbs/../sysdeps/x86_64/multiarch/wcscpy.c
cfn=(386) wcscpy
calls=1 60 
* 17 4 0 2 0 0 2
cob=(2)
cfi=(118) ./string/../sysdeps/x86_64/multiarch/strcspn.c
cfn=(384) strcspn
calls=1 29 
* 7 3 0 2 0 0 2
cob=(2)
cfi=(111) ./string/../sysdeps/x86_64/multiarch/stpncpy.c
cfn=(378) strcasecmp
calls=1 31 
* 22 6 0 2 0 0 2
cob=(2)
cfi=(115) ./string/../sysdeps/x86_64/multiarch/strncmp.c
cfn=(376) strncmp
calls=1 67 
* 22 6 0 3 0 0 3
cob=(2)
cfi=(113) ./wcsmbs/../sysdeps/x86_64/multiarch/wmemchr.c
cfn=(372) wmemchr
calls=2 31 
* 42 8 0 2 0 0 2
cob=(2)
cfi=(111)
cfn=(368) stpncpy
calls=1 31 
* 21 4 0 2 0 0 2
cob=(2)
cfi=(110) ./wcsmbs/../sysdeps/x86_64/multiarch/wcscmp.c
cfn=(364) wcscmp
calls=1 30 
* 25 5 0 3 0 0 3
cob=(2)
cfi=(109) ./string/../sysdeps/x86_64/multiarch/strrchr.c
cfn=(360) rindex
calls=1 28 
* 25 5 0 2 0 0 2
cob=(2)
cfi=(107) ./debug/../sysdeps/x86_64/multiarch/memset_chk.c
cfn=(356) __memset_chk
calls=1 29 
* 23 4 0 4 0 0 4
cob=(2)
cfi=(106) ./string/../sysdeps/x86_64/multiarch/strchr.c
cfn=(354) index
calls=1 65 
* 21 4 0 2 0 0 2
cob=(2)
cfi=(104) ./wcsmbs/../sysdeps/x86_64/multiarch/wcschr.c
cfn=(350) wcschr
calls=2 31 
* 50 10 0 2 0 0 2
cob=(2)
cfi=(102) ./string/../sysdeps/x86_64/multiarch/memcpy.c
cfn=(346) memcpy@@GLIBC_2.14
calls=1 29 
* 22 4 0 4 0 0 4
cob=(2)
cfi=(100) ./wcsmbs/../sysdeps/x86_64/multiarch/wcsncpy.c
cfn=(342) wcsncpy
calls=1 31 
* 18 4 0 1 0 0 1
cob=(2)
cfi=(99) ./string/../sysdeps/x86_64/multiarch/memrchr.c
cfn=(338) memrchr
calls=1 29 
* 25 5 0 2 0 0 2
cob=(2)
cfi=(98) ./debug/../sysdeps/x86_64/multiarch/memcpy_chk.c
cfn=(334) __memcpy_chk
calls=1 29 
* 22 4 0 4 0 0 4
cob=(2)
cfi=(96) ./debug/../sysdeps/x86_64/multiarch/mempcpy_chk.c
cfn=(330) __mempcpy_chk
calls=1 29 
* 22 4 0 4 0 0 4
cob=(2)
cfi=(95) ./wcsmbs/../sysdeps/x86_64/multiarch/wcslen.c
cfn=(326) wcslen
calls=1 29 
* 20 6 0 3 0 0 3
cob=(2)
cfi=(93) ./string/../sysdeps/x86_64/multiarch/memset.c
cfn=(322) memset
calls=1 29 
* 23 4 0 5 0 0 5
cob=(2)
cfi=(91) ./wcsmbs/../sysdeps/x86_64/multiarch/wcsnlen.c
cfn=(318) wcsnlen
calls=1 30 
* 20 6 0 3 0 0 3
cob=(2)
cfi=(90) ./string/../sysdeps/x86_64/multiarch/strcmp.c
cfn=(316) strcmp
calls=1 79 
* 20 6 0 3 0 0 3
cob=(2)
cfi=(89) ./string/../sysdeps/x86_64/multiarch/strpbrk.c
cfn=(314) strpbrk
calls=1 29 
* 7 3 0 1 0 0 1
cob=(2)
cfi=(87) ./string/../sysdeps/x86_64/multiarch/strnlen.c
cfn=(310) strnlen
calls=2 31 
* 50 10 0 2 1 0 2
cob=(2)
cfi=(85) ./string/../sysdeps/x86/cacheinfo.c
cfn=(306) __x86_cacheinfo
calls=1 86 
* 30 10 9 3 2 3 3 0 3
fi=(5)
156 82
fi=(6)
474 82 0 82 0 0 3 0 0 1
fi=(5)
156 170 0 0 1 0 0 1
-14 144 48 0 1 1 0 1
fi=(6)
395 48 16 0 1 0 0 1
+2 64 16
+4 16 16
+9 16 16
-9 32 16 0 1 2 0 1 2
+9 16 0 16 0 0 5 0 0 5
fi=(5)
141 32 16
fi=(6)
315 48 0 48
+3 48
+29 6 2
+11 2 2
-9 4 4
+9 2 0 2
fi=(5)
141 4 2
fi=(6)
341 8 0 0 1 0 0 1
+1 12 8 4 0 2 3 0 0 1
fi=(5)
141 8 4
-9 82 82
+1 82 0 82
-1 246 0 82
+2 82
fi=(6)
282 80 32 0 2 1 0 2 1
+3 12 0 12
+24 6 0 6
cob=(2)
cfi=(98)
cfn=(334)
calls=1 29 
* 22 4
cob=(2)
cfi=(107)
cfn=(356)
calls=1 29 
* 23 4
cob=(2)
cfi=(102)
cfn=(346)
calls=1 29 
* 22 4
cob=(3)
cfi=(178)
cfn=(576)
calls=1 29 
* 8 4 0 0 1
cob=(2)
cfi=(93)
cfn=(322)
calls=2 29 
* 46 8 0 0 3
* 24 12 0 1 0 0 1
fi=(5)
51 7 7 0 1 0 0 1
fi=(4)
+28 14 7
fe=(81)
296 79 0 3 2 0 0 2
fi=(6)
-14 410 164
fe=(81)
175 14605 1623 0 1 0 0 1
+3 1623 1623 0 1 0 0 1
-1 1623 0 1623
+19 1623 1623
-18 3246 0 1623
fi=(6)
290 12 0 0 1 0 0 1
+1 18 6
fi=(5)
171 4 2 0 1 0 0 1
-98 3 1 1 1 0 0 1
fe=(81)
190 5 0 3
fi=(5)
-17 3 2
+3 1
-3 4 0 1 1 0 0 1
+3 2
-3 15 10 0 0 2 0 0 2
+3 5
-3 20 0 5
+3 10
-2 12 12
+10 6 0 6
fi=(6)
+78 12
+7 12
+4 12
fe=(81)
170 24 6 0 1 3 0 1 3
fi=(4)
-18 18 6
fe=(81)
+19 12
+3 12 6 0 0 1 0 0 1
+8 12
-8 54 0 0 1 0 0 1
+12 12 12
-3 6 0 6
+1 6 0 6
+2 36 12 6 1 0 0 1
+4 24 6 6
-4 6
+4 18 6 12
cfi=(82)
cfn=(294)
calls=6 767 
* 3777 1131 432 1 48 0 1 9
+4 6 6
-4 6
+3 6 6
+1 36 12 6 1 0 0 1
fi=(6)
+88 39 12
+4 6
+26 36 6 0 1 1 0 1 1
418 6 0 6 0 0 2 0 0 2
fi=(5)
187 18 6
-16 18 6 0 1 0 0 1
+31 5 3
fe=(81)
+48 6 0 0 1 0 0 1
+7 12 3 3
-9 6 0 0 1 0 0 1
fi=(6)
+54 1621 0 0 1 0 0 1
fe=(81)
175 4863

fn=(612)
352 1 0 0 1 0 0 1
+1 3 1
+3 5 3 0 1 0 0 1
+3 1
-3 1
+3 1
+4 2
-11 1 0 1
+12 3
-12 3 0 1 1 0 0 1
+12 1
-12 1
+12 1 0 1
cfi=(144)
cfn=(462)
calls=1 117 
* 6 1
* 2
+6 3 3

fl=(34)
fn=(260)
98 1 0 0 1 0 0 1
+27 1
+1 1
+1 1
+1 1
+1 1
+2 1
+1 1
+2 1
+1 1
+21 1
+1 1
+44 1 0 0 1 0 0 1
+1 1
+1 1
+1 1
+1 1
+1 1
+1 1
+1 1
+1 1
+1 1
+1 1
+1 1
+2 1
+1 1
+1 1
+1 1 1 0 0 1 0 0 1
+1 1
+1 1
1613 1 0 0 1 0 0 1
+1 1 1
+1 1 1
+1 1
+1 1
+2 1
+1 1
+1 1
+1 1
+1 1
+1 1
+1 1
2095 1 0 0 1 0 0 1
+1 1
+1 1
+1 1
+1 2
+5 1
+3 1
+1 1
+2 1 1
+1 1 1 0 1 0 0 1
+8 1
+1 1 1

fn=(98)
98 2331 0 0 1 0 0 1
+33 2331
+1 2331
+2 2331
+1 2331
+21 2331
+1 2331
+1 1624
+1 1624
+1 1550 1550 0 0 87 0 0 37
+1 1550 1550 0 1 12 0 1 9
+1 1550 1550
+1 1550 1550
+17 1550
+1 1550
+1 1550
+1 1550
+1 1550
+1 1550
+1 1550
+5 26
+1 78
+9 26
+1 26
+1 26
+1 26
+1 26
+1 26
+1 26
+1 26
-7 781 0 0 1 0 0 1
+1 781
+1 781
+1 781
+1 781
+1 781
+1 781
+1 781
+1 248
+1 96
+1 96
+1 96
+2 96
+1 96
+1 96
+1 96 96 0 0 3 0 0 1
+1 96
+1 96
-5 152
+1 152
+1 152
+1 152 152 0 0 3 0 0 1
+1 152
+1 152
+10 559 559 0 2 6 0 2 1
+1 559
+1 559
+2 559 559 0 0 2 0 0 2
+6 559
+1 559
+1 559
+1 559
+1 559
+5 559
+2 548
+1 548
+1 1096
+8 548 548 0 2 6 0 2 1
+1 548 548 0 0 2 0 0 2
+3 548
+1 548
+1 548
+1 548
+1 548
+1 548
424 2 0 0 1 0 0 1
+1 2 2
+1 2 2
+1 2
+1 2
+2 2
+1 2
+1 2 0 0 1 0 0 1
+1 2
+1 2
+1 2
+1 2
+1 2 2
+3 2
+1 2
+1 2
+6 2
+1 2
+1 4
+4 2 0 0 1 0 0 1
+1 2
+3 2 2
+1 2 2 0 0 1 0 0 1
+1 2
+2 2
+1 2
+1 2
+4 2
+1 2
+1 2
+1 2
+1 2
+1 2 0 0 1 0 0 1
+69 2 0 0 1 0 0 1
+1 2 2
+1 2 2
+1 2
+1 2
+2 2
+1 2
+1 2 0 0 1 0 0 1
+1 2
+1 2
+1 2
+1 2
+1 2 2
+4 2
+1 2
+1 2
+6 2
+1 2
+1 4
+4 2 0 0 1 0 0 1
+1 2
+3 2 2
+1 2 2 0 0 1 0 0 1
+1 2
+2 2
+1 2
+1 2
+4 2
+1 2
+1 2
+1 2
+1 2
+1 2 0 0 1 0 0 1
+69 5 0 0 1 0 0 1
+1 5 5 0 0 2 0 0 1
+1 5 5
+1 5
+1 5
+2 5
+1 5
+1 5 0 0 1 0 0 1
+1 5
+1 5
+1 5
+1 5
+1 5 5
+4 5
+1 5
+1 5
+6 5
+1 5
+1 10
+4 5 0 0 1 0 0 1
+1 5
+3 5 5
+1 5 5 0 0 2 0 0 2
+1 5
+2 5
+1 5
+1 5
+4 5
+1 5
+1 5
+1 5
+1 5
+1 5 0 0 1 0 0 1
+69 2 0 0 1 0 0 1
+1 2 2
+1 2 2
+1 2
+1 2
+2 2
+1 2
+1 2 0 0 1 0 0 1
+1 2
+1 2
+1 2
+1 2
+1 1 1
+4 1
+1 1
+1 1
+6 1
+1 1
+1 2
+4 1 0 0 1 0 0 1
+1 1
+3 1 1
+1 1 1 0 0 1 0 0 1
+1 1
+2 1
+1 1
+1 1
+4 1
+1 1
+1 1
+1 1
+1 1
+1 1 0 0 1 0 0 1
+7 1
+1 1
+2 1
+1 1
+2 1 1
+1 1 1
+1 1
+2 1
+1 1
+1 1
+4 1
+1 1
+1 1
+1 1
+1 1 0 0 1 0 0 1
+1 1
+41 3 0 0 1 0 0 1
+1 3 3 0 0 1 0 0 1
+1 3 3 0 0 1
+1 3
+1 3
+2 3
+1 3
+1 3 0 0 1 0 0 1
+1 3
+1 3
+1 3
+1 3
+1 3 3
+4 3
+1 3
+1 3
+6 3
+1 3
+1 6
+4 3 0 0 1 0 0 1
+1 3
+3 3 3
+1 3 3 0 0 1 0 0 1
+1 3
+2 3
+1 3
+1 3
+4 3
+1 3
+1 3
+1 3
+1 3
+1 3 0 0 1 0 0 1
+69 7 0 0 1 0 0 1
+1 7 7 0 0 1
+1 7 7 0 0 1 0 0 1
+1 7
+1 7
+2 7
+1 7
+1 7 0 0 1 0 0 1
+1 7
+1 7
+1 7
+1 7
+1 5 5
+4 5
+1 5
+1 5
+6 5
+1 5
+1 10
+4 5 0 0 1 0 0 1
+1 5
+3 5 5
+1 5 5 0 0 1
+1 5
+2 5
+1 5
+1 5
+4 5
+1 5
+1 5
+1 5
+1 5
+1 5 0 0 1 0 0 1
+7 1
+1 1
+2 1
+1 1
+2 1 1
+1 1 1
+1 1
+2 1
+1 1
+1 1
+4 1
+1 1
+1 1
+1 1
+1 1 0 0 1 0 0 1
+1 1
+41 39 0 0 1 0 0 1
+1 39 39 0 0 3 0 0 1
+1 39 39 0 0 3 0 0 3
+1 39
+1 39
+2 39
+1 39
+1 39 0 0 1 0 0 1
+1 39
+1 39
+1 39
+1 39
+1 13 13
+4 13
+1 13
+1 13
+6 13
+1 13
+1 26
+4 13 0 0 1 0 0 1
+1 13
+3 12 12 0 0 1 0 0 1
+1 12 12 0 0 3 0 0 2
+1 12
+2 12
+1 12
+1 12
+4 12
+1 12
+1 12
+1 12
+1 12
+1 12 0 0 1 0 0 1
+7 1
+1 1
+2 1
+1 1
+2 1 1
+1 1 1
+1 1
+2 1
+1 1
+1 1
+4 1
+1 1
+1 1
+1 1
+1 1
+1 1
+13 1 0 0 1 0 0 1
+1 1
+1 1
+1 1
+13 1 1
+1 1
+1 1
+1 1
+9 40 0 0 1 0 0 1
+1 40 40 0 0 2 0 0 1
+1 40 40
+1 40
+1 40
+2 40
+1 40
+1 40 0 0 1 0 0 1
+1 40
+1 40
+1 40
+1 40
+1 30 30
+4 30
+1 30
+1 30
+6 30
+1 30
+1 60
+4 30 0 0 1 0 0 1
+1 30
+3 30 30
+1 30 30 0 0 1
+1 30
+2 30
+1 30
+1 30
+4 30
+1 30
+1 30
+1 30
+1 30
+1 30 0 0 1 0 0 1
+69 28 0 0 1 0 0 1
+1 28 28 0 0 5 0 0 3
+1 28 28 0 0 3 0 0 1
+1 28
+1 28
+2 28
+1 28
+1 28 0 0 1 0 0 1
+1 28
+1 28
+1 28
+1 28
+1 18 18
+4 18
+1 18
+1 18
+6 18
+1 18
+1 36
+4 18 0 0 1 0 0 1
+1 18
+3 18 18 0 0 2 0 0 1
+1 18 18 0 0 1 0 0 1
+1 18
+2 18
+1 18
+1 18
+4 18
+1 18
+1 18
+1 18
+1 18
+1 18 0 0 1 0 0 1
+69 27 0 0 1 0 0 1
+1 27 27 0 0 5 0 0 4
+1 27 27 0 0 3 0 0 2
+1 27
+1 27
+2 27
+1 27
+1 27 0 0 1 0 0 1
+1 27
+1 27
+1 27
+1 27
+1 10 10
+4 10
+1 10
+1 10
+6 10
+1 10
+1 20
+4 10 0 0 1 0 0 1
+1 10
+3 10 10 0 0 2 0 0 1
+1 10 10 0 0 3 0 0 3
+1 10
+2 10
+1 10
+1 10
+4 10
+1 10
+1 10
+1 10
+1 10
+1 10 0 0 1 0 0 1
+7 1
+1 1
+2 1
+1 1
+2 1 1
+1 1 1
+1 1
+2 1
+1 1
+1 1
+4 1
+1 1
+1 1
+1 1
+1 1 0 0 1 0 0 1
+1 1
+41 4 0 0 1 0 0 1
+1 4 4 0 0 2 0 0 1
+1 4 4 0 0 2 0 0 2
+1 4
+1 4
+2 4
+1 4
+1 4 0 0 1 0 0 1
+1 4
+1 4
+1 4
+1 4
+1 3 3
+4 3
+1 3
+1 3
+6 3
+1 3
+1 6
+4 3 0 0 1 0 0 1
+1 3
+3 3 3 0 0 1 0 0 1
+1 3 3
+1 3
+2 3
+1 3
+1 3
+4 3
+1 3
+1 3
+1 3
+1 3
+1 3 0 0 1 0 0 1
+69 25 0 0 1 0 0 1
+1 25 25 0 0 4 0 0 3
+1 25 25 0 0 3 0 0 1
+1 25
+1 25
+2 25
+1 25
+1 25 0 0 1 0 0 1
+1 25
+1 25
+1 25
+1 25
+1 15 15
+4 15
+1 15
+1 15
+6 15
+1 15
+1 30
+4 15 0 0 1 0 0 1
+1 15
+3 15 15 0 0 1
+1 15 15 0 0 2 0 0 2
+1 15
+2 15
+1 15
+1 15
+4 15
+1 15
+1 15
+1 15
+1 15
+1 15 0 0 1 0 0 1
+69 13 0 0 1 0 0 1
+1 13 13 0 0 2 0 0 1
+1 13 13
+1 13
+1 13
+2 13
+1 13
+1 13 0 0 1 0 0 1
+1 13
+1 13
+1 13
+1 13
+1 3 3
+4 3
+1 3
+1 3
+6 3
+1 3
+1 6
+4 3 0 0 1 0 0 1
+1 3
+3 3 3
+1 3 3 0 0 2 0 0 2
+1 3
+2 3
+1 3
+1 3
+4 3
+1 3
+1 3
+1 3
+1 3
+1 3 0 0 1 0 0 1
+69 51 0 0 1 0 0 1
+1 51 51 0 0 6
+1 51 51 0 0 7 0 0 1
+1 51
+1 51
+2 51
+1 51
+1 51 0 0 1 0 0 1
+1 51
+1 51
+1 51
+1 51
+2 26 26
+4 26
+1 26
+1 26
+6 26
+1 26
+2 52
+4 26 0 0 1 0 0 1
+1 26
+3 26 26 0 0 4
+1 26 26 0 0 2 0 0 1
+1 26
+2 26
+1 26
+1 26
+4 26
+1 26
+1 26
+1 26
+1 26
+1 26 0 0 1 0 0 1
+64 1
+1 1
+1 1
+1 2
+4 1
+2 1
+1 1
+1 1
+1 1
-5 683
+2 683
+1 683
+1 683
+1 683
-3 123 0 0 1 0 0 1
+1 123
+1 123
+1 123
+1 192
+5 96
+6 96 96
+1 96 96
+8 96
+1 96 96
-16 2235 0 0 1 0 0 1
+6 2235 2235
+1 2235 2235
+8 2235
+1 2235 2235

fl=(8)
fn=(14)
25 7 0 0 1 0 0 1
+3 21 7
+3 21 14
+1 14 7 7 1 7 0 1 7
+2 7 7 0 0 1 0 0 1
-1 7 7
+3 21
+1 7 0 7
+1 14 7
+2 7 0 7
-2 7 0 7
+3 14
+4 14
-2 7 0 7 1 0 0 1
+2 14 0 7
+5 7 7

fl=(66)
fn=(216)
25 1
+2 7 0 1
+4 1 1

fl=(39) ./elf/./elf/dl-hwcaps.c
fn=(112) _dl_important_hwcaps
171 6 0 3 1 0 0 1
+3 1
-3 3 0 2
+3 1
-3 6 0 4 0 0 1 0 0 1
+2 1 0 1
cfi=(40) ./elf/../sysdeps/x86_64/dl-hwcaps-subdirs.c
cfn=(114) _dl_hwcaps_subdirs_active
calls=1 29 
* 36 6 0 3 0 0 3
fi=(41) ./elf/./dl-hwcaps.h
43 1 0 1
fe=(39)
173 1 0 1 1 0 0 1
fi=(41)
45 1 0 1
+32 1 0 1
+1 1 0 1
+1 1
fe=(39)
-28 2 0 1
cfi=(42)
cfn=(120)
calls=1 * 
* 22 8 6 2 0 0 2
* 2
fi=(41)
-8 1 0 0 1 0 0 1
+2 1 0 1
-2 1 0 1
+34 2 1 1
+1 2 1 1
+1 1
fe=(39)
-25 2 2
-1 2
+1 2
+2 4
-5 4 0 2
cfi=(42)
cfn=(120)
calls=2 * 
* 128 28 19
* 2 0 1 1 0 0 1
cfi=(42)
cfn=(120)
calls=1 * 
* 125 22 15 6 2 0 6 2
* 6
+48 4 0 2
fi=(28)
-43 2 1 1
cfi=(27)
cfn=(76)
calls=1 -20 
* 18 3 3
fe=(39)
+45 2 1
-2 1 0 1
+2 1
fi=(41)
-58 3 0 1
fe=(39)
+61 1 0 1 1 0 0 1
fi=(41)
-59 1 0 1
fe=(39)
+66 1 0 1
fi=(41)
-65 1
fe=(39)
+65 2 0 1 1 0 0 1
cfi=(42)
cfn=(124)
calls=1 -86 
* 7 2 0 1 0 0 1
* 2
fi=(41)
-68 2
+2 1 0 1
-2 3 0 1
+34 2 1 1
+1 2 1 1
fe=(39)
+46 3
fi=(41)
-45 1
fe=(39)
+47 10 4 2 0 0 1 0 0 1
+1 4 2 2
+1 2
+1 2
-1 2 0 2
-4 4 0 2
cfi=(42)
cfn=(120)
calls=2 -73 
* 128 28 19
* 2 0 1 1 0 0 1
cfi=(42)
cfn=(120)
calls=1 -73 
* 125 22 15
* 6
+8 4 1 0 1 0 0 1
+9 3 1
+3 1 1
-3 9 0 7 1 0 0 1
+1 7 1 1
+8 2 2
+4 2 2
-4 2 0 0 1 0 0 1
+4 3 0 1
cfi=(44) ./string/../sysdeps/x86_64/multiarch/../multiarch/memcmp-sse2.S
cfn=(126) bcmp
calls=1 -95 
* 19 5 0 2 0 0 2
+1 2
+1 1
+4 1 1
+1 2 1
+1 1 0 1
-20 2
+19 1 0 1
+1 1 0 1
-20 3 1 0 1 0 0 1
-1 8 6
+47 4 1 2 1 0 1 1 0 1
-3 1
+7 1 1
-7 1
+7 1
fi=(28)
56 1 1 1
cfi=(27)
cfn=(76)
calls=1 -20 
* 18 3 3
fe=(39)
193 2 1
fi=(28)
56 1
fe=(39)
193 1
-9 1
fi=(41)
43 1 0 1
fe=(39)
+36 1 0 0 1 0 0 1
200 1
-16 1 0 1
+17 1 1
79 1
fi=(41)
-34 1 0 1
fe=(39)
201 1 1
fi=(41)
77 1 0 1
+1 1 0 1
fe=(39)
201 3 0 1
fi=(41)
79 1
fe=(39)
-3 2 0 1 1 0 0 1
cfi=(42)
cfn=(120)
calls=1 -25 
* 22 8 6
* 2 0 0 1 0 0 1
fi=(41)
-33 1
+2 1 0 1
fe=(39)
+34 2
fi=(41)
-36 1 0 1
+34 2 1 1
+1 2 1 1
+1 1
fe=(39)
-1 2 0 2
+1 4 2
+7 2
-7 8 2 6 0 0 1 0 0 1
cfi=(29)
cfn=(128) mempcpy
calls=2 197 
* 26 6 4 1 0 0 1
+4 2 0 2
+2 2 2
+2 2
-2 4 0 2
-9 4 0 2
cfi=(42)
cfn=(120)
calls=2 -25 
* 128 28 19
* 2 0 1 1 0 0 1
cfi=(42)
cfn=(120)
calls=1 -25 
* 125 22 15
* 6 0 0 1 0 0 1
212 2 2
-5 2 1 1
+1 1 0 1
+4 1 0 1
+3 9 7

fl=(45)
fn=(132)
137 13 0 0 1 0 0 1
+1 65
+5 13
+1 13
+3 6
+1 6
+2 2 0 2 0 0 2 0 0 2
+1 2 0 2
+1 2 2
+84 4 0 4 1 0 3 1 0 3
+1 4 0 4
+12 4
+3 4
+1 4
+12 4 0 4 0 0 1 0 0 1
+1 4 0 4 0 0 2 0 0 2
+13 4
+1 4
+2 4
+3 3
+3 6
+3 3 0 3
+1 3 0 3
+1 3 0 3 0 0 1 0 0 1
+1 3 0 3 0 0 1 0 0 1
+1 3
+1 3
+1 3
-6 89 0 89 0 0 35 0 0 35
+1 89 0 89
+1 89 0 89 0 0 49 0 0 49
+1 89 0 89 0 0 5 0 0 5
+1 89
+1 89
+1 89
+3 4 0 4 0 0 1 0 0 1
+1 4 0 4
+1 4 0 4
+1 4 0 4
+5 4 4
+46 7 0 0 1 0 0 1
+2 7
+1 7
+39 7 0 7 1 0 2 1 0 2
+1 7 0 7 0 0 1 0 0 1
+2 7 7

fl=(29)
fn=(128)
197 27
+1 27
+1 27
+1 27
+17 27
+1 27
+2 8 8 0 0 1
+1 8
+1 8
+2 2 2
+1 2 0 2
+1 2 0 2
+2 2 2
+80 19
+1 19
+2 6
+4 6
+1 6
+1 6
+8 6 6
+39 13 13 0 1 0 0 1
+1 13 13
+1 13 0 13 0 0 1 0 0 1
+1 13 0 13
+1 13 13
+7 6 6 0 0 1
+1 6 6
+1 6 0 6 0 0 2 0 0 2
+1 6 0 6 0 0 2 0 0 2
+1 6 0 6 0 0 2 0 0 2
+1 6 0 6
+1 6 6
+11 6
+1 6
+2 6 6
+1 6
+1 6

fn=(80)
210 31 0 0 2 0 0 2
+1 31
+6 31
+1 31
+2 22 22
+1 22
+1 22
+2 6 6
+1 6 0 6 0 0 3 0 0 3
+1 6 0 6
+2 6 6
+80 9 0 0 1 0 0 1
+1 9
+2 1
+4 1
+1 1
+1 1
+1 1 1 0 0 1 0 0 1
+1 1
+4 1 0 1 0 0 1 0 0 1
+2 1 1
+39 8 8
+1 8 8
+1 8 0 8 0 0 6 0 0 6
+1 8 0 8 0 0 1 0 0 1
+1 8 8
+7 16 16
+1 16 16
+1 16 0 16 0 0 3 0 0 3
+1 16 0 16 0 0 1 0 0 1
+1 16 0 16 0 0 2 0 0 2
+1 16 0 16
+1 16 16
+11 16 0 0 1 0 0 1
+1 16
+2 16 16
+1 16 0 0 2 0 0 2
+1 16

fl=(53)
fn=(162)
258 6 0 3 1 0 0 1
+2 1 0 0 1 0 0 1
-2 1
+2 1
-2 2 0 1
+2 1
-2 1
+2 1 0 1
cfn=(164)
calls=1 -52 
* 2717 582 321 108 39 36 108 39 36
* 1
+1 2 1 1
+1 1 1
+1 1 1
-1 1 0 1
+3 1
-2 1 0 1
+2 6 5

fn=(164)
208 84 0 42 2 0 2 2 0 2
58 14 14 0 0 1 0 0 1
208 28 0 28 0 0 1 0 0 1
+3 28
+21 70 0 14 1 0 1 1 0 1
58 28
239 42 0 14
cfi=(54) ./setjmp/../sysdeps/x86_64/setjmp.S
cfn=(166) __sigsetjmp
calls=14 31 
* 336 70 126 2 0 2 2 0 2
* 42 0 0 1 0 0 1
+2 42 28 14
cfi=(67)
cfn=(222)
calls=13 61 
* 26291 5334 2524 107 180 193 107 180 193
cfi=(2)
cfn=(168)
calls=1 641 
* 2649 567 299 101 37 34 101 37 34
69 14 14
+1 14 14
-1 14
+1 14 0 14
243 56 14 28
-25 14
+34 42 42
59 28 14 14 1 1 0 1 1
+11 42 0 14

fn=(252)
190 2 0 1 1 0 0 1
58 1 1
190 3 0 2
+2 1 1
58 1
+1 1 1 0 1 0 0 1
+11 1 0 1
196 1 0 1
+2 2 0 1
cfi=(2)
cfn=(254)
calls=1 674 
* 26353 7735 1603 48 127 78 48 125 77
69 2 1
+1 1 0 1
201 1 0 1
+1 4 4

fl=(13)
fn=(248)
298 24 0 12 3 0 0 3
+8 2 2 0 0 2 0 0 1
-8 2 0 2 0 0 1
+8 4
-95 2 0 0 2 0 0 2
-28 2
-2 2 0 2
+1 2 2
+29 2
-28 8
+1 2 2 0 2 0 0 2
-1 2
+1 2 0 2
-1 4
+1 12 12
-1 12
+1 12 0 12
-1 24
+28 28 0 2 2 0 0 2
+8 10 2 2
-3 8 0 4
+2 8 0 2 2 0 0 2
+3 44
+2 14 14
-83 70 14 28 0 0 1
cfn=(250) dfs_traversal.part.0
calls=14 -5 
* 502 144 56 8 12 0 8 12
+86 56 28 0 2 0 0 2
+18 14 6
+19 6 0 2 2 0 0 2
cfi=(29)
cfn=(80)
calls=2 -53 
* 38 10 8 3 0 0 3
+13 8 2
+7 2 0 0 2 0 0 2
+27 16 14

fn=(26) _dl_sort_maps_init
289 2 0 1 1 0 0 1
+1 2
-1 2 0 0 1 0 0 1
+1 2 0 1
cfi=(11)
cfn=(28)
calls=1 435 
* 18 4 1 2 2 0 2 2
+2 3 1
-1 1 0 1
+2 2 2

fn=(250)
135 70 0 14 2 0 0 2
+10 14 14 0 0 5 0 0 5
-2 14 0 14
+2 28 0 0 2 0 0 2
+2 44 11 0 0 5 0 0 5
-7 22 11
+7 129 35 0 0 2 0 0 2
-7 48 24
+16 28 0 0 2 0 0 2
+15 42 14 14
+1 14 0 14 1 0 0 1
+1 28 28
-17 21 7 0 1 0 0 1

fl=(206) ./elf/../sysdeps/x86_64/dl-trampoline.h
fn=(712) _dl_runtime_resolve_xsave
39 68 0 0 1 0 0 1
+5 68 0 68
+3 68
+2 68
+10 68 68 0 1 2 0 1 1
+6 68 0 68 0 0 2
+1 68 0 68
+1 68 0 68
+1 68 0 68
+1 68 0 68
+1 68 0 68
+1 68 0 68
+4 68
+1 68
+3 68 0 68 0 0 3
+1 68 0 68
+2 68 0 68 1 0 0 1
+1 68 0 68
+1 68 0 68
+1 68 0 68
+1 68 0 68
+1 68 0 68
+2 68 0 2312 0 0 19
+7 68 68
+1 68 68
+1 68 0 68 0 0 2
cfi=(207) ./elf/./elf/dl-runtime.c
cfn=(714) _dl_fixup
calls=68 -52 
* 55182 15535 5746 11 671 34 11 157 9
+1 68 0 0 1 0 0 1
+5 68
+1 68
+1 68 2448
+2 68 68
+1 68 68
+1 68 68
+1 68 68
+1 68 68
+1 68 68
+1 68 68
+2 68
+2 68 68
+4 68
+2 68

fl=(57) ./io/../sysdeps/unix/sysv/linux/read_nocancel.c
fn=(184) __read_nocancel
25 5 0 0 1 0 0 1
+1 20
+1 5 5 0 1 0 0 1

fl=(22)
fn=(60)
57 30 0 0 1 0 0 1
+44 30
+1 30
+1 30
+1 30
+1 30
+1 30
+1 30 0 0 1 0 0 1
+2 30
+2 30
+31 30 30 0 0 5 0 0 5
+1 30
+1 30
+1 30
+1 30
+1 15
+2 15 15
+4 15
+1 15 15
+1 15 15
+1 15 15
+1 15
+1 15
+1 15
+1 15 0 0 1 0 0 1
+1 15
+1 15
+1 15
+1 15
+5 120 15

fl=(27)
fn=(72)
80 17 0 0 1 0 0 1
+4 17
-4 68
+7 17
+1 51
fi=(28)
-32 17 17
cfi=(27)
cfn=(76)
calls=17 -20 
* 485 85 79 11 3 4 11 1 2
fe=(27)

fn=(144)
97 3 0 0 1 0 0 1
+2 12 6

fn=(76)
36 42 0 0 1 0 0 1
+1 126 42 0 0 3
+11 123 41
+3 41
-3 41 0 41
+3 82
-3 2
+3 1
-3 1 0 1
+3 158 0 0 1 0 0 1
+5 12 3
+1 6
-21 3 0 3
+24 9
-24 9 0 3
+24 3
-24 3 0 3
+23 3
+1 6 0 0 1 0 0 1
-24 3
+24 3 0 3
cfi=(60) ./misc/../sysdeps/unix/sysv/linux/mmap64.c
cfn=(192) mmap
calls=3 -13 
* 78 12 9 3 0 1 3 0 1
+2 6
+2 15 0 6
cfi=(61) ./misc/../sysdeps/unix/sysv/linux/setvmaname.c
cfn=(194) __set_vma_name
calls=3 -4 
* 56 15 7 3 1 0 3 1
+1 12 6
+2 3
+4 3
-1 3 0 3
-3 3 0 3
+4 3 0 3
+2 15 12
-3 39 0 39 1 0 4 1 0 1
+1 39 0 39
+2 39 39
-30 1 1 0 1 0 0 1
-1 1
+1 1
+1 2
-2 2 0 1
+28 4 2

fl=(52)
fn=(160)
32 5 0 1 1 0 0 1
+1 3 1 0 0 1 0 0 1
+1 2 1
+5 6 0 4 1 0 1 1 0 1
+1 4 0 4 0 0 1 0 0 1
+1 4 0 4 0 0 1 0 0 1
+1 4 0 4 1 0 1 1 0 1
+2 1
+3 3 1 1
+1 2
-1 6 2 2
+1 4
+3 4 2
+1 4 2 0 1 0 0 1
+1 4 2
+1 4 2
+2 3
+6 1 1 0 1 0 0 1
-1 1
+1 1 1
+2 2 2
-1 2 2
+2 1 1
+2 6 1
-5 11 11 0 0 1 0 0 1
-1 11
+1 11 11
+2 22 22
-1 22 22
+2 11 11
+2 66 11
+2 1
+1 2
+1 1 1 0 1 0 0 1
-1 2
+1 1 1

fl=(51)
fn=(638)
41 3 0 0 1 0 0 1
+4 6
+1 3 3 0 2 1 0 2 1
-1 3 3
+2 15 3

fn=(1388) _dl_audit_preinit
118 1 0 0 1 0 0 1
+1 4 2 0 0 1

fn=(214) _dl_audit_objopen
77 5 0 0 1 0 0 1
+1 20 10

fn=(156)
29 1 0 0 1 0 0 1
+2 4 2 0 1 0 0 1

fn=(3304) _dl_audit_objclose
97 7 0 0 1 0 0 1
+1 28 14

fl=(207)
fn=(714)
46 476 0 340
+9 68 0 0 1 0 0 1
-9 136 0 68
fi=(261) ./elf/../sysdeps/x86_64/dl-runtime.h
-18 68
fe=(207)
+18 68
+2 544 272 0 0 6 0 0 1
+1 136 136
+5 68 68 0 0 1
+1 204 68 0 1 3 0 1
+1 68 68 0 0 65
+2 68 68 0 0 4
-2 408 0 68 0 0 2
+7 136
+4 136 68 0 0 68 0 0 44
+4 68 68 0 1 3 0 1 1
-22 68
+20 68
+2 136
+4 204 136 0 0 64 0 0 1
+1 272 68
-7 272 68 0 0 14
+16 68 68
-1 68 0 0 1 0 0 1
+1 136
+10 612 136 204 0 3 0 0 1
cfi=(82)
cfn=(294)
calls=68 767 
* 48188 13076 4924 2 437 32 2 108 9
+4 204 204 0 1 0 0 1
-4 68
+4 136
+10 680 272 68
+15 272 68 0 1 0 0 1
+9 204 68
+26 204 68 0 0 2 0 0 1
fi=(6)
+64 68 0 68 1 0 0 1
fe=(207)
-60 544 476
-40 2 0 2 1 0 0 1
fi=(262) ./elf/../sysdeps/x86_64/dl-irel.h
-91 2 0 2
cob=(2)
cfi=(124)
cfn=(400)
calls=1 -3 
* 25 5 0 0 1
cob=(2)
cfi=(93)
cfn=(322)
calls=1 -3 
* 23 4
fe=(207)
+93 6 2 2 1 0 0 1

fl=(144)
fn=(642) munmap
117 5 0 0 1 0 0 1
+5 1 1

fn=(462)
117 35 0 0 1 0 0 1
+5 7 7

fl=(68) ./io/../sysdeps/unix/sysv/linux/stat64.c
fn=(226) stat
28 6
+1 12
cfi=(69)
cfn=(228)
calls=3 146 
* 28 3 2 1 0 0 1

fl=(182)
fn=(600)
30 2 0 1
+10 4 0 0 1 0 0 1
-10 3 0 2
+7 1 1
+3 2 0 1
cfi=(183) ./elf/./elf/dl-lookup-direct.c
cfn=(602) _dl_lookup_direct
calls=1 +34 
* 262 54 14 8 7 0 8 5
+4 2
+1 9 3 0 1 0 0 1
+2 5
-2 1 0 1
+2 1 0 1
cfi=(183)
cfn=(602)
calls=1 +27 
* 217 51 14 0 7 0 0 4
* 1
+4 2
+1 6 3 0 1 0 0 1
+1 2 2
-1 1 0 1
+1 2 2

fl=(1) ???
fn=(0) 0x0000000000023340
0 2 0 1 1 0 1 1 0 1
cfi=(2)
cfn=(2)
calls=1 519 
0 1775629 466414 171564 1126 11213 2541 1124 7367 1809
0 8 1 1 1
cfi=(80)
cfn=(648)
calls=1 331 
0 4 1 0 2 0 0 2
0 10 2 1 1 0 0 1
cfi=(196) ./elf/./elf/dl-init.c
cfn=(652) _dl_init
calls=1 81 
0 92774 27709 13121 618 720 181 618 140 137
0 3
cob=(4)
cfi=(191)
cfn=(1364) 0x00000000040052f0
calls=1 0 
0 205083878 42281713 29989426 825 3498074 638480 817 39468 323297

fl=(46) ./string/./string/strdup.c
fn=(140) strdup
40 36 0 18 1 0 0 1
+1 6 0 6
cfi=(22)
cfn=(60)
calls=6 +16 
* 192 27 0 1 0 0 1
* 6
fi=(263) ./string/../include/rtld-malloc.h
+15 12 6 6
cfi=(27)
cfn=(76)
calls=6 -20 
* 108 18 18
fe=(46)
-12 12
+3 12
+1 6 6
-1 6
+1 12 12
-1 6
cfi=(29)
cfn=(80)
calls=6 210 
* 106 28 22 0 0 5 0 0 5

fl=(61)
fn=(238) __is_decorate_maps_enabled
33 2 0 0 1 0 0 1
+1 6 2
+9 4 2

fn=(194)
60 3 0 0 1 0 0 1
-26 9 3
+26 6 0 1 1 0 0 1
-26 2
+36 1 0 1
-33 6 0 3 1 0 0 1
cfi=(11)
cfn=(28)
calls=1 435 
* 18 4 1 0 1 0 0 1
* 6 4
+5 1 0 1
+28 4 4

fl=(180)
fn=(590)
578 6 0 3 1 0 0 1
+3 1 1 0 0 1
+2 2 1 0 1 0 0 1
+7 2 0 1 0 0 1
+6 1 0 1
cfn=(592) _dlfo_process_initial
calls=1 -91 
* 417 84 16 13 17 0 13
* 1
+1 3 1
fi=(28)
56 1 1 1
cfi=(27)
cfn=(76)
calls=1 -20 
* 18 3 3 0 1 1
fe=(180)
597 1 0 1
+2 2
+3 3 0 1 1 0 0 1
+5 1 0 1
+1 1 0 1
cfn=(592)
calls=1 505 
* 1225 232 89 1 73 7 1 0 7
+3 4 2
+10 5 4
-8 1 0 1 1 0 0 1
cfn=(596) _dlfo_sort_mappings
calls=1 -60 
* 737 139 63 3 0 0 3
+3 6 3 1 1 0 0 1
+2 1

fn=(592)
505 14 0 12 1 0 0 1
+3 2
-3 2
+1 2 2
+3 4 2 0 1 0 0 1
+5 10 2 2 0 1
+10 10
-9 6 2 0 1 0 0 1
+1 14 14 0 0 1
-1 28
+3 52 12
+3 48 12
-7 10 2 0 1 0 0 1
+34 2 2
-2 2 0 2
+2 16 14
-24 24 12 0 1 0 0 1
+5 36 12 0 1 0 0 1
+3 6
-1 18 0 6
cfi=(181) ./elf/./dl-find_object.h
cfn=(594) _dl_find_object_from_map
calls=6 105 
* 746 118 42 0 73 3 0 0 3
+2 24
-56 6 0 2 1 0 0 1
cfi=(181)
cfn=(594)
calls=2 105 
* 286 44 14 2 14 0 2
+5 2 2
-1 2 2 0 1 0 0 1
+1 4
+1 4
+3 7 2 0 0 1
-2 30 15
+5 10 5
+5 5
-5 30 10 15 0 0 4 0 0 4
+1 10 10
+1 5 0 5
+1 10 5 5
-9 49 0 0 3 0 0 3
+11 45 15 0 1 0 0 1
-11 15
+11 15
-11 31

fn=(596)
553 1 0 0 1 0 0 1
+1 2
-1 2 0 1
+4 2
-4 2 0 1
+4 1
-4 3 0 1
+8 1 0 0 1 0 0 1
+1 1
-1 1 1
+1 2
-1 9
+1 9
-1 9 9
+1 58
+1 20 10
+2 20
-3 40
+1 90 45
+2 90
-3 180
+8 30 10 0 1 0 0 1
+1 30 20
-1 20 20
+1 50 20 30
+1 30 0 30
-15 30
+17 4 4

fl=(54)
fn=(166)
31 14 0 0 1 0 0 1
+2 14 0 14
+9 14
+1 28 14
+1 14 0 14
+4 14 0 14 0 0 1 0 0 1
+1 14 0 14
+1 14 0 14
+1 14 0 14
+1 14
+2 28 14 0 1 0 0 1
+2 14 0 14
+1 14 14
+1 14
+2 28 14
+2 14 0 14
+8 14
+3 14
+1 14 0 14 0 0 1 0 0 1
+7 14
+1 14 14

fl=(181)
fn=(594)
105 8 8 0 1 4 0 1
+10 8
+1 8
-11 8 0 8 0 0 1 0 0 1
+1 16 8 8
+1 8 0 8 0 0 1 0 0 1
+8 8 0 8 0 0 1 0 0 1
+1 8 0 8
+5 32 16 0 1 6 0 1
+1 16
-19 16
+21 196
-2 318
+2 318 106 0 0 73
+3 8 8
+5 8
-5 16 8 8 0 4
+16 16
+5 8 0 8
+1 8 8

fl=(248) ./elf/./elf/dl-call_fini.c
fn=(3278) _dl_call_fini
24 56 0 28 1 0 0 1
+4 14 7 0 0 1 0 0 1
+6 7 7 0 0 7 0 0 7
-2 7 0 7
+3 14
+4 10 10 0 0 8 0 0 5
+3 10
-4 25 10 0 1 2 0 1 2
+5 5 5 5 0 5 0 0 2
cob=(6) /usr/lib/x86_64-linux-gnu/libgcc_s.so.1
cfi=(203) ???
cfn=(3432) 0x00000000000049b0
calls=1 -43 
* 42 14 12 3 1 0 2
cob=(3)
cfi=(204) ???
cfn=(3414) 0x00000000000128f0
calls=1 -43 
* 115 29 16 4 2 0 1
cob=(7)
cfi=(205)
cfn=(3324)
calls=1 -43 
* 8699 3023 1492 57 184 29 56 57 8
cob=(5)
cfi=(197)
cfn=(3306)
calls=1 -43 
* 115 29 16 3 2 0 3 2
cob=(4)
cfi=(191)
cfn=(3280) 0x0000000004005390
calls=1 -43 
* 115 29 16 9 7 1 9 3 1
* 1 1 1
cob=(6)
cfi=(203)
cfn=(3444) 0x0000000000005cd0
calls=1 -43 
* 115 29 16 4 2 0 2
-1 18
+5 7 7 0 0 6 0 0 6
+1 14
+1 10 10 0 0 3
+1 25 20
-1 5
cob=(4)
cfi=(191)
cfn=(3460) 0x00000000041bd438
calls=1 -49 
* 4 1 0 2 0 0 2
cob=(4)
cfi=(191)
cfn=(3430) 0x0000000004121384
calls=1 -49 
* 4 1 0 1 0 0 1
cob=(4)
cfi=(191)
cfn=(3412) 0x000000000c8fe364
calls=1 -49 
* 4 1 0 1 0 0 1
cob=(4)
cfi=(191)
cfn=(3322) 0x0000000004054294
calls=1 -49 
* 4 1 0 1 0 0 1
cob=(4)
cfi=(191)
cfn=(3302) 0x000000000400ee44
calls=1 -49 
* 4 1 0 1 0 0 1
+1 12 10 0 1 0 0 1

fl=(15)
fn=(598)
76 1 0 0 1 0 0 1
-37 3 1
+37 2 1

fn=(34) _dl_x86_init_cpu_features
37 1 0 0 1 0 0 1
+2 3 1
+2 1
cfi=(16)
cfn=(36)
calls=1 728 
* 7121 844 507 101 27 9 101 27 9

fl=(26)
fn=(70)
59 90 0 60 1 0 2 1 0 2
+3 12
+18 5 5
+3 10 0 5 0 0 1 0 0 1
cfi=(22)
cfn=(60)
calls=5 -26 
* 103 13
+4 5
-4 5
+4 5
+5 5
-9 15 0 10
fi=(28)
-39 10 5 5
cfi=(27)
cfn=(72)
calls=5 +36 
* 253 42 32 7 1 1 7 1 1
fe=(26)
+39 1 0 1 1 0 0 1
fi=(28)
-39 2 1 1
cfi=(27)
cfn=(72)
calls=1 +36 
* 35 4 4 5 0 1 5 0 1
* 6
fe=(26)
+51 12
+4 6 6
-1 6 0 6 1 0 5 1 0 5
+6 6
-5 6
+5 6 6
-5 6 0 6 0 0 6 0 0 6
+4 6
+1 6
-1 6 0 6 0 0 1 0 0 1
+1 12 0 12
cfi=(29)
cfn=(80)
calls=6 210 
* 77 19 13 2 1 7 2 1 7
* 6 6
+15 6 6
-15 6 0 6 0 0 1 0 0 1
+2 6 0 6
+13 12 6 0 1 0 0 1
+6 1
+2 7 2 2 0 1 0 0 1
+3 2 1
-3 35 10 10 0 5 0 0 5
+3 10 5
+6 6 6
-4 6 0 6 1 0 1 1 0 1
+4 6 0 6
+3 16
+2 12 0 8 1 0 1 1 0 1
-2 8
+2 8 0 8 0 0 3 0 0 3
-2 16
+16 12 6
-5 6 0 6 0 0 6 0 0 6
-1 12 0 6
+6 18 6 0 1 1 0 1 1
+2 10 0 5 0 0 2 0 0 2
+3 10
-3 10
+7 20 5
+4 15
+8 1 0 1 1 0 0 1
+13 1 1
-10 2 0 1
+10 8 6
-10 10 0 5 0 0 1 0 0 1
+10 15 5
+2 5 0 5
cfi=(22)
cfn=(60)
calls=5 57 
* 175 25
+21 5
-21 15 0 5 1 0 0 1
+17 5
-13 15
+50 15 10 5 1 0 0 1
cfi=(29)
cfn=(128)
calls=5 -48 
* 105 25 20 0 0 4 0 0 4
* 5
+5 10
+1 10 5
-1 158
+1 158 79
+4 10
+1 5 0 5
+3 5 0 5 0 0 2 0 0 2
+4 54 42 0 1 0 0 1
131 12 0 6 1 0 6 1 0 6
-8 5
-4 10 5
+34 1
+7 4
+8 20 5 0 1 0 0 1
fi=(28)
56 10 5 5
cfi=(27)
cfn=(76)
calls=5 -20 
* 90 15 15
* 5
fe=(26)
200 10
-1 10
64 2 0 0 1 0 0 1
+2 3 1 0 1 0 0 1
+1 6 1 1
+10 1
-6 2

fn=(82)
31 30 0 12 1 0 0 1
+2 6
-2 12 0 6
+2 6 6 6
cfi=(24)
cfn=(84)
calls=6 +10 
* 18 6
+2 40 6 0 1 0 0 1
+3 80 20
+2 5 0 5
+2 5 0 5
+4 5
+1 5 5
+3 5
-4 5 0 5
+1 5 0 5
+1 5
+3 5 5
-3 5 0 5
+3 10 10
-1 5 5
cfi=(24)
cfn=(84)
calls=5 -7 
* 15 5
-4 1
+1 1 1 0 0 1 0 0 1
+3 1
-4 1 0 1
+1 1 0 1
+1 1
+3 1 1
-3 1 0 1
+3 2 2
-1 1 1
cfi=(24)
cfn=(84)
calls=1 -7 
* 3 1
-5 2 0 1 1 0 0 1

fl=(183)
fn=(602)
74 39 0 27 2 0 0 2
+2 6 3
+2 9
+37 3
-37 9 9 0 0 2
+1 6
+2 15 3 3 1 0 0 1
+3 25 5 0 0 3 0 0 1
-52 3 3
+54 6 3
-54 3
+54 3
-54 9 6 0 1 0 0 1
+1 9
+2 6 3 0 0 3 0 0 3
+1 6 3
+12 9 3 3
+3 3 3
+2 6 3 3
-2 3 3
+2 9 3 3 1 0 0 1
cfi=(34)
cfn=(98)
calls=3 +45 
* 214 31 0 1 8 0 1 7
* 6
+4 6 6
+1 3 3
-1 3 3 0 0 3 0 0 1
+1 15 6 0 0 1
+1 9 6 3 1 0 0 1
cfi=(34)
cfn=(98)
calls=3 +39 
* 217 27 0 0 4 0 0 2
* 6
+57 27 21
-23 6 0 0 1 0 0 1

fl=(245) ./elf/./elf/dl-fini.c
fn=(3272) _dl_fini
26 6 0 4 1 0 0 1
+17 1
-17 4 0 3
+20 8 1 0 0 1 0 0 1
+3 2 1 1 1 1 0 1 1
cob=(2)
cfi=(246) ./nptl/./nptl/pthread_mutex_lock.c
cfn=(3274) pthread_mutex_lock@@GLIBC_2.2.5
calls=1 +22 
* 38 9 5 5 1 0 5
+2 1 1 0 0 1 0 0 1
+3 2
+2 5 2 0 0 1 0 0 1
-10 4 0 0 1 0 0 1
+95 2 1
+13 8 7
-13 2 1 1
+2 1
-2 2 0 0 1 0 0 1
+6 2 1
-84 3 0 1 1 0 0 1
-2 1 0 1
+2 1 0 1
cfi=(51)
cfn=(638)
calls=1 -22 
* 10 3 0 2 1 0 2 1
+5 16 1 1 1 0 0 1
+6 1 1
-6 1
+4 1
+2 3
+2 14 7 0 1 7 0 1 7
+2 14
+2 14 0 7
+1 7 0 7 0 0 7 0 0 7
+1 7
+4 7 0 7 0 0 6 0 0 6
-12 21 7 0 0 4 0 0 4
+19 6 0 0 1 0 0 1
+1 4
+6 6 0 3 0 0 1
cfi=(13)
cfn=(248)
calls=1 298 
* 505 137 67 16 13 2 16 13
+9 2 1 1 1 0 0 1
cob=(2)
cfi=(247) ./nptl/./nptl/pthread_mutex_unlock.c
cfn=(3276) pthread_mutex_unlock@@GLIBC_2.2.5
calls=1 357 
* 28 7 5 3 0 0 3
+5 6 2
+2 1 1
+2 2 1
-2 6 6
+2 12 6
+13 2
+4 3 0 1
cfi=(51)
cfn=(638)
calls=1 -94 
* 10 3
* 2 1
-15 28 0 21 1 0 0 1
cfi=(248)
cfn=(3278)
calls=7 -96 
* 9461 3245 1609 89 230 30 82 85 9
+3 14 0 7
cfi=(51)
cfn=(3304)
calls=7 -26 
* 35 14 0 1 0 0 1
-9 14 14
+14 7 0 7
-14 22

fl=(70)
fn=(640)
508 1 0 0 1 0 0 1
+1 4 1 0 0 1
-1 1 0 1
+3 1 1
-3 1
+3 1 0 1
cfi=(144)
cfn=(642)
calls=1 117 
* 6 1 0 1 0 0 1
+7 1 1
-6 1 0 1
+4 1 0 1 1 0 0 1
+2 1 1

fn=(236) _dl_cache_libcmp
340 39 0 0 1 0 0 1
+1 39 39
-1 39
+1 78
+22 456
+2 456
-12 198 198
+16 198
+1 198
-29 396
+4 237 237 0 1 30 0 1 30
-2 474
+2 237
-2 474
+2 18
+6 9
+2 9 9
-2 9
+1 9
-1 9
+1 9
+1 27
+2 36 9 0 1 0 0 1
+2 18 0 0 1 0 0 1
-16 27
+32 27 18
-7 90 30

fn=(230) _dl_load_cache_lookup
386 40 0 28 1 0 1 1 0 1
+2 8 4
+3 12 4 0 1 0 0 1
+69 9 3
+5 12 4
206 12 4
468 8 0 4
199 8
332 15
206 30
+2 150 0 0 1 0 0 1
+1 30
-23 30
+23 30 30 0 0 23 0 0 23
+4 60
+4 90 30 30
cfn=(236)
calls=30 340 
* 2569 364 0 4 26 0 4 26
+1 60
329 26
+1 11 0 0 1 0 0 1
206 22
499 28 8 4 1 0 0 1
228 7 7
+3 14
+2 28 0 7
cfn=(236)
calls=7 340 
* 864 122 0 0 4 0 0 4
* 14
+2 3
-9 18
+9 24 4 8 1 0 0 1
fi=(264) ./elf/../sysdeps/x86/dl-isa-level.h
28 24 8 8
fe=(70)
325 20 4 8
-80 16 8 0 1 0 0 1
+4 8 4 0 0 2 0 0 2
+1 6 0 2
cfn=(236)
calls=2 +90 
* 383 54
* 4
+5 24 16
+1 16 4 0 0 1 0 0 1
+16 4 0 0 1 0 0 1
fi=(71) ./elf/../sysdeps/generic/dl-cache.h
125 4 4
fe=(70)
272 16
+9 8 4
+5 8
+27 8 0 4
483 8 4 0 1 0 0 1
+12 8 4 4
cfi=(22)
cfn=(60)
calls=4 57 
* 140 20 0 0 4 0 0 4
+1 4
-1 4
+1 40 0 0 1 0 0 1
+1 4
-1 4
+1 4 4
-1 4
+1 4 0 4
cfi=(29)
cfn=(80)
calls=4 210 
* 76 20 16
* 4
+1 4 0 4
cfi=(46)
cfn=(140)
calls=4 40 
* 364 68 48 0 0 3 0 0 3
+1 32 28
-3 8 0 4
394 4 0 1 1 0 0 1
cfi=(55)
cfn=(232) _dl_sysdep_read_whole_file
calls=1 36 
* 103 16 16 3 0 0 3
* 1
+8 5 1 0 1 0 0 1
+1 8 3 0 1 1 0 1 1
+3 3
+1 1 1
-1 4
fi=(71)
194 1 1
+1 5 0 0 1 0 0 1
fe=(70)
414 1 0 1 1 0 0 1
+1 2 0 1

fl=(185)
fn=(614)
27 1 0 0 1 0 0 1
+2 2
-2 1 0 1
+6 3
-6 3 0 1
+6 1
-6 1
+6 2 0 2
cfi=(183)
cfn=(602)
calls=1 +41 
* 220 51 14 0 10 0 0 5
* 1
+4 3 1 0 1 0 0 1
+2 3 2
+1 1
-1 1 1
+2 2 2
-1 1
cob=(2)
cfi=(186) ./elf/./elf/libc_early_init.c
cfn=(616) __libc_early_init
calls=1 -6 
* 1268 117 183 24 39 37 24 22 36

fl=(55)
fn=(174)
68 931 0 399 1 0 1 1 0 1
+1 266 133 133
cfi=(34)
cfn=(98)
calls=133 +29 
* 3833 902 0 11 1 0 11 1
* 133
+1 133
-1 133
+3 133 133
+2 266
+4 129 129
-4 258
+1 453 151 151 1 0 0 1
cfi=(34)
cfn=(98)
calls=151 +23 
* 5445 1014 0 2 1 0 2 1
* 302
-5 22
+11 199 199
-1 111
+1 333 333

fn=(584)
85 2
+38 2
-1 2
+3 2 0 0 1 0 0 1
+2 80
+1 30 10 0 0 4 0 0 2
+3 7
-6 24 0 0 1 0 0 1
+18 2 2
+1 2 2
-15 6

fn=(232)
36 2 0 1 1 0 0 1
+3 1
-3 5 0 2
+3 1
-3 1
+3 1 0 1
cfi=(56)
cfn=(182)
calls=1 -11 
* 21 2 2
+1 3
+2 4 0 2 1 0 0 1
cfi=(58)
cfn=(188)
calls=1 -12 
* 6 1
* 3 1
+2 2 1 1
+3 2
+13 3 0 2
cfi=(65) ./io/../sysdeps/unix/sysv/linux/close_nocancel.c
cfn=(206) __GI___close_nocancel
calls=1 -35 
* 6 1
* 1 1
+3 6 4
-14 6 0 2 1 0 0 1
cfi=(60)
cfn=(192)
calls=1 -2 
* 26 4 3
* 3 1

fl=(31)
fn=(134) fillin_rpath.isra.0
442 9 0 6 1 0 0 1
+4 1
-4 9 0 6 1 0 0 1
+6 3 2 1
cfi=(7)
cfn=(136)
calls=1 239 
* 242 74 1 2 1 0 2 1
* 3 2 1
cfi=(7)
cfn=(136)
calls=1 239 
* 9 3
* 6
+7 2 1
+2 3 1 1
cfn=(138) expand_dynamic_string_token
calls=1 -82 
* 109 20 16 3 0 1 3 0 1
* 1 0 0 1 0 0 1
+4 2
+5 2 0 1
cfi=(22)
cfn=(60)
calls=1 57 
* 17 2
* 1
+1 2
+7 4 1 0 1 0 0 1
+9 15 5
+1 8 4 0 1 0 0 1
fi=(28)
50 2 2 1 1 0 0 1
cfi=(27)
cfn=(144)
calls=1 +47 
* 5 2 0 1 0 0 1
+1 1
fe=(31)
502 4 1 1 1 0 0 1
+4 3 2
fi=(28)
56 1 1 1
cfi=(27)
cfn=(76)
calls=1 -20 
* 18 3 3
* 1
fe=(31)
508 2 0 0 1 0 0 1
+5 1 1
+1 2
-1 1
-1 1 0 1
+2 1 0 1
cfi=(29)
cfn=(128)
calls=1 197 
* 13 3 2 0 0 1 0 0 1
+3 1 1
-3 1 0 1
+1 1 0 1
+2 1
+7 3 1 0 1 0 0 1
-1 7 1
+2 1 0 0 1 0 0 1
-1 1
+1 1 0 1
-1 3
+1 1 0 1
-1 2
+1 1 0 1 1 0 0 1
+2 2 1 1
+1 3 1
+1 1 0 1
+6 2 1 1
+1 1 0 1
+3 3 0 1
-60 2 0 1 1 0 0 1
-22 2 0 1
+88 1 0 1
+3 8 7
-24 2

fn=(138)
375 14 0 8 1 0 0 1
231 2
375 2 0 2
231 4 0 2
cfi=(43)
cfn=(122)
calls=2 32 
* 72 9 0 2 0 0 2
+3 4 0 0 1 0 0 1
400 2 2
-11 2
+11 8 8
-11 2
cfi=(46)
cfn=(140)
calls=2 40 
* 156 29 22 2 0 2 2 0 2

fn=(180) open_verify.constprop.0
1511 110 0 66 2 0 1 2 0 1
+32 11 11
-32 22 0 22 0 0 1 0 0 1
+32 22
+19 44 0 11 0 0 1 0 0 1
cfi=(56)
cfn=(182)
calls=11 28 
* 249 22 28 2 0 2 2 0 2
* 11
+2 22
+8 5 0 5 1 0 0 1
+1 10 0 5 0 0 1 0 0 1
+6 5
-1 10
+1 5
-1 5 0 5
cfi=(57)
cfn=(184)
calls=5 25 
* 30 5 0 2 0 0 2
* 5
+4 5 5
-2 10
+2 10 0 5
+2 10
+6 10 0 0 1 0 0 1
+15 65 20 0 1 0 0 1
+83 10 5
+5 10 5
+8 20 5 0 1 0 0 1
+6 10 5 0 0 1 0 0 1
+6 5 5 0 0 1 0 0 1
+1 5 5
-1 5
+1 15
+33 99 77 0 1 0 0 1
-29 12 0 0 1 0 0 1
+1 2
-1 1
+1 1 0 1
cfi=(72) ./io/../sysdeps/unix/sysv/linux/pread64_nocancel.c
cfn=(242) __pread64_nocancel
calls=1 25 
* 7 1
* 2
1548 12 0 0 1 0 0 1
+57 9 3 0 1 0 0 1
1718 2 0 1 1 0 0 1
+24 12 6 0 1 0 0 1

fn=(210) _dl_notify_new_object
908 20 0 10 1 0 0 1
+2 5
-2 25 0 15
+2 5 0 5
cfi=(47)
cfn=(212)
calls=5 94 
* 35 10 0 1 0 0 1
* 5
+1 15 5
+21 25 15
-4 10 0 0 1 0 0 1
+7 5 5
-2 10
+2 20 20
-2 5
cfi=(51)
cfn=(214)
calls=5 77 
* 25 10 0 1 0 0 1

fn=(88)
842 6 0 0 1 0 0 1
+8 12 6
-6 6 6
+12 12
-13 6 6
+13 6 0 0 1 0 0 1
-13 12 6
+13 12
+3 18 6 0 1 6 0 1 6
+1 12 6
+1 12 6
+3 18 6 0 1 0 0 1
+1 18
+4 6
+1 12
+22 18
+2 24
-20 18 9 0 1 1 0 1 1
+4 18
-3 9 9
+6 9
+1 27 0 0 1 0 0 1
fi=(32)
95 36
+7 18
+16 9 9 0 0 3 0 0 3
-3 18
252 6
+5 3 3
-4 3 0 3
+4 9 0 3 1 0 0 1
+3 3 3
-6 12 0 0 1 0 0 1
+1 6 0 6
+2 24 6 6 1 0 0 1
+3 9 3
fe=(31)

fn=(170)
2213 98 0 42 1 0 1 1 0 1
+1 14
-1 98 0 42 0 0 1 0 0 1
+1 28 0 28 0 0 1 0 0 1
cfn=(172) _dl_lookup_map
calls=14 1917 
* 8978 2084 472 42 4 2 42 4 2
+1 42 14 0 1 0 0 1
+3 77 63
-1 25
+1 30 30
-1 5 0 0 1 0 0 1
cfn=(178) _dl_map_new_object
calls=5 1952 
* 19240 3587 2183 161 213 221 161 213 221

fn=(172)
1917 84 0 42 1 0 0 1
+1 28 0 0 1 0 0 1
+1 28 14 0 0 1 0 0 1
+3 237 65
+5 420 120 0 1 0 0 1
+2 180 0 60 0 0 1 0 0 1
cfi=(55)
cfn=(174)
calls=60 68 
* 6117 1403 314 13 2 1 13 2 1
* 120
+2 102 51
fi=(4)
96 153 51 0 1 0 0 1
+4 28 28
-1 140 84
+1 28
fe=(31)
1931 56
+1 84 0 56
cfi=(34)
cfn=(98)
calls=28 98 
* 1028 212 0 24 1 0 24 1
* 56
+13 59 36 0 1 0 0 1
-1 5
+1 25 20

fn=(178)
1952 75 0 40 1 0 3 1 0 3
+10 10 5
+12 5 5 0 1 0 0 1
-5 5 0 5 0 0 1 0 0 1
-15 5 0 5
+20 10
+14 15 0 5 0 0 1 0 0 1
cfi=(43)
cfn=(122)
calls=5 32 
* 120 15
* 10
2140 2 0 0 1 0 0 1
-1 3 0 1
cfn=(138)
calls=1 375 
* 159 28 18 3 0 1 3 0 1
+6 1
-6 1
+2 2
+4 7 0 2 1 0 0 1
cfn=(180)
calls=1 1511 
* 105 22 15 11 1 2 11 1 2
+3 2 1
-3 1
+3 1
+12 15
+46 55 15 25 1 0 0 1
cfn=(186) _dl_map_object_from_fd
calls=5 948 
* 10784 2103 1520 85 149 197 85 149 197
* 5
+2 40 35
1992 8 0 4 1 0 0 1
cfi=(22)
cfn=(60)
calls=4 57 
* 68 8
* 8 0 4
+2 8 4
+7 16 4 0 1 0 0 1
+51 52 4 16 1 0 1 1 0 1
cfn=(224) open_path
calls=4 1760 
* 1275 326 227 18 1 10 18 1 10
+6 4
-6 4
+6 8
-53 4 4 0 1 0 0 1
+1 4 0 4
670 20 0 12
2010 12 4
656 12 4 0 1 0 0 1
2010 12 12 0 1 0 0 1
+15 8 4
+1 28 4 0 1 0 0 1
656 12 4
2051 8 4 0 1 0 0 1
+1 8
656 12 4 0 1 0 0 1
2073 8 0 4 1 0 0 1
cfi=(70)
cfn=(230)
calls=4 386 
* 5631 860 202 22 61 4 22 61 4
* 4
+2 8
+4 8
+31 4
-23 8 4 0 1 0 0 1
+23 28 0 8
cfn=(180)
calls=4 1511 
* 456 92 62 3 1 1 3 1 1
+4 8 4
-4 4
+4 4 0 0 1 0 0 1
+1 4 0 4
+17 8 4
-65 8 0 0 1 0 0 1
+2 12 4
-33 8 0 0 1 0 0 1

fn=(224)
1760 32 0 24 1 0 0 1
+1 8 4 4 0 0 1 0 0 1
+6 8 0 0 1 0 0 1
+5 52 8 0 1 0 0 1
+57 8 0 4
-57 24 0 12 1 0 1 1 0 1
-7 4 0 4
-1 4 0 4
+65 4 0 4
-20 8 0 8
-34 4 4
+8 4 4
-8 4 4
+8 8 0 0 1 0 0 1
+7 20 8 8 0 0 1 0 0 1
cfi=(29)
cfn=(128)
calls=4 197 
* 52 12 8
* 12 8
+1 44 8 4 1 0 0 1
+3 24 12
+5 42 18 6 1 0 0 1
cfi=(29)
cfn=(128)
calls=6 197 
* 78 10 4
* 24 12 6
cfi=(29)
cfn=(128)
calls=6 197 
* 78 18 12
+3 12 0 6
+6 12 6 0 1 0 0 1
+3 42 24 6
cfn=(180)
calls=6 1511 
* 354 66 72 2 0 3 2 0 3
* 6
+2 18 6
+2 6
+98 36 28
-74 12 0 3
-48 37 16 0 1 0 0 1
+99 32 8 4 0 0 3 0 0 3
+6 8 4 4
-2 4 0 4
+2 8 4 0 1 0 0 1
+3 12 8
1770 8
+71 6
-20 18 12 0 2 0 0 2
+6 6 6 0 1 0 0 1
+2 3
-2 3 0 3
+2 6 3 3
cfi=(68)
cfn=(226)
calls=3 28 
* 46 3 2 1 0 0 1
* 3
+3 3
-3 3
+1 1 1 0 0 1 0 0 1
+4 1 1
-4 2
+4 5 0 2
-43 2
+43 2 0 2 1 0 0 1
-43 4
-19 8 0 4 1 0 1 1 0 1

fn=(186)
948 55 0 30
+15 5 5
-15 10 0 10 0 0 2 0 0 2
+15 5 0 0 1 0 0 1
-15 5 0 5
+15 10 0 5
+85 20 5 5 1 0 0 1
+10 10 5
+7 35 25 5 1 0 0 1
cfi=(26)
cfn=(70)
calls=5 59 
* 1785 361 259 10 6 40 10 6 40
* 5
+1 10
+11 5 5
+1 5 5
-1 5 0 5 0 0 2 0 0 2
+2 5 5 0 1 0 0 1
+3 5 5
-1 5
-2 5 0 5
+3 15 5
+1 8 0 4
+19 8 4
-2 4 0 4
+2 30 1 0 1 0 0 1
-2 1 0 1
+2 52 0 10 1 0 0 1
+10 5 5
-10 10 0 5
+10 15
+27 5 5
-33 5
-3 5
+2 5 0 5
-1 5 0 5 1 0 0 1
+44 5
fi=(30)
62 5 0 5
fe=(31)
1139 5
-41 5 0 5
+50 5
fi=(30)
62 15 0 10
fe=(31)
1113 230 0 0 1 0 0 1
+26 120 40 0 0 2 0 0 2
+10 40 20 0 0 2 0 0 2
-1 20
-1 20
+1 40 20 0 1 0 0 1
+1 20
+2 20 20 0 0 1 0 0 1
-3 20 0 20 0 0 4 0 0 4
+1 20
+2 20 0 20 0 0 3 0 0 3
+2 20 20 0 0 1 0 0 1
-4 20
+1 20 0 20
+3 20
-4 20 0 20
+4 100
+2 40 0 20 1 0 2 1 0 2
+13 85 15 15
fi=(30)
62 30 15
fe=(31)
1173 15
fi=(30)
62 105 15 15
fe=(31)
1147 30
-35 45
fi=(30)
62 10 5
fe=(31)
1173 5
fi=(30)
62 35 5 5 0 0 1 0 0 1
fe=(31)
1147 10
-35 135
+1 327 65 0 1 13 0 1 13
1214 5 5
1112 5
1214 10 5 5 1 0 0 1
1112 15
1219 20 10
1078 5 5
1229 5
1078 30 5 5 1 0 0 1
1230 5
-1 5
+1 5 0 5
-1 15
+1 15
-1 15
+1 15 0 15
-1 45
+7 10 5
+10 20 10 0 1 0 0 1
+7 20 15
fi=(62) ./elf/./dl-map-segments.h
29 5 5
fe=(31)
1253 15 5 5 1 0 0 1
fi=(62)
29 10
+1 35 20 5
cfi=(60)
cfn=(192)
calls=5 +17 
* 140 25 15 0 0 1 0 0 1
+72 5 0 5 1 0 0 1
-72 5
+73 10
+3 10 5
+1 5
-1 5 0 5
+1 5 0 5
+2 10 5
+17 5 0 5 1 0 0 1
-44 5 5
fi=(63) ./elf/./dl-load.h
+9 40 20 0 1 0 0 1
fi=(62)
+59 80 40
+6 5 5
+2 5 5
-2 5
+3 5
-2 5
+2 5
-1 10
+3 15
+5 10 0 0 1 0 0 1
+3 15 5
+8 35 0 15
cfi=(45)
cfn=(132)
calls=5 -40 
* 756 5 396 1 0 100 1 0 100
* 10 10
+6 10
+41 20 0 0 1 0 0 1
-88 80 20
+2 60 30
+2 30 30
+1 15
-1 75 30 15 1 0 0 1
cfi=(60)
cfn=(192)
calls=15 -93 
* 315 60 45
* 30
fe=(31)
1054 5 0 0 1 0 0 1
fi=(59) ./elf/../sysdeps/posix/dl-fileid.h
37 10 0 5 0 0 1 0 0 1
cfi=(58)
cfn=(188)
calls=5 -7 
* 30 5 0 2 0 0 2
* 10
+3 5 5 0 0 1 0 0 1
fe=(31)
999 5
fi=(59)
40 5 0 5
+1 10 5 5 1 0 0 1
fe=(31)
999 90 40
+1 40 20 0 1 0 0 1
fi=(59)
49 60 30 0 0 1 0 0 1
fe=(31)
1458 45 35
1133 2 1 1
+1 1
-15 10 5 0 1 1 0 1 1
+7 5 5
+2 5 5 0 1 0 0 1
-2 5 0 5
+1 5 5
+1 5
-1 10 0 5
+1 40 5 5
fi=(30)
62 40 5 5 1 0 0 1
fe=(31)
1211 5
-34 9 3
+5 3 3
-1 6 0 0 1 0 0 1
+5 3
-5 6 0 3 0 0 3 0 0 3
-55 3 3
+60 12 0 3 0 0 1 0 0 1
+1 3 3
+3 3 0 3 0 0 1 0 0 1
-3 3 0 3
+8 12 3 0 1 0 0 1
1086 12 0 0 2 0 0 2
+1 2 1
-1 1
+1 1
-1 1 0 1
+1 1 0 1 0 0 1 0 0 1
cfi=(72)
cfn=(242)
calls=1 25 
* 7 1
* 2
-69 10 5 0 1 0 0 1
1269 20 10 0 1 0 0 1
+1 15 5 5
fi=(64) ./elf/./elf/get-dynamic-info.h
39 10
+6 5 5 0 1 5 0 1 5
-2 5
+2 10
+8 6
+15 6 0 6 0 0 2 0 0 2
-23 24 6 0 0 1 0 0 1
+23 132 0 132 0 0 33 0 0 33
-23 528 132 0 0 34 0 0 34
+4 276
+3 37
-1 74
+3 124
+1 104
fi=(63)
+37 16 8 0 1 0 0 1
+2 4 4
-1 4 4
+1 4 0 0 1 0 0 1
-1 8
+1 4
-1 8
+3 16 0 4
fi=(64)
-40 25
+3 20 0 0 1 0 0 1
+13 20 5
+12 17 5 2
+1 20 5 5 1 0 0 1
+1 20 5 5
+1 20 5 5
+1 17 5 2 0 2 0 0 2
+1 19 5 4 1 0 0 1
+1 19 5 4 0 1 0 0 1
+1 20 5 5
+12 5 5
+7 5 5
-7 35 5 5 1 0 0 1
+7 10
+5 8 4
+7 8 4
+1 15 10
+6 15 5
+1 6 4
+17 15 5 0 1 0 0 1
+5 4 2 2
+2 4
+2 4
+2 4
+1 2 0 2
+3 15 5 0 1 0 0 1
+2 9 3 3
+1 6
+9 6 3 0 1 0 0 1
+6 6
+1 4 2 2
+3 10 5
fe=(31)
1276 10
+1 10
+2 10 0 0 1 0 0 1
+10 15 5
+19 15 5 5
+2 25 10 0 1 0 0 1
+20 15 5 0 0 2 0 0 2
+1 6 3 3
+6 30 10
+1 100
+6 20 0 5
cfn=(88)
calls=5 842 
* 360 73 14 0 8 0 0 8
-7 135 5
+1 65 65 0 1 55 0 1 55
+6 65
-6 130
fi=(32)
149 30 15
fe=(31)
984 10 0 5 1 0 0 1
1086 2 0 1
1276 4 2
+73 10 5 5 1 0 0 1
cfi=(65)
cfn=(206)
calls=5 25 
* 30 5 0 1 0 0 1
* 10
+13 10 5
+2 20 10 5 1 0 0 1
+2 10 5
+16 10 0 5
cfi=(8)
cfn=(14)
calls=5 25 
* 135 40 30 0 6 0 0 6
+4 10 5
+1 10 5
+17 10 5
+1 1 0 1 1 0 0 1
+3 4 2 2
+5 2 1
-5 16 8 8
+5 8 4
+5 10 5
+10 20 10 0 1 0 0 1
+8 10 5
+1 12 3
+5 6 0 3
cfi=(48)
cfn=(240) _dl_assign_tls_modid
calls=3 161 
* 36 12 9 1 0 0 1
+7 15 5 5 1 0 0 1
cfi=(26)
cfn=(82)
calls=5 31 
* 255 65 45
+3 10 5
+3 20 10 5
cfn=(210)
calls=5 908 
* 210 65 30 4 0 0 4
+2 5
fi=(62)
189 8 2 0 1 0 0 1
-3 2 2
+3 8 0 2 1 0 0 1
-3 12 0 10
+3 2 0 2
cfi=(60)
cfn=(192)
calls=2 47 
* 42 8 6
+3 4
+2 2 0 2
cfi=(61)
cfn=(238)
calls=2 33 
* 12 4 0 1 0 0 1
* 4 0 0 1 0 0 1
fi=(4)
-98 23 13 0 2 0 0 2
+3 8
+1 4 4
-1 8 4
+1 4
fe=(31)
1429 20 0 4
cfi=(34)
cfn=(98)
calls=4 98 
* 191 32 0 6 7 0 6 7
* 8
+1 3 1 1 1 0 0 1
fi=(64)
62 20 0 0 1 0 0 1
+2 20
fe=(31)

fn=(220)
228 26 0 13 1 0 0 1
+3 13
-3 26 0 13
+7 13
-7 39 0 26 0 0 1 0 0 1
+3 13 0 13
cfi=(43)
cfn=(122)
calls=13 32 
* 408 51 0 0 3 0 0 3
+3 26
+20 91 65 0 1 0 0 1

fn=(110)
680 11 0 7 1 0 0 1
+14 1
-14 2 0 1
+14 2 0 1 0 0 1 0 0 1
cfi=(39)
cfn=(112)
calls=1 171 
* 1202 246 213 32 2 4 32 2 4
fi=(28)
56 1
fe=(31)
694 1 0 1 1 0 0 1
fi=(28)
56 1 1 1
cfi=(27)
cfn=(76)
calls=1 -20 
* 18 3 3
fe=(31)
699 1 0 1 0 0 1 0 0 1
+2 2
+7 2
+1 1 1
-1 3
+5 3 0 0 1 0 0 1
fi=(28)
56 1 1 1
cfi=(27)
cfn=(76)
calls=1 -20 
* 18 3 3
fe=(31)
713 1 0 1 0 0 1 0 0 1
+2 5 2
+7 1 0 1
+8 2
+5 1 0 0 1 0 0 1
-14 1 0 1
+16 1
-7 1 0 1
+11 1 1
-6 1 0 1 0 0 1 0 0 1
+9 3 0 1
-2 1
+2 1
-8 1 0 1 1 0 0 1
+6 1 0 1
+2 2 0 2
-12 1 0 1
+9 2
+1 16 4 4
cfi=(45)
cfn=(132)
calls=4 137 
* 56 4 8 3 0 1 3 0 1
+2 18 6 0 1 0 0 1
-14 3
+10 3
-8 3 3
+12 3 0 3
-8 3 3 0 0 1 0 0 1
-6 3 0 3
+5 3 0 3 0 0 2 0 0 2
+1 3 0 3 0 0 1 0 0 1
-4 3 0 3
+8 9 3 0 0 1 0 0 1
+1 6
+15 1 1 0 1 0 0 1
+3 1
-15 1 0 1
+7 1 0 1
-1 1 0 1
+9 2
+2 4 1 0 1 0 0 1
+2 3 1
+36 5 2 0 1 0 0 1
+2 2 0 1 1 0 0 1
cfi=(22)
cfn=(60)
calls=1 57 
* 17 2
* 8
-19 1 1 0 1 0 0 1
-2 1 0 1
+2 2
+19 9 1 1 2 0 0 2
cfi=(29)
cfn=(80)
calls=1 210 
* 11 3 2
* 1
+5 4 1
-1 4
+2 1 0 0 1 0 0 1
+1 2
-2 4 1
+1 13
+1 26
-2 52 13
+5 1
fi=(28)
56 1 1 1
cfi=(27)
cfn=(76)
calls=1 -20 
* 18 3 3
fe=(31)
810 1 0 1
+2 2
+6 7 1 1
cfn=(134)
calls=1 442 
* 555 143 56 18 1 2 18 1 2
+3 3 2
+6 1 0 1
+4 8 7
-35 2 0 1 2 0 0 2
+5 2 0 1

fl=(196)
fn=(654) call_init.part.0
26 84 0 42 1 0 1 1
+17 7 7 0 1 0 0 1
+3 7 7 0 0 1
-3 14 0 7
+3 14 7 0 0 6
+5 12 6
+8 18 6 0 0 5
+1 24 8 4 1 4 0 1
cob=(4)
cfi=(191)
cfn=(700) 0x000000000c7a4000
calls=1 -60 
* 7 2 0 1 1 0 1
cob=(4)
cfi=(191)
cfn=(690) 0x0000000004082000
calls=1 -60 
* 7 2 0 1 0 0 1
cob=(4)
cfi=(191)
cfn=(678) 0x000000000419a000
calls=1 -60 
* 7 2 0 1 1 0 1
cob=(4)
cfi=(191)
cfn=(656) 0x0000000004054000
calls=1 -60 
* 7 2 0 1 0 0 1
+3 6 6 0 0 4
+1 12
+6 15 10 0 0 6
+3 10
-1 45 10
+2 60 15 15 0 2
cob=(7)
cfi=(205)
cfn=(1336)
calls=1 -74 
* 50 25 12 2 4 0 2 1
cob=(7)
cfi=(205)
cfn=(1310)
calls=1 -74 
* 50 25 12 3 6 0 3 1
cob=(7)
cfi=(205)
cfn=(1292)
calls=1 -74 
* 34 17 8 2 4 0 2 1
cob=(7)
cfi=(205)
cfn=(1274)
calls=1 -74 
* 34 17 8 2 2 0 2 1
cob=(7)
cfi=(205)
cfn=(1272)
calls=1 -74 
* 47 9 28 6 2 6 6 2 6
cob=(7)
cfi=(205)
cfn=(1254)
calls=1 -74 
* 57 9 22 4 2 4 4
cob=(7)
cfi=(205)
cfn=(1206)
calls=1 -74 
* 2529 800 384 70 56 3 70 8 2
cob=(7)
cfi=(205)
cfn=(1196)
calls=1 -74 
* 734 254 137 3 7 0 3
cob=(7)
cfi=(205)
cfn=(1194)
calls=1 -74 
* 3 1 1 0 0 1
cob=(7)
cfi=(205)
cfn=(1180)
calls=1 -74 
* 911 285 174 4 10 2 4 1 1
cob=(7)
cfi=(205)
cfn=(1174)
calls=1 -74 
* 12 1 0 3 0 0 3
cob=(7)
cfi=(205)
cfn=(1172)
calls=1 -74 
* 80 14 15 1 0 0 1
cob=(6)
cfi=(203)
cfn=(684) 0x0000000000005d10
calls=1 -74 
* 12 1 0 3 0 0 3
cob=(2)
cfi=(202) ./libio/./libio/stdfiles.c
cfn=(676) _IO_stdfiles_init
calls=1 -10 
* 22 5 3 1 4 1 1
cob=(2)
cfi=(201) ./libio/./libio/vtables.c
cfn=(674) check_stdfiles_vtables
calls=1 545 
* 12 7 0 2 4 0 2
* 20 5 5 1 3 0 1
cob=(7)
cfi=(205)
cfn=(704)
calls=1 -74 
* 87074 26018 12174 449 578 160 449 124 127
cob=(3)
cfi=(204)
cfn=(694) 0x0000000000012930
calls=1 -74 
* 12 1 0 3 0 0 3
cob=(6)
cfi=(203)
cfn=(682) __cpu_indicator_init
calls=1 -74 
* 368 15 45 36 1 0 36
cob=(2)
cfi=(198) ./csu/./csu/init-first.c
cfn=(666) _init_first
calls=1 -28 
* 69 18 10 7 5 3 7 1 1
cob=(5)
cfi=(197)
cfn=(660)
calls=1 -74 
* 12 1 0 3 0 0 3
-1 60
+3 56 49 0 0 1
-29 2

fn=(652)
81 13 0 6 2 0 0 2
+1 1 1 0 0 1
+1 1 1
+3 3 1
+8 2
+25 1 1 0 1 0 0 1
+1 8
+1 14 14
-92 14 7
+6 21 7 0 1 0 0 1
+2 32
+83 12 0 6
cfn=(654)
calls=6 -94 
* 92539 27644 13097 604 715 180 604 140 137
* 12
+7 8 7
-98 2 1 0 1 0 0 1
+60 2 0 1
-54 3 1
+2 7 0 2 1 0 0 1
cfn=(654)
calls=1 -11 
* 77 23 9 8 4 1 8
* 2 1

fl=(33)
fn=(94)
24 2 0 1 1 0 0 1
+1 2
-1 2
+1 2 0 1
cfi=(11)
cfn=(28)
calls=1 435 
* 18 4 1 0 1 0 0 1
* 5 1 0 1 0 0 1
+14 2 2

fl=(40)
fn=(114)
29 1 0 0 1 0 0 1
fi=(18)
+2 1 1
fe=(40)
+7 1
fi=(18)
-7 3
fe=(40)
+21 2 1
fi=(18)
-20 3 1 0 1 0 0 1
+7 1 1
fe=(40)
-1 1
fi=(18)
+1 4
+1 4 1
+8 1
fe=(40)
-5 1
fi=(18)
+5 2
+3 4 1 0 1 0 0 1
+3 2
fe=(40)
-3 5

fl=(48)
fn=(266)
133 2 0 1 1 0 0 1
+3 1
-3 3 0 2
+3 1 0 0 1 0 0 1
-3 1
+3 1
-3 2 0 1
+3 1 0 1
cfi=(11)
cfn=(28)
calls=1 435 
* 17 4 1 0 2 0 0 2
* 1 1
+1 4 0 1
cfi=(11)
cfn=(28)
calls=1 435 
* 17 4 1 0 2 0 0 1
+1 1
+2 1
-3 1 1
+1 2
+2 3 0 0 1 0 0 1
+3 1
+2 1 0 1
-26 3
+28 3 0 1
+1 6 5

fn=(464)
1177 3 0 0 1 0 0 1
+1 15 6 0 1 0 0 1
-1 12 0 3
+9 3 3
+3 3 3 0 0 2
+1 3
+4 9 3 0 1 1 0 1
+36 6
+3 6 0 3 0 0 2 0 0 1
+1 9 3 3 1 0 0 1
+5 3
-3 3 0 3
+4 6 6

fn=(240)
161 3 0 0 1 0 0 1
+16 3 3
-13 3 3
-3 9 0 3
+3 3
+55 3 0 3
-2 3
+5 3 0 3
+1 6 6

fn=(268)
251 7 0 5 1 0 0 1
+35 1
-35 1
+37 3 1 0 1 0 0 1
-34 1
-1 1
-1 2
+63 9
+3 3
-3 15
+5 3
+7 3 0 3
-7 12
+3 3
-34 3 3
-1 6
+1 4 4
-1 8
+3 21 7 0 1 1 0 1
+4 3 3
-1 3 3
+5 3
-5 3
+1 3
-1 3
+3 6 0 0 1 0 0 1
+2 9
fi=(76) ./elf/../sysdeps/unix/sysv/linux/dl-extra_tls.h
32 3 0 0 1 0 0 1
+12 1
-12 1 0 1
cfi=(11)
cfn=(28)
calls=1 435 
* 18 4 1 0 2 0 0 2
+1 3 1
+4 10 2 0 1 0 0 1
+14 4 0 1
cfi=(11)
cfn=(28)
calls=1 435 
* 18 4 1
+1 3 1
fe=(48)
350 6 0 0 1 0 0 1
455 1 0 1
-94 1
+2 1 0 1
-2 2 0 1
+3 7 1
+2 2 0 1
+90 7 6
fi=(76)
54 1 1 0 1 0 0 1
fe=(48)
344 3
+6 3 0 0 1 0 0 1

fn=(586)
1138 1 0 0 1 0 0 1
+1 1 1
+3 4 1
+6 6 3
-6 9
+2 12 4 0 0 1 0 0 1
+1 8
+6 1 0 1 0 0 1
+1 1 1

fn=(148)
228 1 0 0 1 0 0 1
+2 2 1
+1 1 1 0 1 1 0 1 1
+15 2 1

fn=(272)
517 7 0 4 1 0 0 1
fi=(77) ./elf/./dl-tls_block_align.h
23 1 1
fe=(48)
+74 1 1 1
523 2 1
fi=(28)
56 1 1 1
cfi=(27)
cfn=(76)
calls=1 -20 
* 85 16 13
fe=(48)
525 2
fi=(77)
41 2 1 0 1 0 0 1
+6 4
+5 1
fi=(28)
-8 1
fi=(77)
+3 1
+1 1
+4 304 0 297 1 0 37 1 0 37
fe=(48)
535 1 0 1 0 0 1 0 0 1
-70 1 1
+5 1
fi=(28)
44 1 1 1
cfi=(27)
cfn=(72)
calls=1 +36 
* 29 4 3
fe=(48)
471 2
-2 1
+11 1
-11 1 0 1
+11 1 0 1
+60 2 1 0 1 0 0 1
-23 1
103 1 1 1
545 6 5

fn=(588)
612 10 0 7 2 0 0 2
+1 2
+4 1 1 0 0 1
+9 2
-3 2 1 1 0 1
cfi=(24)
cfn=(84)
calls=1 43 
* 3 1
+3 3 2 0 0 1
+12 3 1 0 1 0 0 1
+70 2 1 1 1 0 0 1
cfi=(24)
cfn=(84)
calls=1 43 
* 3 1
+3 1 0 1
+3 9 8
-52 1 0 1 1 0 0 1
-42 1
-1 1
+43 2
-19 11 1 1 1 0 0 1
+26 6
+1 12 6 0 0 2
+2 6
+1 6 3
+9 3 0 3 1 0 0 1
+10 6 3
+2 18 3 12
cfi=(29)
cfn=(128)
calls=3 197 
* 47 7 4 0 2 2 0 0 2
* 15 6 3
cfi=(45)
cfn=(132)
calls=3 137 
* 52 3 12 0 0 1 0 0 1
-51 3 3
+55 3 0 3
+4 6 6
-59 12
+6 8 0 0 1 0 0 1
+3 9 3
+1 6
+6 9 6 0 1 0 0 1
+3 3 3 0 0 2
-2 3
+6 3 3
-6 3
+2 6 3 0 0 1
+4 3
-4 9 3 3 0 0 1 0 0 1
+3 6 0 0 1 0 0 1
+41 2 1 0 1 0 0 1

fl=(47)
fn=(146)
120 1 0 0 1 0 0 1
-44 2
+46 2 1 0 0 1 0 0 1
+5 3 0 1
+1 1
+26 1 0 1
-26 1 0 1 1 0 0 1
+29 2 1
-37 1
+49 2 1
-9 2 1 1 1 0 0 1
+2 3 1

fn=(152)
104 2 0 0 1 0 0 1
+3 2
-2 2 0 2
+2 4
+4 2
cfi=(50)
cfn=(154)
calls=2 -83 
* 4 2 0 1 0 0 1
-4 6 2

fn=(610)
46 2 0 1 1 0 0 1
+6 3
-6 2 0 0 1 0 0 1
+6 5 1 2
-1 1 0 1
+1 1 0 1
cfi=(82)
cfn=(294)
calls=1 767 
* 686 210 83 0 8 0 0 2
+2 2 2
-2 1
+2 3 2
+2 7 3 0 1 0 0 1
+1 3
+13 2 2

fn=(212)
94 6 0 0 1 0 0 1
-17 6
-1 12
+20 12 6 0 0 1
+4 6 6

fl=(25)
fn=(68)
28 3 0 0 1 0 0 1
+1 3 3
+3 29 23
+13 19
-13 38
+2 42 21 0 1 0 0 1
+1 12 6
+5 2
-3 2
+3 2 0 2
+2 2 2

fl=(9)
fn=(18) _dl_sysdep_parse_arguments
78 1 0 1 1 0 0 1
+2 1
-2 7 0 5
+1 1 1
+1 1 0 1
-1 1 0 1
+2 3 0 1 0 0 1 0 0 1
+2 3 1 0 0 1 0 0 1
-1 1 0 0 1 0 0 1
+1 2 1
-1 20
+1 40 20 0 0 2 0 0 2
+7 56 0 52 0 0 7 0 0 7
fi=(10) ./elf/../sysdeps/unix/sysv/linux/dl-parse_auxv.h
-48 1 1
fe=(9)
+44 1
fi=(10)
-53 1
fe=(9)
+53 1 0 1 0 0 1 0 0 1
fi=(10)
-53 1 0 1
+1 1 0 1 1 0 0 1
+1 1 0 1
+7 3
+1 44
+1 22 22 0 0 6 0 0 6
-2 22
+2 22 0 22
-2 66 22 0 1 0 0 1
+13 1 1
+10 1
fe=(9)
+29 1 1
fi=(10)
-27 1
fe=(9)
+26 1 1
+2 1 1
fi=(10)
-40 1 0 1
+2 1 1
fe=(9)
+37 1 0 1
fi=(10)
-47 1 1 0 1 0 0 1
+10 1 0 1
+8 1 1
-17 1 1
+1 1 1
+16 1
-15 1 1
+1 1 1
+14 1
+2 1 1
-15 1 1 0 1 0 0 1
+1 1 1
+1 2 2
+13 3 1
-18 1 0 1
+6 1 1
-5 1 0 1
+5 1 0 1
+2 1 1 0 1 0 0 1
-6 1 0 1
+6 1 0 1 0 0 1 0 0 1
fe=(9)
+37 1 1
fi=(10)
-42 1 0 1
-4 1 0 1 0 0 1 0 0 1
+5 1 0 1
+1 1 0 1
-8 1 0 1
+21 1 0 1 1 0 1 1 0 1
-20 1 0 1
+18 1 0 1
fe=(9)
+28 1 0 1
+1 1 0 1
+1 1 0 1
+1 8 7

fn=(16)
102 5 0 2 1 0 0 1
+4 1
-4 1
+1 1 0 1
+3 1 0 1 0 0 1 0 0 1
cfn=(18)
calls=1 -28 
* 376 95 106 8 9 12 8 9 12
+4 2 1 1
cfi=(11)
cfn=(22) __GI___tunables_init
calls=1 294 
* 5221 872 33 10 20 4 10 20 4
+3 1 0 1
cfi=(13)
cfn=(26)
calls=1 289 
* 32 7 4 4 2 0 4 2
+2 2 0 1
cfi=(14) ./elf/../sysdeps/unix/sysv/linux/brk.c
cfn=(30) brk
calls=1 -79 
* 8 1 1 1 0 1 1 0 1
fi=(6)
+94 1 0 1
cfi=(15)
cfn=(34)
calls=1 37 
* 7126 845 507 102 27 9 102 27 9
fe=(9)
-87 3 1 0 1 0 0 1
+1 1 0 1
cfi=(22)
cfn=(60)
calls=1 -66 
* 17 2 0 2 1 0 2 1
* 1 0 1
+2 2 0 1
cfi=(23)
cfn=(62)
calls=1 -88 
* 13 3 1 2 0 0 2
* 3
+12 3 1
+3 5 3 1 1 0 0 1
cfi=(2)
cfn=(64)
calls=1 1356 
* 1762179 464488 170826 962 11140 2493 962 7297 1761
+3 4 4 0 0 1

fn=(636)
147 1 0 0 1 0 0 1
+1 1 1

fl=(60)
fn=(192)
47 26 0 0 1 0 0 1
+3 52
-3 156 0 78 1 0 2 1 0 2
+6 52
+5 156
+2 104 104
-7 55 5 0 1 0 0 1

fl=(11)
fn=(22)
294 1 0 0 1 0 0 1
+6 3 1
-6 1 0 1
+10 2
-10 3 0 2 1 0 0 1
-39 1
+39 1 0 1
+10 1
-10 2 0 1
+10 1
-10 3 0 1
+10 28 0 27 0 0 4 0 0 4
+2 1
43 110 22 0 1 0 0 1
+6 21 21 0 0 7 0 0 7
-3 21
+3 1652 212 0 1 2 0 1 2
+4 42
+4 21
fi=(12) ./elf/./elf/dl-tunables.h
161 62 10
fe=(11)
+27 21 0 0 1 0 0 1
319 84 21 0 1 1 0 1 1
+1 21
+2 63 21 0 0 1 0 0 1
-3 672 168 0 0 1 0 0 1
+1 168
+2 504 168 0 0 8 0 0 8
-5 588
fi=(12)
160 200 200
+1 800
-1 55 11 0 1 0 0 1
fe=(11)
337 6 1 0 1 0 0 1
+6 27 9 0 1 0 0 1
-3 27 0 0 1 0 0 1
+12 8 7

fn=(28)
435 33 0 0 1 0 0 1
+3 66
-3 33
+3 165 33 0 0 30 0 0 29
+9 30 30 0 0 19 0 0 14
-9 60
+19 21 0 21
+7 99 33 0 0 7 0 0 5
+2 33 33
-19 12 0 12 1 0 0 1
+1 12
+9 6

fn=(58)
162 6 0 0 1 0 0 1
-89 6
+89 18
-89 48 6
+21 6 6 0 1 0 0 1
-11 6 6
+12 6 6
-1 18 6
+1 24 6
+4 12
+2 12
+4 6
-4 12
+11 12 0 0 1 0 0 1
+1 12
+3 12 0 6 1 0 0 1
+1 6 0 6
+1 6 0 6
+1 6 0 6
+47 6 6

fl=(20)
fn=(56)
624 11 0 6 1 0 0 1
+47 1 1
-29 1 1
-3 1 1
+32 1
-17 2
-11 1 1
+28 2 0 0 1 0 0 1
+4 2
-26 1 0 1
+31 1
-14 1 0 1
-15 4 1 1
+32 1 0 1
-32 9 3 1 1 0 0 1
+75 4 0 0 1 0 0 1
+8 1
+2 1 1
-2 5 1
+2 2
-2 1
-4 3 1
+31 2
-21 4
+2 1
+2 2
-4 3 0 0 1 0 0 1
+2 1
+2 6
+2 4
+3 2
+5 1
+2 2 0 0 1 0 0 1
+1 1
+1 1
-2 2
+1 1
-19 4
+46 2
+2 1 1
-1 1
+1 2
+1 1 0 1
+25 3 1 0 1 0 0 1
+11 4
+1 5 0 0 1 0 0 1
+4 2 1
+7 1 0 1
+1 1 0 1
+1 1 0 1
+1 7 7
693 6 0 0 1 0 0 1
+14 2
+4 1
+3 1
+1 1
-4 2 0 1
+3 3 0 1
+6 4
-37 12
+7 6
-7 3 0 0 1 0 0 1
+7 2
+3 20
+5 2
+4 1
+1 1
-1 2
+1 1
+61 2 0 0 1 0 0 1
+7 1 1
+2 2
-16 1
+22 1
-6 2
+1 2 0 1 1 0 0 1
+5 1

fn=(52) intel_check_word.constprop.0
133 48 0 0 1 0 0 1
-4 48 0 24
+10 72
+87 24
-97 72 0 48 1 0 0 1
+90 24
-90 48 0 24
+10 48
-10 24 0 24
+10 24
+73 72 48
-73 24
+73 48
-69 24
+2 48 0 0 1 0 0 1
-10 12
257 144 144
-31 144 0 0 1 0 0 1
fi=(21) ./elf/../bits/stdlib-bsearch.h
28 144
fe=(20)
+92 96 48 0 0 1 0 0 1
fi=(21)
-92 108
fe=(20)
+92 72 36 0 0 1 0 0 1
+3 324
fi=(21)
-97 768
+2 720
fe=(20)
+92 480 240 0 0 4 0 0 4
+21 144
+2 36
+2 132 0 0 1 0 0 1
+8 120 0 0 1 0 0 1
+51 96
fi=(21)
44 60
-18 120
+17 72
fe=(20)
165 36 0 0 1 0 0 1
+3 60
+9 18
+1 18
+1 18
+1 18 0 0 1 0 0 1
-18 18
+12 18
+23 21
-32 63
+3 63
+4 58
+2 116
+3 58
+1 50
+1 38
+1 24
+2 11 0 0 1 0 0 1
+2 22
+6 14
+3 8 0 0 1 0 0 1
+1 12
-3 9
-5 4 0 0 1 0 0 1
+2 4
+1 4
-2 4
-1 4
+2 8
-2 4
+3 4
-2 12
+2 12
+11 2
-38 6 0 0 1 0 0 1
+12 15

fn=(50)
266 24 12 0 1 0 0 1
-5 12 0 12
+17 12
-17 96 0 60
+11 12 0 12
+6 36 0 12
+4 24
+34 96 84
-29 12 0 0 1 0 0 1
+3 24
-3 12
+3 12 0 12
cfn=(52)
calls=12 133 
* 4008 420 60 6 6 0 6 6
+2 24
+3 60 0 12 1 0 0 1
cfn=(52)
calls=12 133 
* 1286 96 60 6 0 0 6
+2 24

fl=(44)
fn=(126)
59 1 0 0 1 0 0 1
+12 1
+1 1
+22 1
+1 1
+45 1 1 0 1 0 0 1
+1 1 1
+2 1
+1 1
+2 1 1
+1 1 1
+2 1
+1 1
+47 1
+1 1
+1 1
+1 1
+1 1
+1 1 1

fl=(72)
fn=(242)
25 4
+1 8
+1 2 2

fl=(65)
fn=(206)
25 6 0 0 1 0 0 1
+1 24
+1 6 6

fl=(14)
fn=(30)
36 1 0 0 1 0 0 1
fi=(265) ./elf/../sysdeps/unix/sysv/linux/brk_call.h
-12 2
fe=(14)
+13 1 0 1 0 0 1 0 0 1
+1 2
+6 1
+1 1 1

ob=(2)
fl=(250) ./posix/./posix/register-atfork.c
fn=(3290) __unregister_atfork
82 15 0 5 1 0 0 1
+1 10
-1 10
+1 10 0 5 0 0 1 0 0 1
fi=(251) ./posix/../malloc/dynarray-skeleton.c
243 5 5 0 0 1 0 0 1
fe=(250)
71 10
+38 20 5 5 1 0 0 1
+1 10 10

fl=(253) ./libio/./libio/fileops.c
fn=(3368) _IO_file_sync@@GLIBC_2.2.5
827 60 0 20 1 0 0 1
+5 40 20 0 0 1 0 0 1
+2 20 20 0 1 0 0 1
+1 20 10
+5 20
+11 20 0 10 1 0 0 1
+4 30 30

fl=(115)
fn=(376)
67 1 0 0 1 0 0 1
-24 1 1
+1 4 1
+23 2 1
-22 3 1 0 1 0 0 1
+4 4 1 0 1 0 0 1
+3 3 1
+3 4

fl=(201)
fn=(674)
545 1 0 0 1 0 0 1
+1 4 2 0 0 2
+1 3 2 0 1 1 0 1
+1 3 2 0 0 1
+2 1 1

fl=(109)
fn=(360)
28 1
fi=(88) ./string/../sysdeps/x86_64/multiarch/ifunc-avx2.h
+10 3 2 0 1 0 0 1
+2 4
+1 2 1
+1 3 1
+4 4
+3 3 0 0 1 0 0 1
+3 5 1
fe=(109)

fl=(208) ./string/../sysdeps/x86_64/multiarch/memset-vec-unaligned-erms.S
fn=(1486) __memset_chk_avx2_unaligned_erms
192 12 0 0 1 0 0 1
+1 12
+1 60
+4 12
+1 24
+5 12
+1 12
+1 12
+1 12
+1 12
+13 1 0 1
+1 1 0 1 0 0 1 0 0 1
+2 2 1
+5 12 12 0 0 12
+1 12
+6 1 0 1 0 0 1 0 0 1
+1 1 0 1
+12 1
+3 1
+1 1
+68 11 11 0 1 11 0 1
+1 11
+1 11
+1 11
+1 11
+1 2381467 0 2381456 0 0 37207 0 0 34282
+5 11
+2 22 11 0 0 8

fn=(746) __memset_avx2_unaligned_erms
198 57 0 0 1 0 0 1
+1 114
+5 57
+1 57
+1 57
+1 57
+1 57
+21 57 57 0 1 27 0 1
+1 57
+6 24 0 24 0 0 14 0 0 14
+1 24 0 24 0 0 11 0 0 11
+12 24
+3 24
+1 24
+12 24 0 24 0 0 10 0 0 10
+1 24 0 24 0 0 11 0 0 11
+13 24
+1 24
+2 24
+3 17
+3 17
+3 17 0 17 1 0 2 1 0 2
+1 17 0 17 0 0 8 0 0 8
+1 17 0 17 0 0 6 0 0 6
+1 17 0 17 0 0 8 0 0 8
+1 17
+1 17
+1 17
-6 56 0 56 0 0 18 0 0 18
+1 56 0 56 0 0 25 0 0 25
+1 56 0 56 0 0 18 0 0 18
+1 56 0 56 0 0 24 0 0 24
+1 56
+1 56
+1 73
+3 17 0 17 0 0 2 0 0 2
+1 17 0 17 0 0 4 0 0 4
+1 17 0 17 0 0 5 0 0 5
+1 17 0 17 0 0 1 0 0 1
+3 34 17
-6 7 0 7 1 0 1 0 0 1
+1 7 0 7 0 0 3 0 0 3
+1 7 0 7 0 0 3 0 0 3
+1 7 0 7 0 0 2 0 0 2
+3 14 7
+15 33 33 0 0 25
+1 33
+1 31
+1 31
+1 31
+1 2884479 0 2884448 0 0 44876 0 0 16418
+5 31
+2 62 31 0 0 11
437 2 0 2 1 0 0 1
+1 2
+2 2
+1 2
+3 2 0 2
+1 2 0 2 0 0 2 0 0 1
+1 2 0 2
+1 2 0 2 0 0 2 0 0 1
+1 2
+1 2
+1 2
-6 35690 0 35690
+1 35690 0 35690 0 0 35690 0 0 34228
+1 35690 0 35690
+1 35690 0 35690 0 0 35690 0 0 34229
+1 35690
+1 35690
+1 35690
+1 2
+1 2 0 2
+1 2 0 2
+1 2 0 2 0 0 2 0 0 2
+1 2 0 2 1 0 0 1
+1 4 2 0 0 2

fl=(231) ./setjmp/../sysdeps/x86_64/setjmp.S
fn=(1394) __sigsetjmp
31 1 0 0 1 0 0 1
+2 1 0 1
+9 1
+1 2 1
+1 1 0 1
+4 1 0 1
+1 1 0 1 1 0 0 1
+1 1 0 1
+1 1 0 1
+1 1
+2 2 1
+2 1 0 1
+1 1 1
+1 1
+2 2 1
+2 1 0 1
+5 1 1 0 1 1 0 1
+1 1
+17 1
cfi=(232) ./setjmp/./setjmp/sigjmp.c
cfn=(1396) __sigjmp_save
calls=1 -57 
* 6 1 1

fl=(102)
fn=(346)
29 2 0 0 1 0 0 1
fi=(103) ./string/../sysdeps/x86_64/multiarch/ifunc-memmove.h
+27 6 4
+1 4
+3 6 2
+14 4 0 0 1 0 0 1
+3 4 0 0 1 0 0 1
+8 4
+8 4
+3 10 2 0 1 0 0 1
fe=(102)

fl=(190) ./nptl/./nptl/pthread_mutex_conf.c
fn=(624) __pthread_tunables_init
55 2 0 1 1 0 0 1
+1 1
-1 2 0 1
+1 1
-1 1
+1 4 1 2
cob=(4)
cfi=(191)
cfn=(626) 0x000000000c9c9710
calls=1 -56 
* 20 5 1 1 3 0 1 2
+2 4 0 1 1 0 0 1
cob=(4)
cfi=(191)
cfn=(626)
calls=1 -58 
* 19 5 1 0 2 0 0 2
+2 4 0 1
cob=(4)
cfi=(191)
cfn=(626)
calls=1 -60 
* 20 5 1 0 2 0 0 2
+2 6 5

fl=(130)
fn=(416)
31 1 0 0 1 0 0 1
fi=(101) ./wcsmbs/../sysdeps/x86_64/multiarch/ifunc-wcs.h
+8 2 1
+1 4 1 0 1 0 0 1
+1 3 1
+4 2
+3 4
fe=(130)
-17 2 1

fl=(119)
fn=(386)
60 1 0 0 1 0 0 1
-18 2 2
+1 4
+1 3 1 0 1 0 0 1
+3 3
+3 3
+10 1 1

fl=(89)
fn=(314)
29 1 0 0 1 0 0 1
fi=(266) ./string/../sysdeps/x86_64/multiarch/ifunc-sse4_2.h
+7 5 2
fe=(89)
-7 1 1

fl=(138)
fn=(444)
29 1 0 0 1 0 0 1
fi=(139) ./string/../sysdeps/x86_64/multiarch/ifunc-evex.h
+8 3 2
+1 4
+1 3 1 0 1 0 0 1
+4 2
+8 3
+3 4
fe=(138)
-25 1 1

fl=(233) ./misc/../sysdeps/unix/syscall-template.S
fn=(1402) madvise
117 80 0 0 1 0 0 1
+5 16 16

fl=(246)
fn=(3274)
71 1 0 0 1 0 0 1
+3 1 1
+2 1
+2 3
-7 3 0 1
+10 1 1 0 0 1
+2 2 0 0 1 0 0 1
+75 1 0 1
+2 1 0 1
+3 1
-59 1
+62 2 2
-76 2 0 0 1 0 0 1
+5 2 1
-51 1 1 0 1 0 0 1
+1 7 2
+1 3 0 1 1 0 0 1
+64 3 1
+1 2 0 1

fl=(93)
fn=(322)
29 4 0 0 1 0 0 1
fi=(94) ./string/../sysdeps/x86_64/multiarch/ifunc-memset.h
+32 20 8 0 0 2
+3 12 4 0 1 1 0 1
+16 8
+4 16
+8 8
fe=(93)
-63 4 4 0 1 0 0 1
fi=(94)
+71 8 0 0 1 0 0 1
-48 4
+1 8 0 0 1 0 0 1
fe=(93)

fl=(252) ./libio/./libio/iofflush.c
fn=(3366) fflush
32 10 0 0 1 0 0 1
+1 20
-1 60 0 30
+7 20 10 0 0 2 0 0 1
+1 10 10 0 0 2
fi=(254) ./libio/./libio/libioP.h
1037 30 0 0 1 0 0 1
+1 20
fe=(252)
40 20 10 10 0 1
cfi=(253)
cfn=(3368)
calls=10 827 
* 210 80 30 3 1 0 3 1
* 20
fi=(254)
991 20 10
+1 90 40 20
fe=(252)
44 60 40
-5 100 40 20 4 3 0 4 1

fl=(132)
fn=(424)
29 1 0 0 1 0 0 1
fi=(112) ./string/../sysdeps/x86_64/multiarch/ifunc-strncpy.h
+6 5 2
+1 3 1
+4 4
+3 3
+3 5 1 0 1 0 0 1
fe=(132)

fl=(192) ./stdlib/../sysdeps/unix/sysv/linux/getrandom.c
fn=(628) __getrandom_early_init
238 7 1 2 1 0 0 1
+3 6 2 0 0 1
+37 5 4 0 1 0 0 1

fl=(133)
fn=(428)
29 1 0 0 1 0 0 1
fi=(134) ./wcsmbs/../sysdeps/x86_64/multiarch/ifunc-memcmp.h
+5 7 2
fe=(133)
-5 2 1
fi=(134)
+6 2 1 0 1 0 0 1
+2 3 1
+4 2
+3 3
+3 5
fe=(133)

fl=(258) ./posix/../sysdeps/unix/sysv/linux/_exit.c
fn=(3472) _Exit
27 3 1 0 1 0 0 1

fl=(96)
fn=(330)
29 1 0 0 1 0 0 1
fi=(97) ./debug/../sysdeps/x86_64/multiarch/ifunc-memmove.h
+27 3 2 0 1 0 0 1
+1 2
+3 3 1
+14 2 0 0 1 0 0 1
+3 2 0 0 1 0 0 1
+8 2
+8 2
+3 5 1
fe=(96)

fl=(124)
fn=(400)
29 2 0 0 1 0 0 1
fi=(125) ./string/../sysdeps/x86_64/multiarch/ifunc-memcmp.h
+5 14 4 0 0 1
fe=(124)
-5 4 2
fi=(125)
+6 4 2 0 1 0 0 1
+2 6 2
+4 4
+3 6
+3 10
fe=(124)

fl=(213) ./locale/./locale/uselocale.c
fn=(866) uselocale
30 2 0 0 1 0 0 1
+1 6 4 0 1 0 0 1
+2 4
+3 2
-1 2
+2 2 0 2
+28 6 4 2 0 1
+1 6 4 2
+1 6 4 2 1 0 0 1
+3 6
+1 2 2

fl=(198)
fn=(666)
46 5 0 1 1 0 0 1
+5 2 1
+4 5 4 0 1 2 0 1 1
+8 1 1 0 0 1
-2 1 0 1 0 0 1
+10 1
-9 1 0 1
+1 1 0 1 0 0 1 0 0 1
+9 1 1
-1 1
cfi=(199) ./misc/./misc/init-misc.c
cfn=(668) __init_misc
calls=1 -41 
* 50 11 6 5 2 1 5

fl=(220) ./string/../sysdeps/x86_64/multiarch/memcmp-avx2-movbe.S
fn=(902) __memcmp_avx2_movbe
73 50 0 0 1 0 0 1
+7 50
+1 50
+3 1 1
+1 1 1
+1 1
+4 1
+1 1 0 0 1 0 0 1
+2 1
+1 1
+3 1 1
+1 1 1
+1 1
+3 1
+1 1
+3 1
+1 1
+3 1 1
+1 1 1
+1 1
+1 1
+1 1 0 0 1 0 0 1
+1 1 1
+1 1 1
+1 1
+1 1
+1 1
+3 1
+1 1
+6 1 1
+1 1 1
+1 1
+1 1
+4 1 1 0 1 0 0 1
+1 1 1
+2 1 1
+1 1 1
+1 1 1
+1 1 1
+3 1
+1 1
+1 1
+1 1
+1 1
+1 1
+2 2 1
+4 39 0 0 1 0 0 1
+10 39 39
+1 39 39
+1 39
+3 78 39
401 49 0 0 1 0 0 1
+1 49
+5 49
+1 49
+1 49
+1 49
+1 49
+3 49 49
+1 49 49
+1 49
+1 49
+3 49
+1 49
+1 10
+1 20 10

fl=(209) ./nptl/./nptl/pthread_once.c
fn=(770) pthread_once@@GLIBC_2.34
136 14 0 0 1 0 0 1
+3 14 14 0 0 1 0 0 1
+1 28
+4 26 13
-8 2 0 1 1 0 0 1
+7 1 0 1
cfn=(772) __pthread_once_slow.isra.0
calls=1 -76 
* 1973 624 314 18 21 2 18 7
+1 3 2

fn=(772)
67 9 1 4 1 0 0 1
+9 1 1 0 1 0 0 1
+4 2
+52 8 6
-44 2 1 0 0 1 0 0 1
+4 2 0 1
+9 2
+13 14 0 9 2 0 0 2
cfi=(210) ./nptl/./nptl/cleanup_compat.c
cfn=(774) _pthread_cleanup_push@@GLIBC_2.34
calls=1 -89 
* 7 2 4 2 1 0 2
+2 2 1 1
cob=(7)
cfi=(205)
cfn=(776)
calls=1 0 
* 1905 609 292 12 19 2 12 6
+2 3 0 1
cfi=(210)
cfn=(792) _pthread_cleanup_pop@@GLIBC_2.34
calls=1 -78 
* 6 2 1
fi=(212) ./nptl/../sysdeps/nptl/futex-internal.h
+71 4
fe=(209)
-65 2 1 1
fi=(212)
+65 4
fe=(209)

fl=(131)
fn=(420)
29 1 0 0 1 0 0 1
fi=(88)
+9 3 2
+2 4
+1 2 1
+1 3 1
+4 4 0 0 1 0 0 1
+3 3
+3 5 1
fe=(131)

fl=(225) ./malloc/./malloc/morecore.c
fn=(1236) __glibc_morecore
25 2 0 0 1 0 0 1
+1 4 2 0 0 1
-1 4 0 2 1 0 0 1
+4 2 0 2
cfi=(226) ./misc/./misc/sbrk.c
cfn=(1238) sbrk
calls=2 +8 
* 68 18 8 5 2 0 5 1
+1 4
+4 4 4

fl=(118)
fn=(384)
29 1 0 0 1 0 0 1
fi=(266)
+7 5 2 0 1 0 0 1
fe=(118)
-7 1 1

fl=(202)
fn=(676)
64 1 0 0 1 0 0 1
+3 3 1 0 0 1
-1 2
+3 1 0 1
-1 1
-1 3 1 0 0 1
+2 2 0 2 0 0 1
-1 2
-1 6 2 0 0 2
+3 1 1

fl=(85)
fn=(306)
86 1 0 0 1 0 0 1
fi=(86) ./string/../sysdeps/x86/cacheinfo.h
-24 1 1
+3 3 1 0 0 1
+2 1
+1 1 0 1 0 0 1 0 0 1
-1 2 0 1 0 0 1 0 0 1
+7 3 1 0 1 0 0 1
+2 1
+1 1 0 1
-1 2 0 1
+5 2 1 1 0 0 1 0 0 1
+3 2 1 1
+2 2 1 1 1 1 0 1
+1 2 1 1
+1 2 1 1
+2 2 1
fe=(85)
-4 2 1

fl=(227) ./misc/../sysdeps/unix/sysv/linux/brk.c
fn=(1240) brk
36 2 0 0 1 0 0 1
fi=(267) ./misc/../sysdeps/unix/sysv/linux/brk_call.h
-12 4
fe=(227)
+13 4 2 2
+1 4
+6 2
+1 2 2

fl=(228) ./csu/../csu/libc-start.c
fn=(1366) __libc_start_main@@GLIBC_2.34
242 13 0 7 1 0 0 1
+69 2
+1 4 0 1 1 0 0 1
cfi=(221) ./stdlib/./stdlib/cxa_atexit.c
cfn=(1168) __cxa_atexit
calls=1 67 
* 73 13 15 0 0 1 0 0 1
+25 6 2 1
+6 2 2
-3 2
+10 2 1 1
cob=(4)
cfi=(191)
cfn=(1386) 0x000000000c9c9790
calls=1 0 
* 7 3 0 2 2 0 2
+2 2
+8 4 1 1
cfi=(229) ./csu/../sysdeps/nptl/libc_start_call_main.h
cfn=(1390) (below main)
calls=1 30 
* 205083402 42281627 29989307 805 3498064 638463 797 39468 323280
128 2 2 0 1 1 0 1
+6 3 1 0 0 1
+1 6 2 2 1 1 0 1
cob=(4)
cfi=(191)
cfn=(1368) 0x0000000004001000
calls=1 0 
* 7 2 0 1 0 0 1
* 1 1
+3 1 1 0 0 1
+1 2
+3 3 2 0 0 1
+2 2
-1 9 3 1
+2 4 1 2
cob=(4)
cfi=(191)
cfn=(1378) 0x0000000004005150
calls=1 0 
* 284 43 83 7 1 16 7 0 16
* 4 1 2 1 1 0 1
cob=(4)
cfi=(191)
cfn=(1372) 0x00000000040053d0
calls=1 0 
* 12 1 0 3 0 0 3
-1 7 2

fl=(236) ./nptl/./nptl/cancellation.c
fn=(1476) __syscall_cancel
74 15 0 3 1 0 0 1
-37 6 6 0 0 2
+1 6 3 0 0 1
+2 9 3 0 1 0 0 1
+39 6
+1 9 6

fl=(135)
fn=(432)
29 1 0 0 1 0 0 1
fi=(97)
+27 3 2
+1 2
+3 3 1 0 1 0 0 1
+14 2 0 0 1 0 0 1
+3 2
+8 2 0 0 1 0 0 1
+8 2
+3 5 1
fe=(135)

fl=(257) ./nptl/./nptl/libc-cleanup.c
fn=(3466) __libc_cleanup_push_defer
24 2 0 0 1 0 0 1
+1 2 2
+2 4 2 2 1 0 0 1
+2 4 2
+3 4
+14 6 0 2
+2 2 0 2
+1 2 2

fn=(3468) __libc_cleanup_pop_restore
54 2 0 0 1 0 0 1
+1 2 2
+2 4 2 2
+2 4 2
+1 6 2
+11 2 2 0 1 0 0 1

fl=(98)
fn=(334)
29 2 0 0 1 0 0 1
fi=(97)
+27 6 4
+1 4
+3 6 2
+14 4 0 0 1 0 0 1
+3 4 0 0 1 0 0 1
+8 4
+8 4
+3 10 2 0 1 0 0 1
fe=(98)

fl=(126)
fn=(404)
31 2 0 0 1 0 0 1
fi=(127) ./wcsmbs/../sysdeps/x86_64/multiarch/ifunc-wmemset.h
+5 10 4
+1 6 2
+3 4
+8 6
+3 8 0 0 1 0 0 1
fe=(126)
-20 2 2

fl=(143)
fn=(458)
31 1 0 0 1 0 0 1
fi=(116) ./string/../sysdeps/x86_64/multiarch/ifunc-strcasecmp.h
+5 1 1
+1 4 1
fe=(143)
-6 2 1
fi=(116)
+7 3 1 0 1 0 0 1
+4 4 1
+3 3 1
+3 4
fe=(143)

fl=(232)
fn=(1396)
28 1
+2 2
-1 1 0 1
+5 2 1

fl=(237) ./string/../sysdeps/x86_64/multiarch/memmove-vec-unaligned-erms.S
fn=(1570) __memcpy_chk_avx_unaligned_erms
249 5 0 0 1 0 0 1
+1 5
+1 25
+4 5 0 0 1 0 0 1
+1 5
+6 5
+1 5
+2 5 5 0 0 4
+1 5
+1 5
375 1 1 0 1 0 0 1
+1 1 1
+1 1 0 1 0 0 1 0 0 1
+1 1 0 1
+1 1 0 1 0 0 1 0 0 1
+1 1 0 1
+1 2 1
+5 5 5 0 1 3 0 1
+1 5
+5 2
+1 2
+2 2 2
+1 2
+1 2
+2 1 1
+1 1 1
+1 1 1
+1 1 1
+1 1 1
+1 1 1 0 1 0 0 1
+1 1 0 1 0 0 1 0 0 1
+1 1 0 1
+1 1 0 1 0 0 1 0 0 1
+1 1 0 1
+1 1 0 1 0 0 1 0 0 1
+1 1 0 1 0 0 1 0 0 1
+1 1 0 1
+1 1 0 1
+1 2 1
563 3 3 0 1 0 0 1
+7 3
+1 3
+30 3 0 0 1 0 0 1
+1 3
+4 3
+2 3
+3 3
+4 3 3 0 0 3
+1 3
+4 3 3
+4 3
+24 3
+2 3
+2 3
+2 3 0 0 1 0 0 1
+3 3
+1 3
+2 1662315 1662312 1662312 0 25973 25974 0 0 839
+3 3 0 3 0 0 3
+2 3 0 3 0 0 2
+2 6 3 0 0 3

fn=(1574) __memcpy_avx_unaligned_erms
255 26
+1 26
+6 26
+1 26
+2 26 26 0 0 10 0 0 1
+1 26
+1 26
375 5 5
+1 5 5
+1 5 0 5 0 0 2 0 0 2
+1 5 0 5 0 0 1 0 0 1
+1 5 0 5 0 0 2 0 0 2
+1 5 0 5
+1 10 5
+5 26 26 0 0 6
+1 26
+5 18
+1 18
+2 9 9 0 0 1
+1 9
+1 9
+2 4 4
+1 4 4 0 0 1
+1 4 4 0 0 1
+1 4 4 0 0 1
+1 4 4
+1 4 4
+1 4 0 4 0 0 2 0 0 2
+1 4 0 4
+1 4 0 4 0 0 3 0 0 2
+1 4 0 4
+1 4 0 4 0 0 2 0 0 1
+1 4 0 4 0 0 1 0 0 1
+1 4 0 4 0 0 2 0 0 1
+1 4 0 4
+1 8 4
+4 9
+1 9
+4 9
+2 9 0 0 1 0 0 1
+4 9 9 0 0 2
+1 9
+11 9
+3 9
+2 9
+2 9
+4 9
+1 9
+9 9 9 0 0 3
+1 9 9 0 0 1
+2 9
+2 9
+1 9 9 0 1 3 0 1
+1 9 9 0 0 1
+3 9
+2 9
+2 9
+2 18
+6 9 9 0 0 1
+1 9 9 0 0 3
+1 9 9 0 0 1
+1 9 9 0 0 3
+1 9
+1 9 0 9 0 0 3 0 0 3
+1 9 0 9 0 0 2 0 0 2
+1 9 0 9 1 0 2 1 0 2
+1 9 0 9 0 0 2 0 0 2
+1 9
+1 9
+1 9
-11 107 107 0 0 7
+1 107 107 0 0 78
+1 107 107 0 0 6
+1 107 107 0 0 76
+1 107
+1 107 0 107 0 0 8 0 0 8
+1 107 0 107 0 0 8 0 0 8
+1 107 0 107 0 0 8 0 0 8
+1 107 0 107 0 0 8 0 0 8
+1 107
+1 107
+1 107
+2 9 0 9 0 0 2 0 0 2
+1 9 0 9 0 0 2 0 0 2
+1 9 0 9
+1 9 0 9
+2 9 0 9
+4 18 9
+58 8 8 0 0 3
+7 8
+1 8
+6 3
+3 3
+2 3
+3 3
+1 3
+2 3
+2 1250995 1250992 1250992 0 19547 19547 0 286 13020
+2 3 0 3 0 0 3 0 0 2
+2 3 0 3
+2 6 3 0 0 3
+5 8
+1 8
+4 8
+2 8
+3 8
+4 8 8 0 0 6
+1 8
+4 8 8
+4 8
+24 5
+2 5
+2 5
+2 5
+3 5
+1 5
+2 404661 404656 404656 0 6319 5743
+3 5 0 5 0 0 4
+2 5 0 5 0 0 1
+2 10 5 0 0 4

fl=(219) ./string/../sysdeps/x86_64/multiarch/strlen-avx2.S
fn=(898) __strlen_avx2
52 76 0 0 1 0 0 1
+13 76
+1 76
+1 76
+3 76
+2 76
+1 76
+3 76 76 0 0 7 0 0 7
+1 76
+8 76
+1 76
+1 76
+5 152 76

fl=(199)
fn=(668)
30 1 0 0 1 0 0 1
+1 5 1
-1 1 0 1
+3 1
-3 3 0 1
+3 3 0 2 1 0 0 1
cob=(4)
cfi=(191)
cfn=(670) 0x000000000c9c9650
calls=1 -33 
* 24 3 0 3 2 0 3
+4 1 1
+1 1 1
-1 5 1 1 0 0 1
+1 3 2 1
+2 2 2

fl=(194) ./malloc/./malloc/malloc.c
fn=(1234) _int_malloc
3790 104 0 78 1 0 0 1
+32 26
1288 78
3831 26
+16 26 0 0 1 0 0 1
+54 25
+18 13
-1 13
+12 26 13 0 0 3
-11 26
-1 39 13 13 1 0 0 1
+12 26
-80 8 0 0 1 0 0 1
+2 8 8 0 0 4
-2 8
+2 16
4340 117 91 0 1 0 0 1
3901 31 0 0 2 0 0 2
-52 48
4124 13 0 0 1 0 0 1
-2 26 0 0 1 0 0 1
+2 10
+3 5 5 0 0 3
-3 5
+3 10
+68 13 0 0 1 0 0 1
+1 13
+1 13
-1 13 0 0 1 0 0 1
+1 13
+1 26 13 0 0 3
+1 39
+5 52
+4 39 0 0 1 0 0 1
+3 48 12 0 1 0 0 1
-3 36
+3 32 8
-3 24
+3 20 5
-3 10
4308 26 13 13 1 0 0 1
+1 39 13 13 0 2
+2 26 13
+3 52 0 13
+5 12 0 0 1 0 0 1
-2 12 12
+2 24
-2 12
+7 12
-8 12
+3 12
+2 12
-3 12 0 12
+1 48 0 12
+2 12 0 12 0 0 12 0 0 12
1888 36 12 0 0 2
2324 1 1 0 1 0 0 1
+12 1 1 0 0 1
-12 2 1 1
+12 1
4336 3 0 1 1 0 0 1
cfn=(1242) alloc_perturb
calls=1 1887 
* 5 2 0 1 0 0 1
* 1
2325 1 0 0 1 0 0 1
+36 4 2
+1 1
-1 1 0 1
+1 1 0 1
+9 4 0 0 1 0 0 1
+9 4 0 0 1 0 0 1
2698 3 2 0 1 0 0 1
+1 1 0 1
+4 1 1 0 1 0 0 1
+1 2 1
+3 2 1
+5 2
-2 1
+2 1
-3 1
+2 1 0 1
+4 1
-3 1
+1 1
-1 3 0 1
+1 1 0 1 1 0 1 1 0 1
4335 1
2441 2 1 0 1 0 0 1
+8 2 1
+1 1 1
+10 2 1
+7 4 1 0 1 0 0 1
+8 2
+57 4 1 0 2 0 0 2
+40 1
-12 1
+12 2
+19 1 1 0 1 0 0 1
+4 1 1
-1 2
+1 6
+2 2
+1 4 0 3
cfi=(225)
cfn=(1236)
calls=1 25 
* 26 8 3
+12 3 2 0 1 0 0 1
-12 1
+12 1
1912 2 1
2650 1 0 0 1 0 0 1
+3 1
-1 1 0 1
+1 4 0 1 0 0 1 0 0 1
+12 1 1 0 1 0 0 1
-11 1 0 1
+11 2
2477 4 0 3 1 0 0 1
cfi=(225)
cfn=(1236)
calls=1 25 
* 62 16 9 7 3 0 7 1
+1 3 2
-1 1 0 0 1 0 0 1
+1 1
1912 2 1
2480 1 0 0 1 0 0 1
+3 2
+38 3 1
+2 2 1
+6 1
-6 1 0 1
+6 3 1 0 1 0 0 1
-7 2 0 1 1 0 0 1
1921 2 1

fn=(3242) _int_free_maybe_trim
4528 22 2 14 1 0 0 1
+3 4 0 0 1 0 0 1
+2 4
+3 6 3 0 1 1 0 1
+14 22 18 0 1 0 0 1

fn=(3248) unlink_chunk.isra.0
1592 1 0 1 1 0 0 1
+2 3 1
-2 1
+2 2 1 0 1 0 0 1
+3 1 1
+3 2 1
-2 1 1
+2 2 1
+3 1 0 1
+1 1 0 1
+1 5 1
+24 2 2 0 1 0 0 1

fn=(2434) free
3319 13 0 0 1 0 0 1
+3 26
+15 26
-4 39 13 0 1 3 0 1
+8 39 13 0 0 1
+6 33 22 0 0 2
+6 11 11 0 0 2
-3 22
+3 11 11 0 0 2
-3 11
+1 22
+2 33 11 0 1 3 0 1 1
3007 10
+8 10
-12 10 0 10
+4 30 10 10 0 4
+1 10 0 10
+7 10 0 10
3354 10 10
+10 3 0 0 1 0 0 1
-34 2
+40 4
fi=(193) ./malloc/./malloc/arena.c
151 6
fe=(194)
3374 6
cfn=(3238) _int_free_chunk
calls=2 4351 
* 245 81 48 16 7 1 16
-9 1 0 0 1 0 0 1
cfn=(2436) tcache_free_init
calls=1 -53 
* 312 41 133 4 1 12 4 0 12

fn=(2435) free'2
3319 1
+3 2
+15 2
-4 3 1
+8 3 1
+6 3 2
+6 1 1
-3 2
+3 1 1
-3 1
+1 2
+2 3 1
3007 1
+8 1
-12 1 0 1
+4 3 1 1
+1 1 0 1
+7 1 0 1
3354 1 1

fn=(3238)
4351 8 0 4 1 0 0 1
+8 2 2 0 0 1
-3 2 2
+3 2 2
-3 4
+6 4 2
+6 2 0 2
cfn=(3240) _int_free_merge_chunk
calls=2 +39 
* 211 65 40 15 6 1 15
+5 4 2 2
+27 6 6

fn=(1230) malloc
3283 14 0 0 1 0 0 1
1269 28
+19 14
3287 14 14 0 0 4 0 0 1
1288 42
3287 28
+2 33
+2 22 0 0 1 0 0 1
+2 66 33 0 0 7 0 0 2
3030 4
+4 8 2 2 0 1
+4 2 0 2 0 0 1
+1 2 0 2
3294 2 2
+12 12 0 0 1 0 0 1
cfn=(1232) __libc_malloc2
calls=12 -59 
* 1868 340 232 47 22 13 47 1 13

fn=(1232)
3247 78 0 39 1 0 0 1
+4 26 13 0 0 2
+28 65 52
-26 39 0 13 1 0 0 1
cfn=(1234)
calls=13 3790 
* 1707 286 197 44 21 14 44 1 14
+1 65 13 0 1 0 0 1
fi=(193)
151 26
fe=(194)

fn=(2436)
3312 1 0 1 1 0 0 1
2941 1 1
3312 2 0 1
2941 1
3312 2 0 1
2941 1 0 1
3210 2 1
+8 2 0 1 1 0 0 1
cfn=(1232)
calls=1 +29 
* 138 24 17 0 1 1 0 0 1
* 3 1 1
+2 2
fi=(241) ./malloc/../string/bits/string_fortified.h
59 104 0 96 1 0 11 1 0 11
fe=(194)
3228 2 1
+1 13 1 10 1 0 0 1
+85 1
+1 3 3
-1 1
cfn=(2435)
calls=1 +5 
* 33 9 4

fn=(1242)
1887 1 0 0 1 0 0 1
+1 3 1
+2 1 1

fn=(3240)
4407 16 0 12 1 0 0 1
+7 10 2 0 1 1 0 1
-6 2
+9 6 2
+5 6 2 0 0 1
+4 4
-1 4
+1 4 2 0 0 1
1895 6 2 0 1 1 0 1
4433 4 2
+2 1 1
+2 1
+1 4 1
+2 1
-4 1
+4 1 0 1
cfn=(3248)
calls=1 1592 
* 22 9 3 3 0 0 3
+18 4 2
+6 2 1 0 1 0 0 1
+4 1 0 1
+4 2
+9 1 1
-1 1
+2 2 1
+2 3 0 1 0 0 1
+18 1 0 1 1 0 0 1
-1 1 0 1
+2 1 0 1
+1 1 0 1 1 0 0 1
+2 3 0 1
+1 1 0 1
-61 1
-1 2
+1 6 6
-1 1
cfn=(3242)
calls=1 +83 
* 24 10 7 3 0 0 3
+1 1
-1 2
+1 6 6
-1 1
cfn=(3242)
calls=1 +83 
* 34 13 7 1 1 0 1
+70 1
+1 3 0 1
+1 2 0 1 1 0 0 1
4417 10 2 0 1 1 0 1

fl=(221)
fn=(1168)
67 56 0 32 2 0 0 2
-26 16
+2 64 0 8 0 0 1
+1 16 0 8
cfn=(1170) __new_exitfn
calls=8 +36 
* 261 48 33 4 2 0 4 1
+2 16
+6 8 8 0 1 0 0 1
+5 8
-3 8 0 8 0 0 4 0 0 3
+1 8 0 8
-3 8
+4 8 0 8
-4 8
+1 8 0 8
+4 32 8 8
+1 8
+11 48 40

fn=(1170)
80 8 0 0 1 0 0 1
+6 16 8 0 0 1 0 0 1
-6 32 0 8
+11 8 8 0 0 1
-10 8
+10 32
+2 16 8
+1 28 7
-1 16 0 0 1 0 0 1
-2 1 1
+10 1 0 1
-10 3
+13 14
+25 7
+1 14 0 7
-1 14
+7 7 0 7
+5 7
-4 7 0 7
+4 14 14
-5 1 0 1
+5 1
-4 1 0 1
+4 2 2
-18 1 0 1 1 0 0 1
-1 1 0 0 1 0 0 1
+12 1

fl=(234) ./debug/./debug/read_chk.c
fn=(1472) __read_chk
22 2 0 0 1 0 0 1
+1 4
+3 2
cfi=(235) ./io/../sysdeps/unix/sysv/linux/read.c
cfn=(1474) read
calls=2 -1 
* 58 16 8 3 0 0 3

fl=(229)
fn=(1390)
30 6 0 4 1 0 0 1
+15 4 1 2
cfi=(230) ./setjmp/../sysdeps/x86_64/bsd-_setjmp.S
cfn=(1392) _setjmp
calls=1 -17 
* 31 6 9 4 1 0 4
* 1
+2 2
+5 2 1 1 1 1 0 1
+1 2 1 1 0 1
+3 2 0 1
+3 5 5 1 1 0 0 1
cob=(4)
cfi=(191)
cfn=(1398) 0x0000000004001380
calls=1 -59 
* 205071660 42277772 29987343 608 3497753 638414 607 39337 323258
+24 2 0 1
cfi=(243) ./stdlib/./stdlib/exit.c
cfn=(3226) exit
calls=1 +64 
* 11685 3841 1944 190 308 49 183 131 22

fl=(87)
fn=(310)
31 2 0 0 1 0 0 1
fi=(88)
+7 6 4
+2 8
+1 4 2 0 0 1
+1 6 2
+4 8 0 0 1 0 0 1
+3 6
+3 10 2
fe=(87)

fl=(120)
fn=(388)
29 1 0 0 1 0 0 1
fi=(121) ./string/../sysdeps/x86_64/multiarch/ifunc-strcpy.h
+9 2 2
+1 1 1
-1 2
+1 2
+4 4
+3 3 0 0 1 0 0 1
+3 3
fe=(120)
-20 1 1

fl=(242) ./io/../sysdeps/unix/sysv/linux/write.c
fn=(3218) write
25 2 0 1 1 0 0 1
+1 4
-1 1
+1 3 0 2 0 0 1
cfi=(236)
cfn=(1476)
calls=1 +48 
* 17 6 1 0 3
+1 2 2

fl=(247)
fn=(3276)
357 1 0 0 1 0 0 1
51 1 1
+1 2
357 3 0 1 1 0 0 1
55 2
+8 1 0 1
-3 1 0 1
-21 1 1
+1 4 1
+1 1 0 1
+27 1
+2 1
359 2 2
72 2 0 0 1 0 0 1
+3 3 2
+3 2 0 1

fl=(218) ./wctype/./wctype/wctype_l.c
fn=(894) wctype_l
26 80 0 50 1 0 0 1
+7 10
-7 30 0 10
+3 10 0 10
cob=(4)
cfi=(191)
cfn=(896) 0x000000000c9c94f0
calls=10 -29 
* 160 30 0 2 4 0 2 3
* 10
+3 30 20 10 0 1
+1 10
+7 48
+1 96 48
-8 48
+2 96 0 48
cob=(4)
cfi=(191)
cfn=(896)
calls=48 -35 
* 768 144 0 0 1 0 0 1
* 20 0 10 1 0 0 1
cob=(4)
cfi=(191)
cfn=(896)
calls=10 -35 
* 160 30 0 0 1 0 0 1
* 58
+2 312 0 49
cob=(4)
cfi=(191)
cfn=(900) 0x000000000c9c9570
calls=49 -37 
* 1146 274 0 4 1 0 4
* 98
+8 20 20 0 0 1
+1 10 10 0 0 2
+1 80 70 0 1 0 0 1

fl=(222) ./stdlib/./stdlib/secure-getenv.c
fn=(1212) secure_getenv
28 1 0 0 1 0 0 1
+1 5 2 0 1 2 0 1
cfi=(223) ./stdlib/./stdlib/getenv.c
cfn=(1214) getenv
calls=1 -4 
* 284 91 9 12 16 0 12 2

fl=(226)
fn=(1238)
37 10 0 2 1 0 0 1
+6 4 2 0 0 1
+35 3 2
-38 4 4 0 1 1 0 1 1
+18 4
+4 4
+4 1
+1 1
-1 3 0 1
+8 1 0 1
cfi=(227)
cfn=(1240)
calls=1 -38 
* 9 2 1
* 3 1
+4 4 2 1 1 0 0 1
-19 2 0 1
cfi=(227)
cfn=(1240)
calls=1 -23 
* 9 2 1 1 0 0 1
* 2
+4 4 3 0 1 0 0 1

fl=(99)
fn=(338)
29 1 0 0 1 0 0 1
fi=(88)
+9 3 2
+2 4 0 0 1 0 0 1
+1 2 1
+1 3 1
+4 4
+3 3
+3 5 1
fe=(99)

fl=(128)
fn=(408)
29 1 0 0 1 0 0 1
fi=(121)
+9 2 2 0 1 0 0 1
+1 1 1
-1 2
+1 2
+4 4
+3 3
+3 3
fe=(128)
-20 1 1

fl=(195) ???
fn=(634) __popcountdi2
0 21 1 0 2 0 0 2

fl=(122)
fn=(392)
31 1 0 0 1 0 0 1
fi=(116)
+5 1 1
+1 4 1
fe=(122)
-6 2 1
fi=(116)
+7 3 1 0 1 0 0 1
+4 4 1 0 1 0 0 1
+3 3 1
+3 4
fe=(122)

fl=(129)
fn=(412)
31 1 0 0 1 0 0 1
fi=(116)
+5 1 1
+1 4 1
fe=(129)
-6 2 1
fi=(116)
+7 3 1 0 1 0 0 1
+4 4 1
+3 3 1
+3 4 0 0 1 0 0 1
fe=(129)

fl=(193)
fn=(630) __ptmalloc_init
251 2 0 1 1 0 0 1
fi=(268) ./malloc/../sysdeps/unix/sysv/linux/not-cancel.h
96 3
fe=(193)
251 4 0 2
fi=(268)
96 4 1 1 1 0 0 1
fi=(194)
2960 2
+14 1 0 0 1 0 0 1
+2 2
-1 1 0 1
cfi=(195)
cfn=(634)
calls=1 0 
* 21 1 0 2 0 0 2
+1 3
fe=(193)
275 2 1
+13 4 1 1 1 1 0 1
fi=(194)
1853 4
+3 1
-3 1
+3 2 0 1 0 0 1 0 0 1
-3 2
+3 126
-3 126
+3 252 0 126 0 0 32 0 0 31
-3 252
+11 1
fe=(193)
292 3 0 0 1 0 0 1
fi=(194)
1864 1 0 1
fe=(193)
292 1 0 1
cob=(4)
cfi=(191)
cfn=(626)
calls=1 0 
* 19 5 1 0 2 0 0 1
+1 4 0 1
cob=(4)
cfi=(191)
cfn=(626)
calls=1 0 
* 20 5 1 0 2 0 0 1
+1 4 0 1 1 0 0 1
cob=(4)
cfi=(191)
cfn=(626)
calls=1 0 
* 19 5 1 0 1
+1 4 0 1
cob=(4)
cfi=(191)
cfn=(626)
calls=1 0 
* 19 5 1 0 2 0 0 1
+1 4 0 1
cob=(4)
cfi=(191)
cfn=(626)
calls=1 0 
* 20 5 1 0 2 0 0 1
+1 4 0 1 1 0 0 1
cob=(4)
cfi=(191)
cfn=(626)
calls=1 0 
* 19 5 1 0 2 0 0 1
+1 4 0 1
cob=(4)
cfi=(191)
cfn=(626)
calls=1 0 
* 19 5 1 0 2 0 0 1
+2 4 0 1
cob=(4)
cfi=(191)
cfn=(626)
calls=1 0 
* 19 5 1 0 2 0 0 2
+1 4 0 1
cob=(4)
cfi=(191)
cfn=(626)
calls=1 0 
* 19 5 1 0 2 0 0 2
+1 4 0 1 1 0 0 1
cob=(4)
cfi=(191)
cfn=(626)
calls=1 0 
* 19 5 1 0 2 0 0 2
+3 4 0 1
cob=(4)
cfi=(191)
cfn=(626)
calls=1 0 
* 19 5 1 0 2 0 0 2
+2 4 1 0 0 1 0 0 1
+10 8 6
fi=(194)
2974 2 1 0 1 1 0 1 1
fe=(193)

fl=(210)
fn=(792)
40 1
+3 2 1 1
+4 2
+2 1 1

fn=(774)
25 1 0 0 1 0 0 1
+3 1 0 1
+1 1 0 1
+1 2 1 1 0 1
+2 1 0 1 1 0 0 1
+1 1 1

fl=(136)
fn=(436)
33 1 0 0 1 0 0 1
fi=(121)
+5 2 2
+1 1 1
-1 2
+1 2
+4 4
+3 3 0 0 1 0 0 1
+3 3
fe=(136)
-16 1 1

fl=(223)
fn=(1214)
25 80 0 48 1 0 0 1
+4 8 8 0 0 1
+13 16 16
+1 32 8 0 0 2 0 0 2
+3 16 0 8 1 0 0 1
cob=(4)
cfi=(191)
cfn=(896)
calls=8 -46 
* 128 24 0 0 2 0 0 2
* 8
+1 176
+2 168 168 0 0 2
+1 336
-1 8 8 0 0 1
+1 16
+5 504 336 0 0 9
+1 56 0 14 1 0 0 1
cob=(4)
cfi=(191)
cfn=(1216) 0x000000000c9c95f0
calls=14 -56 
* 397 84 0 8 1 0 8
* 28
+13 24 8
+85 8
44 8
154 56 56 0 1 0 0 1

fl=(141)
fn=(450)
31 1 0 0 1 0 0 1
fi=(101)
+8 2 1 0 1 0 0 1
+1 4 1
+1 3 1
+4 2
+3 4 0 0 1 0 0 1
fe=(141)
-17 2 1

fl=(137)
fn=(440)
29 1 0 0 1 0 0 1
fi=(103)
+27 3 2
+1 2
+3 3 1
+14 2 0 0 1 0 0 1
+3 2 0 0 1 0 0 1
+8 2
+8 2
+3 5 1 0 1 0 0 1
fe=(137)

fl=(217) ./iconv/./iconv/gconv_simple.c
fn=(882) __gconv_btwoc_ascii
49 128 0 0 1 0 0 1
+2 512
+3 128 128

fl=(107)
fn=(356)
29 2 0 0 1 0 0 1
fi=(108) ./debug/../sysdeps/x86_64/multiarch/ifunc-memset.h
+32 10 4
+3 6 2
+16 4
+4 8
+8 4 0 0 1 0 0 1
fe=(107)
-63 2 2 0 1 0 0 1
fi=(108)
+71 4 0 0 1 0 0 1
-48 2
+1 4
fe=(107)

fl=(211) ./locale/./locale/newlocale.c
fn=(790) newlocale
43 13 1 7 2 0 0 2
+12 2
277 12 9 0 1 0 0 1
63 2 0 0 1 0 0 1
+3 1
-10 1
+10 2
+7 2 1
+2 1 0 0 1 0 0 1
-2 2 1

fl=(215) ./wcsmbs/./wcsmbs/btowc.c
fn=(878) btowc
32 1280 0 512 1 0 0 1
+5 2304 256 256
+5 512 0 0 1 0 0 1
+4 384 384 0 0 1
fi=(269) ./wcsmbs/./wcsmbsload.h
+23 128 128 0 0 1
+1 384 128 0 0 1
fe=(215)
-23 256 256 0 0 2
+1 256 128 0 0 1
+4 512 128 0 1 0 0 1
+3 640 0 512
cfi=(216) ./elf/./elf/libc-dl-profstub.c
cfn=(880) _dl_mcount_wrapper_check
calls=128 -15 
* 640 384 0 1 0 0 1
* 896 768
+39 256 256
-39 128
cfi=(217)
cfn=(882)
calls=128 -6 
* 768 128 0 1 0 0 1
+39 768 640 0 1 0 0 1

fl=(187) ./ctype/./ctype/ctype-info.c
fn=(618) __ctype_init
37 1 0 0 1 0 0 1
+2 7 5 1 1 4 0 1
+2 4 2 1 0 2
+2 1 1
-1 1 1
+1 1
-1 1 0 1
+2 1 1

fl=(224) ./string/../sysdeps/x86_64/multiarch/strcmp-avx2.S
fn=(1218) __strncmp_avx2
206 14 0 0 1 0 0 1
+24 14
+5 14
+14 14
+25 14
+1 14
+1 14
+2 14
+1 14 0 0 1 0 0 1
+4 13 13
+4 13 13
+2 13
+2 13
+3 13
+2 13
+1 13
+11 13
+10 13 13
+1 13 13
+3 13
+4 26 13
+5 13
+1 13
+1 13
957 1 0 0 1 0 0 1
+1 1
+1 1
+1 1
+2 1
+3 1
+1 1
+27 1 1 0 1 0 0 1
+1 1 1
+1 1
+1 1
+1 1
+1 1
+2 1
+47 1 1 0 1 0 0 1
+1 1 1
+3 1
+1 1
+1 1
+3 2 1
+7 1
+1 1
+1 1
+1 1
+10 1 0 0 1 0 0 1
+1 1
+3 1
+1 1
+1 1
+1 1
+6 1 0 0 1 0 0 1
+2 1
+3 1
+1 1

fl=(230)
fn=(1392)
28 1 0 0 1 0 0 1
+2 1
+2 1
cfi=(231)
cfn=(1394)
calls=1 -1 
* 28 6 9 3 1 0 3

fl=(123)
fn=(396)
31 1 0 0 1 0 0 1
fi=(88)
+7 3 2
+2 4
+1 2 1
+1 3 1
+4 4 0 0 1 0 0 1
+3 3
+3 5 1
fe=(123)

fl=(106)
fn=(354)
65 1 0 0 1 0 0 1
-23 2 2
+2 1 1
-1 4
+1 2 0 0 1 0 0 1
+4 4
+3 3
+3 3
+11 1 1

fl=(244) ./stdlib/./stdlib/cxa_thread_atexit_impl.c
fn=(3230) __call_tls_dtors
148 4 0 2 1 0 0 1
+1 1 1 0 0 1
-1 1 0 1
+1 3 1 0 0 1
+16 4 4 0 2 0 0 2

fl=(235)
fn=(1474)
25 4 0 2 1 0 0 1
+1 8
-1 2
+1 6 0 4
cfi=(236)
cfn=(1476)
calls=2 +48 
* 34 12 2 2 0 0 2
+1 4 4

fl=(243)
fn=(3228) __run_exit_handlers
45 12 0 7 2 0 1 2
+2 9 2 3 1 1 0 1
+3 2
+3 7 0 1 0 0 1
+11 1 1 0 0 1
+2 2
+8 15 5 0 1 0 0 1
+2 8
+1 8 8
-1 8 0 8
+3 64 8 0 0 3
+44 12 4 0 2 0 0 2
-49 12 4
+55 2 1 1
+1 2
+6 1 0 0 1 0 0 1
-66 1 0 1
+66 3 1 1
+2 2 1
+3 2 0 1
cfi=(258)
cfn=(3472)
calls=1 27 
* 5 1 0 1 0 0 1
-29 4 4 0 1 0 0 1
+1 4 4
-2 4 0 4
+3 4 0 0 1 0 0 1
+3 4
-3 8 4
+3 12 4 4
+1 12 0 4
cob=(1)
cfi=(245)
cfn=(3272)
calls=1 -92 
* 10385 3481 1760 126 260 46 119 114 22
cob=(4)
cfi=(191)
cfn=(3262) 0x0000000004005640
calls=1 0 
* 202 35 2 2 12 0 2 12
cob=(4)
cfi=(191)
cfn=(3250) 0x000000000400ea40
calls=1 0 
* 108 31 10 2 10 0 2 2
cob=(4)
cfi=(191)
cfn=(3232) 0x000000000400ea00
calls=1 0 
* 321 96 50 17 13 1 17 1
+1 16 0 4
-68 1 0 1 1 0 0 1
cfi=(244)
cfn=(3230)
calls=1 +97 
* 13 6 3 3 2 0 3
* 1
+88 1 0 1
cfi=(256) ./libio/./libio/genops.c
cfn=(3462) _IO_cleanup
calls=1 882 
* 399 140 76 28 6 0 28 2
* 1

fn=(3226)
147 2 0 1 1 0 0 1
+1 3
-1 1
+1 1 0 1
cfn=(3228)
calls=1 45 
* 11678 3841 1942 189 308 49 182 131 22

fl=(216)
fn=(880)
40 128 0 0 1 0 0 1
+1 384 256
+1 128 128

fl=(100)
fn=(342)
31 1 0 0 1 0 0 1
fi=(101)
+8 2 1
+1 4 1
+1 3 1
+4 2
+3 4
fe=(100)
-17 2 1

fl=(91)
fn=(318)
30 1 0 0 1 0 0 1
fi=(92) ./wcsmbs/../sysdeps/x86_64/multiarch/ifunc-wcslen.h
+10 1 1
+1 4 1 0 1 0 0 1
+1 3 1
+4 4 1 0 1 0 0 1
+3 3 1
+3 3
fe=(91)
-22 1 1

fl=(111)
fn=(378)
31 1
fi=(116)
+5 1 1
+1 4 1
fi=(117) ./string/../sysdeps/x86_64/multiarch/strcasecmp.c
-6 2 1
fi=(116)
+7 3 1 0 1 0 0 1
+4 4 1 0 1 0 0 1
+3 3 1
+3 4
fe=(111)

ob=(6)
fl=(203)
fn=(3444)
0 9 3 2 1 2
cob=(4)
cfi=(191)
cfn=(3450) 0x000000000419a3c0
calls=1 0 
0 97 23 12 1 0 0 1
0 1 0 1
cfn=(3454) 0x0000000000005c60
calls=1 0 
0 5 1 0 1 0 0 1
0 3 2 1 1

fn=(684)
0 12 1 0 3 0 0 3

fn=(3432)
0 5 0 2 2 0 0 1
cfn=(3434) 0x0000000000004960
calls=1 0 
0 16 6 4 1 1 0 1
0 2 0 1
cfn=(3434)
calls=1 0 
0 16 6 4
0 3 2 1

fn=(682)
0 368 15 45 36 1 0 36

fn=(3454)
0 5 1 0 1 0 0 1

fn=(3434)
0 18 2 8 1 1 0 1

ob=(2)
fl=(111)
fn=(368)
31 1 0 0 1 0 0 1
fi=(112)
+4 5 2
+1 3 1
+4 4
+3 3
+3 5 1 0 1 0 0 1
fe=(111)

fl=(90)
fn=(316)
79 1 0 0 1 0 0 1
-32 1 1
+1 1 1
+1 1 1
-1 3
+1 2 0 0 1 0 0 1
+4 4 1
+3 3 1
+3 3
+20 1 1 0 1 0 0 1

fl=(104)
fn=(350)
31 2 0 0 1 0 0 1
fi=(105) ./wcsmbs/../sysdeps/x86_64/multiarch/ifunc-avx2.h
+7 6 4
+2 8
+1 4 2 0 1 0 0 1
+1 6 2
+4 8
+3 6
+3 10 2
fe=(104)

fl=(113)
fn=(372)
31 2 0 0 1 0 0 1
fi=(114) ./wcsmbs/../sysdeps/x86_64/multiarch/ifunc-evex.h
+6 6 4
+1 8
+1 6 2 0 1 0 0 1
+4 4
+8 6
+3 8
fe=(113)
-23 2 2

fl=(249) ./stdlib/./stdlib/cxa_finalize.c
fn=(3288) __cxa_finalize
45 10 0 5 1 0 0 1
+3 10
-3 40 0 25
+3 25 0 5 1 0 0 1
+3 20 5
+4 78 5 0 1 0 0 1
+1 48 24 0 0 1
+2 4 4
+2 4 4
+36 4
-5 4 0 4
-33 4 0 4
+35 12 8 0 1 0 0 1
+3 12 4 4
+1 12 0 4
cob=(7)
cfi=(205)
cfn=(3346)
calls=1 -97 
* 7729 2704 1320 50 154 5 50 44 3
cob=(7)
cfi=(205)
cfn=(3342)
calls=1 -97 
* 5 2 0 1 1 0 1 1
cob=(7)
cfi=(205)
cfn=(3340)
calls=1 -97 
* 8 2 1 1 0 0 1
cob=(7)
cfi=(205)
cfn=(3332)
calls=1 -97 
* 749 254 135 3 26 24 2 12 5
+1 16 0 4
+4 12 8
-47 13
-4 15 5 0 1 0 0 1
+57 20 5 0 0 1
+4 30 5 0 1 1 0 1
-4 15 5
+12 10 0 5 1 0 0 1
cfi=(250)
cfn=(3290)
calls=5 -38 
* 90 20 15 2 1 1 2 1 1
+1 20 5 5
+1 40 35

fl=(200) ./string/../sysdeps/x86_64/multiarch/strrchr-avx2.S
fn=(672) __strrchr_avx2
53 1 0 0 1 0 0 1
+1 1
+1 1
+2 1
+1 1 0 0 1 0 0 1
+4 1
+1 1
+1 1
+3 1 1 0 0 1
+2 1
+1 1
+1 1
+1 1
+3 1
+1 1
+2 1
+1 1
+1 1
+1 1
+1 1
+9 2 1

fl=(214) ./wcsmbs/./wcsmbs/wctob.c
fn=(872) wctob
30 896 128 256 1 0 0 1
+9 384
+6 128
-1 256
+35 768 512 0 1 0 0 1

fl=(188) ./resource/../sysdeps/unix/sysv/linux/getrlimit64.c
fn=(620) getrlimit
38 2 0 0 1 0 0 1
+1 7
+1 1 1

fl=(142)
fn=(454)
33 1 0 0 1 0 0 1
fi=(103)
+23 3 2
+1 2
+3 3 1
+14 2 0 0 1 0 0 1
+3 2 0 0 1 0 0 1
+8 2
+8 2
+3 5 1 0 1 0 0 1
fe=(142)

fl=(95)
fn=(326)
29 1 0 0 1 0 0 1
fi=(92)
+11 1 1
+1 4 1 0 1 0 0 1
+1 3 1
+4 4 1 0 1 0 0 1
+3 3 1
+3 3
fe=(95)
-23 1 1

fl=(110)
fn=(364)
30 1 0 0 1 0 0 1
fi=(105)
+8 3 2 0 1 0 0 1
+2 4
+1 2 1
+1 3 1
+4 4
+3 3 0 0 1 0 0 1
+3 5 1
fe=(110)

fl=(140)
fn=(448)
29 1 0 0 1 0 0 1
fi=(266)
+7 5 2 0 1 0 0 1
fe=(140)
-7 1 1

fl=(186)
fn=(616)
34 8 1 3 1 0 0 1
+2 1 0 1 1 0 0 1
cfi=(187)
cfn=(618)
calls=1 +1 
* 17 10 3 2 6 0 2
+3 1 1
fi=(189) ./elf/../sysdeps/nptl/pthread_early_init.h
-6 2
fe=(186)
+6 1 0 1 0 0 1 0 0 1
+3 2 0 2 0 0 1 0 0 1
fi=(189)
-9 1 0 1
cfi=(188)
cfn=(620)
calls=1 +5 
* 10 1 0 1 0 0 1
* 3
+1 1 1
+4 5 0 0 1 0 0 1
+7 1 1
fi=(270) ./elf/../nptl/nptl-stack.h
+16 3 2 0 0 1
fi=(189)
-16 1 1
fi=(270)
+16 2
fi=(189)
-7 1 0 1 0 0 1 0 0 1
fi=(270)
+7 2
fi=(189)
-9 1
-6 1
+2 2 0 0 1 0 0 1
+4 4 0 1
+1 1 0 1 0 0 1 0 0 1
+3 1 0 1
cfi=(190)
cfn=(624)
calls=1 -1 
* 84 21 9 3 7 0 3 6
fe=(186)
-9 2 0 1
cfi=(192)
cfn=(628)
calls=1 238 
* 18 7 2 2 1 0 2
+3 3 2
+1 2 2
-1 1 0 0 1 0 0 1
cfi=(193)
cfn=(630)
calls=1 251 
* 1086 67 156 11 24 33 11 16 32

fl=(256)
fn=(3462)
882 11 1 6 2 0 0 2
+1 1 0 1
cfn=(3464) _IO_flush_all
calls=1 713 
* 204 75 36 16 6 0 16 2
-73 2 0 1
+73 1
-73 3 0 2
cfi=(257)
cfn=(3466)
calls=1 24 
* 13 4 3
+1 6 3 0 1 0 0 1
fi=(254)
1037 2 0 0 1 0 0 1
fe=(256)
832 9 3
+2 6 2
+20 3 0 3 1 0 0 1
+2 36 12 6
+1 3 0 3
-43 9 3
+4 3 0 3 1 0 0 1
+1 27 15 0 1 0 0 1
+8 6 3
+2 9 3 0 1 0 0 1
+32 2 1 0 1 0 0 1
+1 2 0 1
cfi=(257)
cfn=(3468)
calls=1 54 
* 10 5 1
+33 11 8
-76 9 0 6 1 0 0 1
-8 1 0 1 1 0 0 1
+3 1 1
-3 1 0 1
+3 2
+47 6 1 2 1 0 0 1

fn=(3464)
713 5 0 3 1 0 0 1
+5 1
-5 6 1 3
+5 4 0 3
cfi=(257)
cfn=(3466)
calls=1 24 
* 13 4 3 2 0 0 2
+1 6 3 0 1 1 0 1 1
-5 1 0 0 1 0 0 1
fi=(254)
1037 2
fe=(256)
742 39 15 6 2 0 0 2
+1 3 0 3
-21 9 3
+2 3 0 3 1 0 0 1
+1 27 15 0 1 2 0 1
+2 18 9 0 1 2 0 1 1
+7 9 3 0 0 1
+1 12 6
+12 2 1 0 1 0 0 1
+1 2 0 1
cfi=(257)
cfn=(3468)
calls=1 54 
* 10 5 1 2 0 0 2
+4 11 8
-27 9 0 6 1 0 0 1
-6 1 0 1 1 0 0 1
+3 1 1
-8 1
+5 1 0 1
+3 2
+25 3 1

ob=(6)
fl=(203)
fn=(3434)
0 14 10

fn=(1628) __udivti3
0 135 0 0 1 0 0 1

ob=(2)
fl=(256)
fn=(3464)
747 3 0 2 1 0 0 1

ob=(6)
fl=(203)
fn=(1628)
0 90 15

ob=(4)
fl=(191)
fn=(760)
0 28 14 0 1 0 0 1
cob=(7)
cfi=(205)
cfn=(764)
calls=14 0 
0 3227 1048 502 24 36 3 24 15
cob=(1)
cfi=(206)
cfn=(712)
calls=1 39 
0 824 264 132 0 6 0 0 1
0 5 2 2 1 0 0 1

fn=(838)
0 2 1 0 1 0 0 1
cob=(7)
cfi=(205)
cfn=(842)
calls=1 0 
0 156 38 34 13 3 0 13
cob=(1)
cfi=(206)
cfn=(712)
calls=1 39 
0 960 288 132 0 9 0 0 2
0 5 2 2 1 0 0 1

fn=(856)
0 2 1 0 1 1 0 1
cob=(7)
cfi=(205)
cfn=(860)
calls=1 0 
0 23900 6782 3271 42 75 20 42 22 20
cob=(1)
cfi=(206)
cfn=(712)
calls=1 39 
0 792 260 132 0 6
0 5 2 2 1 0 0 1

fn=(896)
0 152 76 0 1 1 0 1
cob=(2)
cfi=(219)
cfn=(898)
calls=76 52 
0 1064 152 0 1 7 0 1 7

fn=(916)
0 2 1 0 1 1 0 1
cob=(7)
cfi=(205)
cfn=(920)
calls=1 0 
0 104 26 28 6 0 0 6
cob=(1)
cfi=(206)
cfn=(712)
calls=1 39 
0 1102 307 132 0 9 0 0 3
0 5 2 2 1 0 0 1

fn=(1164)
0 8 4 0 1 1 0 1
cob=(2)
cfi=(221)
cfn=(1168)
calls=4 67 
0 289 52 61 7 2 3 7 1 1
cob=(1)
cfi=(206)
cfn=(712)
calls=1 39 
0 999 317 152 0 16
0 5 2 2 1 0 0 1

fn=(1470) 0x00000000040012f0
0 4 2 0 1 0 0 1
cob=(2)
cfi=(234)
cfn=(1472)
calls=2 22 
0 66 16 8 4 0 0 4

fn=(1568) 0x00000000040012c0
0 10 5 0 0 4
cob=(2)
cfi=(237)
cfn=(1570)
calls=5 249 
0 1662495 1662346 1662330 8 25986 25985 8 0 845

fn=(1934) 0x0000000004001240
0 26 13 0 0 1
cob=(7)
cfi=(205)
cfn=(1936)
calls=13 0 
0 2030 367 232 6 29 12 6 2 11

fn=(2174) 0x000000000400ecb0
0 328 24 72 4 0 0 4
cfn=(1934)
calls=8 0 
0 1398 256 160 0 13 8 0 1 8
0 80 8 16 0 0 7 0 0 7
cfn=(1608) 0x0000000004001200
calls=8 0 
0 362 24 136 0 1 56 0 0 56
0 48 8 6 1 0 0 1
cfn=(2420) 0x0000000004001250
calls=6 0 
0 258 72 24 0 7
0 152 64 22 2 0 0 2
cfn=(1654) 0x0000000004001220
calls=6 0 
0 476 138 116 0 32 52 0 0 52
0 18

fn=(2868) 0x00000000040077d0
0 150 4 12 7 1 1 7 0 1

fn=(3354)
0 6 3 0 1 1 0 1
cob=(7)
cfi=(205)
cfn=(3358)
calls=3 0 
0 194 74 33 3 1 0 3
cob=(1)
cfi=(206)
cfn=(712)
calls=1 39 
0 707 246 132 0 7 1 0 2 1
0 5 2 2 1 0 0 1

fn=(3355)
0 2 1
cob=(7)
cfi=(205)
cfn=(3359)
calls=1 0 
0 15 5 3

fn=(3362)
0 20 10 0 1 1 0 1
cob=(2)
cfi=(252)
cfn=(3366)
calls=10 32 
0 690 240 110 9 9 0 9 3
cob=(1)
cfi=(206)
cfn=(712)
calls=1 39 
0 847 293 145 2 32 0 2 17
0 5 2 2 1 0 0 1

fn=(3384)
0 4 2 0 1 1 0 1
cob=(1)
cfi=(255)
cfn=(3388)
calls=2 29 
0 24 14 0 2 3 0 2 1
cob=(1)
cfi=(206)
cfn=(712)
calls=1 39 
0 868 315 149 0 19 1 0 11 1
0 5 2 2 1 0 0 1

fn=(3396)
0 6 3 0 1 0 0 1
cob=(7)
cfi=(205)
cfn=(3400)
calls=3 0 
0 194 74 33 3 1 0 3
cob=(1)
cfi=(206)
cfn=(712)
calls=1 39 
0 915 281 132 0 9 0 0 2
0 5 2 2

fn=(3397)
0 2 1
cob=(7)
cfi=(205)
cfn=(3401)
calls=1 0 
0 15 5 3

fn=(3430)
0 4 1 0 1 0 0 1

fn=(786)
0 2 1 0 1 1 0 1
cob=(2)
cfi=(211)
cfn=(790)
calls=1 43 
0 38 12 7 5 0 0 5
cob=(1)
cfi=(206)
cfn=(712)
calls=1 39 
0 864 298 145 0 10 0 0 4
0 5 2 2 1 0 0 1

fn=(922)
0 2 1 0 1 1 0 1
cob=(7)
cfi=(205)
cfn=(926)
calls=1 0 
0 104 26 28 6 0 0 6
cob=(1)
cfi=(206)
cfn=(712)
calls=1 39 
0 1070 303 132 0 6
0 5 2 2 1 0 0 1

fn=(928)
0 2 1
cob=(7)
cfi=(205)
cfn=(932)
calls=1 0 
0 1171 338 176 18 11 1 18 2 1
cob=(1)
cfi=(206)
cfn=(712)
calls=1 39 
0 883 276 132 0 6 0 0 1
0 5 2 2

fn=(948)
0 2 1 0 1 0 0 1
cob=(7)
cfi=(205)
cfn=(952)
calls=1 0 
0 416 136 74 5 0 0 5
cob=(1)
cfi=(206)
cfn=(712)
calls=1 39 
0 928 283 132 0 9 0 0 2
0 5 2 2 1 0 0 1

fn=(1144)
0 2 1 0 1 1 0 1
cob=(2)
cfi=(220)
cfn=(902)
calls=1 73 
0 47 17 0 3 0 0 3
cob=(1)
cfi=(206)
cfn=(712)
calls=1 39 
0 874 297 148 0 13 0 0 6
0 5 2 2 1 0 0 1

fn=(1386)
0 2 1 0 1 1 0 1
cob=(1)
cfi=(51)
cfn=(1388)
calls=1 118 
0 5 2 0 1 1 0 1

fn=(1896) 0x0000000004007650
0 38108 10037 5219 3 36 7 3 2
cfn=(1902) 0x0000000004001210
calls=2497 0 
0 294128 65272 17964 19 547 1 19 40
0 105 45 30 2 0 6 2
cfn=(1902)
calls=15 0 
0 615 150 90 5 55 3 5 3
0 22608 15072 7536
cfn=(1902)
calls=2512 0 
0 230599 64992 15072 9 39 0 9 9
0 30283 10172 5024 2 0 1242 2 0 256

fn=(1902)
0 10302 5151 0 0 6
cob=(3)
cfi=(238) ./math/../sysdeps/ieee754/dbl-64/s_sincos.c
cfn=(1904) __sincos_fma
calls=5151 37 
0 527673 128297 33968 33 661 4 33 67

fn=(1992) 0x00000000040079e0
0 4270152 1311200 874836 10 208441 123 10
cfn=(1993) 0x00000000040079e0'2
calls=196 0 
0 9850907 2492341 1379149 0 79282 675
0 210 60 120 2 0 22 2
cfn=(1993)
calls=30 0 
0 14911476 3815596 2185238 2 232425 744 2
0 904 226 226 0 28
cfn=(1993)
calls=226 0 
0 25502395 6602905 3711896 0 311605 950
0 1130 452 226 0 31
cfn=(1993)
calls=226 0 
0 25502395 6602905 3711896 0 314324 949
0 4630348 1138043 862980 48 292533 59 48

fn=(1993)
0 20850848 6356334 4295574 0 816789 1991
cfn=(1993)
calls=2734 0 
0 42564876 10566370 5626328 0 214185 4364
0 350 100 200 0 0 49
cfn=(1993)
calls=50 0 
0 4279908 1065487 592990 2 46551 391 2
0 11136 2784 2784 0 48
cfn=(1993)
calls=2784 0 
0 47089869 11728503 6267681 0 237896 851
0 13920 5568 2784 0 87
cfn=(1993)
calls=2784 0 
0 47089869 11728503 6267681 0 252885 851
0 54890919 13148961 6686837 2 120712 1278 2

fn=(2430)
0 26 13 0 1 4 0 1
cob=(2)
cfi=(194)
cfn=(2434)
calls=13 3319 
0 955 223 221 25 25 13 25 1 12
cob=(1)
cfi=(206)
cfn=(712)
calls=1 39 
0 932 307 152 0 41
0 5 2 2 1 0 0 1

fn=(3250)
0 2 1
cob=(7)
cfi=(205)
cfn=(2422)
calls=1 0 
0 41 11 4 0 2
0 15 4 2 2 2 0 2 2
cfn=(2420)
calls=1 0 
0 43 12 4 0 6
0 7 3

fn=(3334)
0 4 2 0 1 1
cob=(7)
cfi=(205)
cfn=(3338)
calls=2 0 
0 4 2
cob=(1)
cfi=(206)
cfn=(712)
calls=1 39 
0 736 250 132 0 24 23 0 12 5
0 5 2 2 1 1 0 1

fn=(3450)
0 2 1 0 1 0 0 1
cob=(2)
cfi=(249)
cfn=(3288)
calls=1 45 
0 95 22 12

fn=(802)
0 172 86 0 1 1 0 1
cob=(7)
cfi=(205)
cfn=(806)
calls=86 0 
0 948 316 96 2 8 0 2 7
cob=(1)
cfi=(206)
cfn=(712)
calls=1 39 
0 712 247 132 0 5 0 0 1
0 5 2 2 1 0 0 1

fn=(808)
0 2 1 0 1 1 0 1
cob=(7)
cfi=(205)
cfn=(812)
calls=1 0 
0 40 11 8 2 1 1 2 0 1
cob=(1)
cfi=(206)
cfn=(712)
calls=1 39 
0 780 258 132 0 7 0 0 2
0 5 2 2 1 0 0 1

fn=(832)
0 2 1 0 1 1 0 1
cob=(7)
cfi=(205)
cfn=(836)
calls=1 0 
0 1151 335 177 17 13 0 17 2
cob=(1)
cfi=(206)
cfn=(712)
calls=1 39 
0 875 275 132 0 7
0 5 2 2 1 0 0 1

fn=(1068)
0 2 1 0 1 1 0 1
cob=(7)
cfi=(205)
cfn=(1072)
calls=1 0 
0 47 13 10 2 0 0 2
cob=(1)
cfi=(206)
cfn=(712)
calls=1 39 
0 711 247 132 0 8 0 0 3
0 5 2 2 1 0 0 1

fn=(1368)
0 7 2 0 1 0 0 1

fn=(1372)
0 12 1 0 3 0 0 3

fn=(2420)
0 22 11 0 0 3
cob=(7)
cfi=(205)
cfn=(2422)
calls=11 0 
0 2400 728 482 25 108 28 25 2 12

fn=(700)
0 7 2 0 1 1 0 1

fn=(706)
0 2 1 0 1 0 0 1
cob=(7)
cfi=(205)
cfn=(718)
calls=1 0 
0 85265 25433 11868 426 548 151 426 123 127
cob=(1)
cfi=(206)
cfn=(712)
calls=1 39 
0 716 247 132 11 9 7 11
0 5 2 2 1 1 0 1

fn=(742)
0 4 2 0 1 1 0 1
cob=(2)
cfi=(208)
cfn=(746)
calls=2 198 
0 72 4 24 3 1 13 3 0 13
cob=(1)
cfi=(206)
cfn=(712)
calls=1 39 
0 893 299 148 2 8 3 2 2
0 5 2 2 1 0 0 1

fn=(678)
0 7 2 0 1 1 0 1

fn=(904)
0 2 1
cob=(7)
cfi=(205)
cfn=(908)
calls=1 0 
0 40 11 8 2 0 2 2 0 2
cob=(1)
cfi=(206)
cfn=(712)
calls=1 39 
0 780 258 132 0 6 0 0 1
0 5 2 2

fn=(1014)
0 2 1 0 1 0 0 1
cob=(7)
cfi=(205)
cfn=(1018)
calls=1 0 
0 350 72 73 5 0 0 5
cob=(1)
cfi=(206)
cfn=(712)
calls=1 39 
0 936 284 132 0 6
0 5 2 2 1 0 0 1

fn=(1226)
0 28 14 0 1 4 0 1
cob=(2)
cfi=(194)
cfn=(1230)
calls=14 3283 
0 2159 391 238 50 34 14 50 4 13
cob=(1)
cfi=(206)
cfn=(712)
calls=1 39 
0 932 307 152 0 12 0 0 1
0 5 2 2 1 0 0 1

fn=(1378)
0 2 1
cob=(2)
cfi=(221)
cfn=(1168)
calls=1 67 
0 73 13 15
0 33 0 26 4 0 12 4 0 12
cfn=(1380) 0x0000000004001230
calls=1 0 
0 75 14 15 1 1 0 1
0 15 0 9 2 0 2 2 0 2
cfn=(1380)
calls=1 0 
0 75 14 15 0 0 1 0 0 1
0 11 1 3 0 0 1 0 0 1

fn=(1850) 0x000000000400b1c0
0 187 0 66 1 0 1 1 0 1
cfn=(1786) 0x0000000004005400
calls=11 0 
0 41572 1146 1316 0 0 6
0 208 33 39 2 0 0 2
cfn=(1864) 0x0000000004006900
calls=3 0 
0 12883 1359 10079 25 3 192 25 2 192
0 79 22 16 0 6
cfn=(1896)
calls=8 0 
0 290340 78134 24022 1 394 596 1 28 120
0 27 16 1
cfn=(1992)
calls=1 0 
0 7443061 1902481 1156338 0 130508 304
0 205 55 43 3 7 7 3
cfn=(1864)
calls=8 0 
0 1138801 466023 380138 2 12769 62176 2 0 29907
0 33 9 2
cfn=(1608)
calls=1 0 
0 187261 4 187240 0 4 2925 0 0 2925
0 16 1 7 1 0 0 1
cfn=(2554) 0x0000000004008f40
calls=7 0 
0 13824108 3527096 2116481 26 202164 33081 26 0 32512
0 22 0 3 2 0 0 2
cfn=(1896)
calls=3 0 
0 7784 1969 690 38 28 8 38 26 8
0 9 0 3
cfn=(1920) 0x000000000400a4e0
calls=3 0 
0 23146 5858 2862 43 106 35 43 15 20
0 12 0 3
cfn=(1992)
calls=3 0 
0 15894 3248 1609 43 1 0 43
0 24 0 9 1 0 0 1
cfn=(1992)
calls=3 0 
0 15894 3248 1609
0 15 6 3
cfn=(1992)
calls=3 0 
0 15894 3248 1609
0 3

fn=(1926) 0x000000000400eac0
0 190 15 40 3 0 0 3
cfn=(1934)
calls=5 0 
0 658 124 72 6 17 4 6 1 3
0 312 58 57 1 0 8 1 0 4
cfn=(2420)
calls=3 0 
0 1982 615 429 14 87 27 14 2 12
0 89 26 22 3 0 0 3
cfn=(1654)
calls=3 0 
0 80 25 16 0 5 4 0 0 1
0 18 9

fn=(2318) 0x000000000400a8b0
0 35129 7390 4294 8 16 0 8

fn=(2910) 0x000000000400b420
0 12 2 6 1 0 0 1
cfn=(1864)
calls=1 0 
0 572739 238752 131085 2 6534 65538 2 0 65536
0 7 2 1 0 1
cfn=(1896)
calls=1 0 
0 125755 33840 10351 0 71 258 0 0 128
0 4 1 1
cfn=(1992)
calls=1 0 
0 15010429 4005780 2275572 0 322163 611
0 7 6 1 0 1 1

fn=(3180) 0x0000000004005ae0
0 1766414 103911 103906 8 12990 25976 8 0 25976

fn=(3280)
0 9 3 2 0 3 0 0 2
cfn=(3286) 0x0000000004001190
calls=1 0 
0 97 23 12 9 4 1 9 1 1
0 1 0 1
cfn=(3296) 0x0000000004005320
calls=1 0 
0 5 1
0 3 2 1

fn=(3322)
0 4 1 0 1 0 0 1

fn=(3420) 0x0000000004082310
0 2 1 0 1 0 0 1
cob=(2)
cfi=(249)
cfn=(3288)
calls=1 45 
0 95 22 12

fn=(656)
0 7 2 0 1 0 0 1

fn=(754)
0 2 1 0 1 1 0 1
cob=(7)
cfi=(205)
cfn=(758)
calls=1 0 
0 3898 1246 656 31 44 12 31 16 9
cob=(1)
cfi=(206)
cfn=(712)
calls=1 39 
0 700 245 132 0 8 0 0 1
0 5 2 2 1 0 0 1

fn=(900)
0 98 49 0 1 1 0 1
cob=(2)
cfi=(220)
cfn=(902)
calls=49 73 
0 1048 225 0 3 0 0 3

fn=(1102)
0 16 8 0 1 1 0 1
cob=(7)
cfi=(205)
cfn=(1106)
calls=8 0 
0 696 88 232 3 0 31 3 0 28
cob=(1)
cfi=(206)
cfn=(712)
calls=1 39 
0 676 241 132 0 7 0 0 1
0 5 2 2 1 0 0 1

fn=(1108)
0 8 4
cob=(7)
cfi=(205)
cfn=(1112)
calls=4 0 
0 6257 1885 995 37 57 0 37 18
cob=(1)
cfi=(206)
cfn=(712)
calls=1 39 
0 1023 298 132 0 5 0 0 1
0 5 2 2 1 0 0 1

fn=(1148)
0 8 4 0 1 1 0 1
cob=(7)
cfi=(205)
cfn=(1152)
calls=4 0 
0 1672 546 274 9 9 0 9 2
cob=(1)
cfi=(206)
cfn=(712)
calls=1 39 
0 983 293 132 0 8 0 0 2
0 5 2 2 1 0 0 1

fn=(1398)
0 19 1 9 2 0 0 2
cfn=(1400) 0x0000000004001270
calls=1 0 
0 8 2 0 2 1 0 2
0 4 0 1
cfn=(1400)
calls=1 0 
0 8 2
0 4 0 1
cfn=(1400)
calls=1 0 
0 8 2
0 4 0 1 1 0 0 1
cfn=(1400)
calls=1 0 
0 8 2
0 4 0 1
cfn=(1400)
calls=1 0 
0 8 2
0 4 0 1
cfn=(1400)
calls=1 0 
0 8 2
0 4 0 1 1 0 0 1
cfn=(1400)
calls=1 0 
0 8 2
0 4 0 1
cfn=(1400)
calls=1 0 
0 8 2
0 4 0 1
cfn=(1400)
calls=1 0 
0 8 2
0 4 0 1 1 0 0 1
cfn=(1400)
calls=1 0 
0 8 2
0 4 0 1
cfn=(1400)
calls=1 0 
0 8 2
0 4 0 1
cfn=(1400)
calls=1 0 
0 8 2
0 4 0 1 1 0 0 1
cfn=(1400)
calls=1 0 
0 8 2
0 4 0 1
cfn=(1400)
calls=1 0 
0 8 2
0 4 0 1
cfn=(1400)
calls=1 0 
0 8 2
0 4 0 1 1 0 0 1
cfn=(1400)
calls=1 0 
0 8 2
0 2 0 1
cfn=(1436) 0x0000000004001280
calls=1 0 
0 201 80 7 1 1 0 1 1
0 7 0 2 1 0 1 1
cfn=(1436)
calls=1 0 
0 201 80 7 0 1 0 0 1
0 7 0 2 0 0 1 0 0 1
cfn=(1436)
calls=1 0 
0 201 80 7
0 7 0 2 1 0 0 1
cfn=(1436)
calls=1 0 
0 201 80 7
0 7 0 2 1 0 0 1
cfn=(1436)
calls=1 0 
0 333 104 11
0 7 0 2 1 0 1 1 0 1
cfn=(1436)
calls=1 0 
0 333 104 11
0 7 1 1 1 0 0 1
cfn=(1436)
calls=1 0 
0 333 104 11
0 30 8 1 2 2 0 2 2
cfn=(1470)
calls=1 0 
0 35 9 4
0 14 0 1 1 0 0 1
cfn=(1470)
calls=1 0 
0 35 9 4 5 0 0 5
0 9 0 1
cfn=(1484) 0x00000000040012b0
calls=1 0 
0 28 3 4 1 1 2 1 0 2
0 71 13 6 6 3 0 6 2
cfn=(3216) 0x00000000040011d0
calls=1 0 
0 31 9 4 1 4 1 1
0 181834 25975 2 2 12988 2 2 12986
cfn=(1526) 0x0000000004005990
calls=1 0 
0 1454643 103903 103900 6 25978 12988 6 1 12988
0 5 0 1 1 0 0 1
cfn=(1526)
calls=1 0 
0 727343 51953 51950 0 12990 6494 0 0 6494
0 106 14 12 8 2 5 8
cfn=(1484)
calls=1 0 
0 417820 4 417792 1 4 6528 1 0 6528
0 74 8 7 5 3 3 5
cfn=(1484)
calls=1 0 
0 415636 4 415608 0 4 6494 0 0 6494
0 16 1 3 1 1 1 1
cfn=(1602) 0x000000000400d680
calls=1 0 
0 103603405 19882065 12908704 441 1565432 254116 440 82 93589
0 8 2 3 1 1 1 1
cfn=(2868)
calls=1 0 
0 75 2 6 7 0 1 7 0 1
0 10 1 2 1 0 0 1
cfn=(1850)
calls=1 0 
0 8146663 2158309 1408643 0 137114 33205 0 0 32769
0 4 0 1
cfn=(2868)
calls=1 0 
0 75 2 6 0 1
0 27 4 6 3 1 2 3
cfn=(1654)
calls=1 0 
0 415570 415543 415538 0 6498 6494 0 0 6494
0 30 4 8 2 2 1 2
cfn=(1654)
calls=1 0 
0 417762 417735 417730 0 6529 6528 0 287 6528
0 84 16 21 7 4 2 7 0 1
cfn=(2966) 0x000000000400bd60
calls=1 0 
0 41143630 7880730 4335987 4 857688 80053 4 0 32768
0 1612804 352580 156682 20 58782 6528 20 0 6528
cfn=(1654)
calls=1 0 
0 417762 417735 417730 0 6532 6528
0 5 1 1 2 1 0 2
cfn=(3180)
calls=1 0 
0 883203 51955 51953 0 6495 12988 0 0 12988
0 10 4 3 2 3 2 2
cfn=(3180)
calls=1 0 
0 883211 51956 51953 8 6495 12988 8 0 12988
0 363670 51952 3 5 25976 0 5 25975
cfn=(2910)
calls=1 0 
0 15708953 4278383 2417017 3 328770 66408 3 0 65664
0 42 4 3 8 3 2 8
cfn=(1568)
calls=1 0 
0 415649 415615 415610 0 6498 6495 0 0 839
0 13 4 4 2 3 3 2
cfn=(1608)
calls=1 0 
0 458773 4 458752 0 4 7168 0 0 43
0 645221 129049 71686 10 20240 7171 10
cfn=(2082) 0x000000000400d310
calls=1 0 
0 22378532 4068568 2390478 0 365821 40586
0 573504 172045 57347 9 14342 2 9
cfn=(1608)
calls=1 0 
0 835605 4 835584 0 4 13056
0 885109 104186 104179 6 13030 13024 6 0 6494
cfn=(1568)
calls=1 0 
0 415593 415559 415554 6 6498 6495 6
0 5 1 1 0 1
cfn=(1484)
calls=1 0 
0 833428 4 833400 0 4 13022 0 0 13022
0 7 0 1
cfn=(1568)
calls=1 0 
0 831193 831159 831154 0 12992 12989
0 16 3 2 4 3 0 4
cfn=(1608)
calls=1 0 
0 2213 4 2192 0 3 34 0 0 34
0 12 5 2 2 0 1 2

fn=(2554)
0 828652 254593 169731 0 41478 18
cfn=(1992)
calls=31 0 
0 1920955 483547 270156 0 14432 122
0 124 31 31 0 4
cfn=(1992)
calls=31 0 
0 1920955 483547 270156 0 14472 58
0 155 62 31 0 8
cfn=(1992)
calls=31 0 
0 1920955 483547 270156 0 14944 56
0 1254049 279718 334150 6 63737 64782 6 0 32512
cfn=(1992)
calls=13 0 
0 6353892 1596263 925647 11 84806 322 11
0 52 0 13 1 0 0 1
cfn=(1992)
calls=13 0 
0 6679267 1725908 990480 8 85066 272 8
0 52 0 13
cfn=(1992)
calls=13 0 
0 6679267 1725908 990480 0 85288 272
0 169 78 0 0 21

fn=(2650) 0x0000000004007250
0 17319535 3190145 1367145 16 472047 0 16

fn=(3390)
0 6 3 0 1 1 0 1
cob=(7)
cfi=(205)
cfn=(3394)
calls=3 0 
0 1594 548 239 9 22 0 9 2
cob=(1)
cfi=(206)
cfn=(712)
calls=1 39 
0 871 274 132 0 7 0 0 2
0 5 2 2 1 0 0 1

fn=(3391)
0 2 1
cob=(7)
cfi=(205)
cfn=(3395)
calls=1 0 
0 131 52 20

fn=(626)
0 28 14 0 1 1 0 1
cob=(1)
cfi=(11)
cfn=(28)
calls=14 435 
0 242 56 14 0 27 0 0 20

fn=(780)
0 2 1 0 1 1 0 1
cob=(7)
cfi=(205)
cfn=(784)
calls=1 0 
0 923 316 158 9 11 0 9 4
cob=(1)
cfi=(206)
cfn=(712)
calls=1 39 
0 968 289 132 0 7 2 0 2
0 5 2 2 1 0 0 1

fn=(844)
0 2 1 0 1 1 0 1
cob=(7)
cfi=(205)
cfn=(848)
calls=1 0 
0 47 13 10 2 1 0 2
cob=(1)
cfi=(206)
cfn=(712)
calls=1 39 
0 765 253 132 0 8
0 5 2 2 1 0 0 1

fn=(850)
0 2 1 0 1 1 0 1
cob=(7)
cfi=(205)
cfn=(854)
calls=1 0 
0 24741 7055 3414 46 82 21 46 22 21
cob=(1)
cfi=(206)
cfn=(712)
calls=1 39 
0 684 242 132 0 7 0 0 3
0 5 2 2 1 0 0 1

fn=(874)
0 512 256 0 1 1 0 1
cob=(2)
cfi=(215)
cfn=(878)
calls=256 32 
0 10112 3584 1280 6 6 0 6
cob=(1)
cfi=(206)
cfn=(712)
calls=1 39 
0 827 293 145 0 9 0 0 1
0 5 2 2 1 0 0 1

fn=(978)
0 2 1 0 1 1 0 1
cob=(7)
cfi=(205)
cfn=(982)
calls=1 0 
0 107 35 28 5 0 0 5
cob=(1)
cfi=(206)
cfn=(712)
calls=1 39 
0 1016 297 132 0 7 0 0 1
0 5 2 2 1 0 0 1

fn=(1032)
0 2 1 0 1 1 0 1
cob=(7)
cfi=(205)
cfn=(1036)
calls=1 0 
0 104 26 28 6 0 0 6
cob=(1)
cfi=(206)
cfn=(712)
calls=1 39 
0 1032 299 132 0 7 0 0 1
0 5 2 2 1 0 0 1

fn=(1120)
0 16 8 0 1 1 0 1
cob=(7)
cfi=(205)
cfn=(1124)
calls=8 0 
0 112 40 8 2 0 0 2
cob=(1)
cfi=(206)
cfn=(712)
calls=1 39 
0 692 243 132 0 6 0 0 1
0 5 2 2 1 0 0 1

fn=(1126)
0 16 8
cob=(7)
cfi=(205)
cfn=(1130)
calls=8 0 
0 48 24 0 1 0 0 1
cob=(1)
cfi=(206)
cfn=(712)
calls=1 39 
0 704 244 132 0 5 0 0 1
0 5 2 2

fn=(1132)
0 8 4 0 1 1 0 1
cob=(7)
cfi=(205)
cfn=(1136)
calls=4 0 
0 224 100 36 3 0 0 3
cob=(1)
cfi=(206)
cfn=(712)
calls=1 39 
0 983 292 132 0 8 0 0 3
0 5 2 2 1 0 0 1

fn=(1182)
0 4 2
cob=(7)
cfi=(205)
cfn=(1186)
calls=2 0 
0 10 4 2 1 1 0 1
cob=(1)
cfi=(206)
cfn=(712)
calls=1 39 
0 720 248 132 0 9 0 0 1
0 5 2 2

fn=(1198)
0 2 1 0 1 0 0 1
cob=(7)
cfi=(205)
cfn=(1202)
calls=1 0 
0 3 1 0 1 0 0 1
cob=(1)
cfi=(206)
cfn=(712)
calls=1 39 
0 716 247 132 0 7
0 5 2 2 1 0 0 1

fn=(1216)
0 28 14 0 1 1 0 1
cob=(2)
cfi=(224)
cfn=(1218)
calls=14 206 
0 369 70 0 7 0 0 7

fn=(1436)
0 14 7 0 1 0 0 1
cob=(2)
cfi=(223)
cfn=(1214)
calls=7 25 
0 1789 625 61 0 2 0 0 2

fn=(1612) 0x0000000004005f90
0 2 1
cob=(2)
cfi=(237)
cfn=(1574)
calls=1 255 
0 22 6 4 0 0 2 0 0 2
0 5147 593 323 11 1 4 11 0 2
cfn=(1626) 0x00000000040011c0
calls=15 0 
0 255 30 0 2 1 0 2
0 385 79 4 4 0 1 4
cfn=(1568)
calls=1 0 
0 31 7 4 1 2 2 1 0 2
0 9 1 2 1 0 0 1
cfn=(1568)
calls=1 0 
0 39 11 8 1 0 4 1 0 4
0 23 14 2 1 0 0 1

fn=(1786)
0 77507 2142 2463 9 0 6 9

fn=(2234) 0x0000000004009110
0 756 0 396 2 0 30 2
cfn=(2235) 0x0000000004009110'2
calls=18 0 
0 10391771 1790506 1097505 13 172782 488 13
0 198 0 54 0 0 20
cfn=(2235)
calls=18 0 
0 10735066 1791229 1097539 7 173393 422 7
0 162 18 54 0 10 16
cfn=(2235)
calls=18 0 
0 10735066 1791229 1097539 0 173320 422
0 198 54 36 0 24
cfn=(2235)
calls=18 0 
0 10735066 1791229 1097539 0 173390 422
0 2602912 471388 464044 36 226437 0 36

fn=(2235)
0 137112 0 75816 0 0 1421
cfn=(2235)
calls=1788 0 
0 31561597 5562238 3042000 2 308335 2653 2
0 19668 0 5364 1 0 80 1
cfn=(2235)
calls=1788 0 
0 31675136 5563508 3041988 4 288106 456 4
0 16092 1788 5364 0 40 88
cfn=(2235)
calls=1788 0 
0 31675136 5563508 3041988 0 286821 456
0 19668 5364 3576 1 96 0 1
cfn=(2235)
calls=1788 0 
0 31675136 5563508 3041988 0 287035 456
0 42404429 7157041 4300002 18 692749 165 18

fn=(2424)
0 26 13 0 1 4 0 1
cob=(7)
cfi=(205)
cfn=(2428)
calls=13 0 
0 1944 545 375 28 70 13 28 1 12
cob=(1)
cfi=(206)
cfn=(712)
calls=1 39 
0 604 229 132 0 36 15 0 1
0 5 2 2 0 1

fn=(2966)
0 7147264 477482 104458 2 59687 13057 2
cfn=(1864)
calls=1 0 
0 572739 238752 131085 0 6535 65540 0 0 32768
0 7 2 1 0 1
cfn=(1896)
calls=1 0 
0 125755 33840 10351 0 71 257
0 4 1 1 1 0 0 1
cfn=(1992)
calls=1 0 
0 15010429 4005780 2275572 0 322207 603
0 3 2 1 0 1
cfn=(2650)
calls=1 0 
0 4981029 917533 393223 0 147333
0 4 1 1 0 1
cfn=(2234)
calls=1 0 
0 13306385 2207328 1421294 0 321850 596
0 11 9 0 1 2 0 1

fn=(3216)
0 2 1 0 0 1
cob=(2)
cfi=(242)
cfn=(3218)
calls=1 25 
0 29 8 4 1 3 1 1

fn=(3286)
0 2 1 0 1 0 0 1
cob=(2)
cfi=(249)
cfn=(3288)
calls=1 45 
0 95 22 12 8 4 1 8 1 1

fn=(3296)
0 5 1

fn=(736)
0 2 1 0 1 1 0 1
cob=(7)
cfi=(205)
cfn=(740)
calls=1 0 
0 71341 21196 9393 334 426 100 334 91 94
cob=(1)
cfi=(206)
cfn=(712)
calls=1 39 
0 700 245 132 0 7 1 0 1
0 5 2 2 1 0 0 1

fn=(766)
0 28 14 0 1 1 0 1
cob=(2)
cfi=(209)
cfn=(770)
calls=14 136 
0 2061 653 316 20 22 2 20 8
cob=(1)
cfi=(206)
cfn=(712)
calls=1 39 
0 965 337 156 0 13 1 0 7
0 5 2 2 1 0 0 1

fn=(670)
0 2 1 0 1 1 0 1
cob=(2)
cfi=(200)
cfn=(672)
calls=1 53 
0 22 2 0 2 1 0 2

fn=(820)
0 2 1 0 1 1 0 1
cob=(7)
cfi=(205)
cfn=(824)
calls=1 0 
0 107 35 28 4 2 0 4 1
cob=(1)
cfi=(206)
cfn=(712)
calls=1 39 
0 1086 305 132 0 8 0 0 2
0 5 2 2 1 0 0 1

fn=(826)
0 2 1 0 1 0 0 1
cob=(7)
cfi=(205)
cfn=(830)
calls=1 0 
0 107 35 28 4 0 0 4
cob=(1)
cfi=(206)
cfn=(712)
calls=1 39 
0 1094 306 132 0 6 0 0 2
0 5 2 2 1 0 0 1

fn=(884)
0 24 12 0 1 1 0 1
cob=(7)
cfi=(205)
cfn=(888)
calls=12 0 
0 4354 967 334 18 22 0 18 11
cob=(1)
cfi=(206)
cfn=(712)
calls=1 39 
0 812 263 132 0 6 0 0 2
0 5 2 2 1 0 0 1

fn=(890)
0 20 10 0 1 1 0 1
cob=(2)
cfi=(218)
cfn=(894)
calls=10 26 
0 3300 646 187 9 11 0 9 5
cob=(1)
cfi=(206)
cfn=(712)
calls=1 39 
0 883 297 145 0 10 0 0 6
0 5 2 2 1 0 0 1

fn=(1114)
0 16 8 0 1 1 0 1
cob=(7)
cfi=(205)
cfn=(1118)
calls=8 0 
0 2006 707 380 8 13 0 8 3
cob=(1)
cfi=(206)
cfn=(712)
calls=1 39 
0 720 248 132 0 7 0 0 3
0 5 2 2 1 0 0 1

fn=(1654)
0 48 24 0 0 6
cob=(2)
cfi=(237)
cfn=(1574)
calls=24 255 
0 1657851 1656290 1656217 3 26087 25354 3 287 13075

fn=(2082)
0 350 60 146 2 1 6 2
cfn=(1864)
calls=6 0 
0 18400 3954 10800 6 45 192 6 0 192
0 90 24 14 0 5
cfn=(1896)
calls=14 0 
0 62874 16938 5183 0 82 131
0 66 14 8
cfn=(1992)
calls=8 0 
0 21462171 5494615 3272805 0 364781 900
0 42 28 14 0 20
cfn=(2650)
calls=14 0 
0 12338506 2272612 973922 16 324714 0 16
0 56 14 14 0 14
cfn=(2234)
calls=14 0 
0 31744567 5404118 3420254 20 597434 1224 20
0 23347956 1599600 6 3 161417 0 3 1
cfn=(2554)
calls=6 0 
0 13734436 3506106 2104563 0 202092 32821
0 2070545 165 295757 3 28 36881 3 0 14213
cfn=(1864)
calls=14 0 
0 1984669 918829 489353 0 25868 118902 0 2 24338
0 160 8 8 0 7
cfn=(1484)
calls=8 0 
0 714880 32 714656 0 29 11163 0 0 8238
0 74 16 6 2 5 0 2
cfn=(1896)
calls=6 0 
0 18 12 0 1 0 0 1
0 24 0 6
cfn=(1920)
calls=6 0 
0 23488 5724 3202
0 36 0 6
cfn=(1992)
calls=6 0 
0 31788 6496 3218
0 24 0 6
cfn=(1992)
calls=6 0 
0 31788 6496 3218
0 24 0 6 1 0 0 1
cfn=(1992)
calls=6 0 
0 31788 6496 3218
0 24 6 6
cfn=(2138) 0x000000000400b530
calls=6 0 
0 92417 12567 4588 40 8 58 40 2 58
0 24 0 6
cfn=(2234)
calls=6 0 
0 30606 4854 2580 38 0 0 38
0 24 0 6
cfn=(2234)
calls=6 0 
0 30606 4854 2580
0 24 0 6 1 0 0 1
cfn=(2234)
calls=6 0 
0 30606 4854 2580
0 12 0 6
cfn=(2318)
calls=6 0 
0 22506 4748 2748 8 0 0 8
0 6

fn=(3312)
0 2 1 0 1 0 0 1
cob=(2)
cfi=(249)
cfn=(3288)
calls=1 45 
0 95 22 12

fn=(3378)
0 4 2 0 1 1 0 1
cob=(7)
cfi=(205)
cfn=(3382)
calls=2 0 
0 917 337 155 5 23 1 5 12 1
cob=(1)
cfi=(206)
cfn=(712)
calls=1 39 
0 688 242 132 0 9 0 0 2
0 5 2 2 1 0 0 1

fn=(720)
0 44 22 0 1 0 0 1
cob=(7)
cfi=(205)
cfn=(724)
calls=22 0 
0 73358 21897 9776 344 440 103 344 95 95
cob=(1)
cfi=(206)
cfn=(712)
calls=1 39 
0 672 240 132 0 10 3 0 3 1
0 5 2 2 1 0 0 1

fn=(748)
0 14 7 0 1 0 0 1
cob=(7)
cfi=(205)
cfn=(752)
calls=7 0 
0 21 7 0 1 0 0 1
cob=(1)
cfi=(206)
cfn=(712)
calls=1 39 
0 788 259 132 0 10 0 0 2
0 5 2 2 1 0 0 1

fn=(690)
0 7 2 0 1 0 0 1

fn=(796)
0 64 32 0 1 1 0 1
cob=(7)
cfi=(205)
cfn=(800)
calls=32 0 
0 13517 4057 550 10 14 0 10 8
cob=(1)
cfi=(206)
cfn=(712)
calls=1 39 
0 940 284 132 0 8 0 0 3
0 5 2 2 1 0 0 1

fn=(862)
0 4 2 0 1 0 0 1
cob=(2)
cfi=(213)
cfn=(866)
calls=2 30 
0 44 18 8 3 1 0 3
cob=(1)
cfi=(206)
cfn=(712)
calls=1 39 
0 816 296 145 0 14 0 0 4
0 5 2 2 1 0 0 1

fn=(868)
0 256 128 0 1 1 0 1
cob=(2)
cfi=(214)
cfn=(872)
calls=128 30 
0 2432 640 256 2 0 0 2
cob=(1)
cfi=(206)
cfn=(712)
calls=1 39 
0 948 309 152 0 14 0 0 4
0 5 2 2 1 0 0 1

fn=(940)
0 2 1 0 1 0 0 1
cob=(7)
cfi=(205)
cfn=(944)
calls=1 0 
0 47 13 10 2 0 1 2 0 1
cob=(1)
cfi=(206)
cfn=(712)
calls=1 39 
0 765 253 132 0 6
0 5 2 2 1 0 0 1

fn=(966)
0 2 1 0 1 1 0 1
cob=(7)
cfi=(205)
cfn=(970)
calls=1 0 
0 107 35 28 5 0 0 5
cob=(1)
cfi=(206)
cfn=(712)
calls=1 39 
0 1000 295 132 0 9 0 0 3
0 5 2 2 1 0 0 1

fn=(1094)
0 2 1 0 1 0 0 1
cob=(7)
cfi=(205)
cfn=(1098)
calls=1 0 
0 3 1 1 1 0 1 1
cob=(1)
cfi=(206)
cfn=(712)
calls=1 39 
0 732 250 132 0 5 0 0 2
0 5 2 2

fn=(1380)
0 4 2 0 1 1 0 1
cob=(2)
cfi=(221)
cfn=(1168)
calls=2 67 
0 146 26 30 0 0 1 0 0 1

fn=(1484)
0 24 12 0 0 11
cob=(2)
cfi=(208)
cfn=(1486)
calls=12 192 
0 2381768 35 2381460 2 31 37209 2 0 34284

fn=(1526)
0 2181986 155856 155850 6 38968 19482 6 1 19482

fn=(1626)
0 30 15 0 1 1 0 1
cob=(6)
cfi=(203)
cfn=(1628)
calls=15 0 
0 225 15 0 1 0 0 1

fn=(1864)
0 3513019 1870494 467930 32 51706 233143 32 4 84403
cfn=(1608)
calls=26 0 
0 818948 99 711234 2 46 80112 2 0 68914
0 130 26 0 1 6 0 1

fn=(2138)
0 28130 5160 2296 20 68 0 20 1
cfn=(1902)
calls=7 0 
0 644 182 42 0 8
0 117389 14326 4755 12 307 0 12
cfn=(2174)
calls=4 0 
0 1553 297 272 0 15 62 0 0 62
0 36 8 12 1 0 0 1
cfn=(2174)
calls=4 0 
0 1567 297 280 7 38 61 7 1 61
0 8 4

fn=(3232)
0 2 1
cob=(7)
cfi=(205)
cfn=(2422)
calls=1 0 
0 164 50 23 5 1 0 5
0 9 2 2 1 1 0 1 1
cfn=(2420)
calls=1 0 
0 139 40 25 11 11 1 11
0 7 3

fn=(3348)
0 6 3 0 1 1 0 1
cob=(7)
cfi=(205)
cfn=(3352)
calls=3 0 
0 4529 1619 805 34 106 2 34 38 2
cob=(1)
cfi=(206)
cfn=(712)
calls=1 39 
0 687 242 132 0 9 3 0 2 1
0 5 2 2 1 0 0 1

fn=(3349)
0 2 1
cob=(7)
cfi=(205)
cfn=(3353)
calls=1 0 
0 131 52 20

fn=(3372)
0 4 2 0 1 1 0 1
cob=(7)
cfi=(205)
cfn=(3376)
calls=2 0 
0 1632 589 293 8 34 1 8 14 1
cob=(1)
cfi=(206)
cfn=(712)
calls=1 39 
0 720 248 132 0 8 0 0 2
0 5 2 2 1 0 0 1

fn=(3412)
0 4 1 0 1 0 0 1

fn=(3460)
0 4 1 0 2 0 0 2

fn=(814)
0 2 1 0 1 1 0 1
cob=(7)
cfi=(205)
cfn=(818)
calls=1 0 
0 416 136 74 7 6 0 7 3
cob=(1)
cfi=(206)
cfn=(712)
calls=1 39 
0 1022 294 132 0 11 0 0 1
0 5 2 2 1 0 0 1

fn=(910)
0 2 1 0 1 1 0 1
cob=(7)
cfi=(205)
cfn=(914)
calls=1 0 
0 350 72 73 5 0 3 5 0 3
cob=(1)
cfi=(206)
cfn=(712)
calls=1 39 
0 998 291 132 0 8 0 0 1
0 5 2 2 1 0 0 1

fn=(934)
0 2 1 0 1 1 0 1
cob=(7)
cfi=(205)
cfn=(938)
calls=1 0 
0 152 38 33 14 3 0 14
cob=(1)
cfi=(206)
cfn=(712)
calls=1 39 
0 984 291 132 0 6 0 0 2
0 5 2 2 1 0 0 1

fn=(1002)
0 2 1 0 1 1 0 1
cob=(7)
cfi=(205)
cfn=(1006)
calls=1 0 
0 47 13 10 2 0 1 2 0 1
cob=(1)
cfi=(206)
cfn=(712)
calls=1 39 
0 711 247 132 0 7 0 0 1
0 5 2 2 1 0 0 1

fn=(1044)
0 2 1 0 1 1 0 1
cob=(7)
cfi=(205)
cfn=(1048)
calls=1 0 
0 104 26 28 6 0 0 6
cob=(1)
cfi=(206)
cfn=(712)
calls=1 39 
0 1008 296 132 0 8 0 0 1
0 5 2 2 1 0 0 1

fn=(1138)
0 2 1 0 1 1 0 1
cob=(7)
cfi=(205)
cfn=(1142)
calls=1 0 
0 1672 343 187 16 16 0 16 7
cob=(1)
cfi=(206)
cfn=(712)
calls=1 39 
0 776 257 132 0 10 0 0 2
0 5 2 2 1 0 0 1

fn=(1154)
0 8 4 0 1 1 0 1
cob=(7)
cfi=(205)
cfn=(1158)
calls=4 0 
0 224 100 36 3 0 0 3
cob=(1)
cfi=(206)
cfn=(712)
calls=1 39 
0 983 292 132 0 7 0 0 2
0 5 2 2 1 0 0 1

fn=(1208)
0 2 1 0 1 1 0 1
cob=(2)
cfi=(222)
cfn=(1212)
calls=1 28 
0 290 93 9 14 18 0 14 2
cob=(1)
cfi=(206)
cfn=(712)
calls=1 39 
0 872 310 152 0 16 0 0 3
0 5 2 2 1 0 0 1

fn=(1364)
0 12 2 3 2 1 0 2
cob=(2)
cfi=(228)
cfn=(1366)
calls=1 242 
0 205083866 42281711 29989423 823 3498073 638480 815 39468 323297

fn=(1400)
0 32 16 0 1 1 0 1
cob=(2)
cfi=(233)
cfn=(1402)
calls=16 117 
0 96 16 0 1 0 0 1

fn=(1602)
0 39 1 17 3 1 4 3
cfn=(1603) 0x000000000400d680'2
calls=1 0 
0 50214382 9532774 6245061 437 713087 126873 436 80 47638
0 63 9 11 0 3 1
cfn=(1786)
calls=1 0 
0 5637 150 169
0 470232 78377 52236 0 9801 3268
cfn=(1608)
calls=1 0 
0 417813 4 417792 0 4 6528 0 0 6528
0 5 2 1 0 2
cfn=(1654)
calls=1 0 
0 208930 208903 208898 0 3269 3265
0 57 5 3 0 3 1
cfn=(2082)
calls=1 0 
0 21900040 3899539 2261837 0 346180 40479 0 0 6655
0 339499 104452 52229 0 9795
cfn=(1850)
calls=1 0 
0 7730974 2006180 1285148 0 117470 33210 0 0 16384
0 22 6 5 1 2 0 1
cfn=(2082)
calls=1 0 
0 22315700 4051658 2385295 0 365812 40487 0 2 16384
0 12 5 2 0 3

fn=(1603)
0 2 1
cob=(2)
cfi=(237)
cfn=(1574)
calls=1 255 
0 22 6 4 0 0 2 0 0 2
0 448 12 195 0 0 40
cfn=(1603)
calls=11 0 
0 48118698 8744114 5968924 3332 496575 118791 3321 445 49935
0 571 95 100 4 14 3 4
cfn=(1786)
calls=8 0 
0 28806 798 918
0 11 0 6 2 0 0 2
cfn=(1786)
calls=1 0 
0 1492 48 60 9 0 0 9
0 402 56 10 3 0 0 3
cfn=(1670) 0x000000000400bf50
calls=2 0 
0 22143 3627 1875 5 5 0 5
0 236195 52451 26181 16 6331 3227 16 2
cfn=(1608)
calls=1 0 
0 108 3 52 0 0 25 0 0 25
0 5 2 1 1 0 0 1
cfn=(1654)
calls=1 0 
0 115 33 29
0 235607 26259 26167 8 2680 7 8
cfn=(1608)
calls=1 0 
0 28 3 8 1 2 4 0 0 4
0 8 2 1
cfn=(1612)
calls=1 0 
0 5913 742 347 21 4 13 21 0 10
0 35 11 4 1 0 1 1
cfn=(1608)
calls=4 0 
0 120900 15 120808 0 7 1895 0 0 1893
0 30 6 6
cfn=(1608)
calls=6 0 
0 293970 22 293828 0 14 4611 0 0 4609
0 50 20 10 1 6 0 1
cfn=(1654)
calls=10 0 
0 197204 196202 196160 3 3228 2483 3
0 463 48 24 4 11 1 4
cfn=(2082)
calls=8 0 
0 20217456 3531253 2030024 0 289242 39962 0 0 7498
0 46 11 9 1 2 0 1
cfn=(1670)
calls=3 0 
0 378416 63786 57645 14 1107 919 14 4 563
0 339854 104472 52268 7 9510 0 7
cfn=(1850)
calls=9 0 
0 7139841 1829467 1190397 188 91406 32916 188 71 16532
0 186 56 45 6 8 0 6
cfn=(2082)
calls=9 0 
0 20993947 3723222 2247861 141 309495 40764 141 3 16502
0 108 45 18 1 15 0 1

fn=(1608)
0 110 55 0 0 25
cob=(2)
cfi=(208)
cfn=(746)
calls=55 198 
0 3136041 143 3027686 3 64 116425 2 0 85042

fn=(1670)
0 45318 2916 858 4 0 104 4 0 103
cfn=(1608)
calls=4 0 
0 170 12 60 0 0 11 0 0 11
0 33434 5480 2765 8 6 0 8
cfn=(1864)
calls=1 0 
0 15933 1475 13312 0 3 331
0 12 2 3 1 0 0 1
cfn=(1864)
calls=1 0 
0 15933 1475 13312 0 1 384 0 0 384
0 12 1 1 2 0 0 2
cfn=(1896)
calls=1 0 
0 3920 1007 338 0 31 9
0 4 0 1
cfn=(1920)
calls=1 0 
0 19153 4741 2298 0 321 13 0 4
0 7 0 1 1 0 0 1
cfn=(1992)
calls=1 0 
0 20915 4520 2454 0 1 2
0 5 0 1
cfn=(1992)
calls=1 0 
0 20915 4520 2454
0 4 0 1
cfn=(1992)
calls=1 0 
0 20915 4520 2454
0 3 1 1
cfn=(1920)
calls=1 0 
0 13168 3186 1803 0 233
0 4 1 1 1 0 0 1
cfn=(1992)
calls=1 0 
0 20915 4520 2454
0 5 1 1
cfn=(1992)
calls=1 0 
0 20915 4520 2454
0 5 1 1
cfn=(1992)
calls=1 0 
0 20915 4520 2454
0 4 0 1 1 0 0 1
cfn=(2138)
calls=1 0 
0 56910 7707 3069 0 428 65 0 0 65
0 4 0 1
cfn=(2234)
calls=1 0 
0 19475 3215 1806 0 72
0 4 0 1
cfn=(2234)
calls=1 0 
0 19475 3215 1806
0 4 0 1
cfn=(2234)
calls=1 0 
0 19475 3215 1806
0 2 0 1
cfn=(2318)
calls=1 0 
0 12623 2642 1546 0 16
0 3 0 0 1 0 0 1

fn=(1920)
0 398 81 127 5 2 0 5
cfn=(1926)
calls=2 0 
0 527 103 77 12 11 2 12 1 2
0 102 28 20 3 0 0 3
cfn=(1902)
calls=4 0 
0 164 40 24
0 352 132 88
cfn=(1902)
calls=44 0 
0 4100 1128 264 0 8 0 0 8
0 380 160 52 1 0 4 1
cfn=(1902)
calls=4 0 
0 164 40 24
0 476 204 68
cfn=(1902)
calls=68 0 
0 7561 1644 488 0 10 0 0 7
0 61920 15177 8371 7 531 1 7 1
cfn=(1926)
calls=3 0 
0 2802 769 559 15 98 41 15 2 18
0 9 3 3

fn=(3262)
0 202 35 2 2 12 0 2 12

fn=(3302)
0 4 1 0 1 0 0 1

fn=(3330)
0 2 1 0 1 0 0 1
cob=(2)
cfi=(249)
cfn=(3288)
calls=1 45 
0 8679 3016 1488 56 181 29 55 57 8

ob=(3)
fl=(172)
fn=(554)
33 1 0 0 1 0 0 1
fi=(271) ./math/../sysdeps/x86_64/fpu/multiarch/ifunc-sse4_1.h
-4 5 2
fe=(172)
+4 1 1

fl=(152)
fn=(486)
28 1 0 0 1 0 0 1
fi=(149) ./math/../sysdeps/x86_64/fpu/multiarch/ifunc-avx-fma4.h
+4 5 2
+1 2 1
fe=(152)
-5 1 1 0 1 0 0 1

fl=(176)
fn=(566)
28 1 0 0 1 0 0 1
fi=(149)
+4 5 2
+1 2 1 0 1 0 0 1
fe=(176)
-5 1 1

fl=(174)
fn=(560)
28 1 0 0 1 0 0 1
fi=(146) ./math/../sysdeps/x86_64/fpu/multiarch/ifunc-fma.h
+1 4 2
+1 4 1 0 1 0 0 1
fe=(174)
-2 1 1

fl=(168)
fn=(538)
33 1 0 0 1 0 0 1
fi=(271)
-4 5 2
fe=(168)
+4 1 1

fl=(156)
fn=(502)
33 1 0 0 1 0 0 1
fi=(271)
-4 5 2
fe=(156)
+4 1 1

fl=(160)
fn=(510)
29 5 2 0 1 0 0 1
fi=(146)
+1 4 1
fe=(160)
-1 1 1

fl=(155)
fn=(498)
32 1 0 0 1 0 0 1
fi=(146)
-3 4 2 0 1 0 0 1
+1 4 1
fe=(155)
+2 1 1

fl=(147)
fn=(470)
28 1 0 0 1 0 0 1
fi=(146)
+1 4 2
+1 4 1 0 1 0 0 1
fe=(147)
-2 1 1

fl=(154)
fn=(494)
28 1 0 0 1 0 0 1
fi=(146)
+1 4 2 0 1 0 0 1
+1 4 1
fe=(154)
-2 1 1

fl=(179)
fn=(580)
33 1 0 0 1 0 0 1
fi=(271)
-4 5 2 0 1 0 0 1
fe=(179)
+4 1 1

fl=(163)
fn=(522)
28 1 0 0 1 0 0 1
fi=(149)
+4 5 2
+1 2 1 0 1 0 0 1
fe=(163)
-5 1 1

fl=(158)
fn=(506)
29 1 0 0 1 0 0 1
fi=(159) ./math/../sysdeps/x86_64/fpu/multiarch/ifunc-fma4.h
+2 4 2 0 1 0 0 1
+1 2 1
fe=(158)
-3 1 1

fl=(151)
fn=(482)
29 5 2 0 1 0 0 1
fi=(146)
+1 4 1 0 1 0 0 1
fe=(151)
-1 1 1

fl=(167)
fn=(536)
33 1 0 0 1 0 0 1
fi=(271)
-4 5 2 0 1 0 0 1
fe=(167)
+4 1 1

fl=(173)
fn=(556)
28 1 0 0 1 0 0 1
fi=(146)
+1 4 2
+1 4 1 0 1 0 0 1
fe=(173)
-2 1 1

fl=(162)
fn=(518)
29 1 0 0 1 0 0 1
fi=(149)
+3 5 2
+1 2 1 0 1 0 0 1
fe=(162)
-4 1 1

fl=(171)
fn=(550)
29 5 2 0 1 0 0 1
fi=(146)
+1 4 1
fe=(171)
-1 1 1

fl=(165)
fn=(530)
28 1 0 0 1 0 0 1
fi=(146)
+1 4 2
+1 4 1
fe=(165)
-2 1 1

fl=(161)
fn=(514)
28 1 0 0 1 0 0 1
fi=(146)
+1 4 2
+1 4 1 0 1 0 0 1
fe=(161)
-2 1 1

fl=(170)
fn=(546)
28 1 0 0 1 0 0 1
fi=(146)
+1 4 2 0 1 0 0 1
+1 4 1
fe=(170)
-2 1 1

fl=(153)
fn=(490)
29 5 2 0 1 0 0 1
fi=(146)
+1 4 1 0 1 0 0 1
fe=(153)
-1 1 1

fl=(175)
fn=(564)
32 1 0 0 1 0 0 1
fi=(271)
-3 5 2 0 1 0 0 1
fe=(175)
+3 1 1

fl=(164)
fn=(542)
29 1 0 0 1 0 0 1
fi=(159)
+2 4 2
+1 2 1
fe=(164)
-3 1 1

fn=(526)
37 1 0 0 1 0 0 1
fi=(159)
-6 4 2
+1 2 1
fe=(164)
+5 1 1 0 1 0 0 1

fl=(145)
fn=(466)
29 10 4 0 1 0 0 1
fi=(146)
+1 8 2 0 1 0 0 1
fe=(145)
-1 2 2

fl=(238)
fn=(1904)
37 41208 5151 10302 2 13 0 2
fi=(272) ./math/../sysdeps/x86/fpu/math-inline-asm.h
+23 5151 0 5151 0 0 3
fi=(239) ./math/../sysdeps/x86/fpu/fenv_private.h
409 15453 5151
+3 5151
-3 5151 0 5151
+3 15453
fe=(238)
44 15453
+2 10302 0 0 1 0 0 1
+7 4586 4586 0 0 13 0 0 1
-3 9172
+9 9096
+8 1296 1296 0 0 13 0 0 1
+1 1296 1296 0 0 13 0 0 1
-1 1296
+1 1296
+1 2592 0 0 1 0 0 1
fi=(240) ./math/../sysdeps/ieee754/dbl-64/s_sin.c
+35 5100 606
+3 1212 1212 0 0 12 0 0 1
+7 606
fe=(238)
-44 606
fi=(240)
+42 1212 1212 0 1 12 0 1 1
-5 606
+6 606 606
-5 606
+6 1818
-6 1212
+3 606
+1 1212
+1 606 0 0 1 0 0 1
-1 1212
+1 3030 1212
+1 1818 606 0 0 181 0 0 11
-1 606 0 606 0 0 1
-6 1380 1380
+7 690
fe=(238)
-44 690
fi=(240)
+42 1380 1380
-5 690
+6 690 690
-5 690
+6 2070
-6 1380
+3 690
+1 1380
+1 690
-1 1380
+1 3450 1380
+1 2070 690
-1 690 0 690
+1 6228 2508 606 1 0 0 1
+2 2424 606
fe=(238)
-46 1212
fi=(240)
+58 606 606 0 1 13 0 1 1
fe=(238)
-58 606 0 606
fi=(240)
+58 1212
-14 4140 1380 690
+2 2760 690
fe=(238)
-46 1380
fi=(240)
+58 690 690
fe=(238)
-58 690 0 690
fi=(240)
+58 1380
+6 3255
+10 1085
-10 1085
+5 1085
+2 1085
-1 2170
+1 1085
-1 1085
+1 1085
-1 1085
+1 1085
+3 7595 1085
fe=(238)
-73 1085 0 1085
+1 1085
-1 211 0 211 1 0 0 1
+1 211
+3 1130
+32 25755 20604 0 1 0 0 1
-54 152 38 0 1 13 0 1 1
+2 38 38 0 0 12 0 0 1
-1 38 0 38
+1 38 0 38
fi=(239)
424 10302
fe=(238)
81 1130 0 0 1 0 0 1
fi=(240)
+75 1695 1130 0 0 13 0 0 1
+8 565 565 0 0 14 0 0 1
-7 565
+3 565 0 0 1 0 0 1
-1 565 565
+1 565
-1 565 565
+5 1130
+4 565
-4 565
+1 1130
+3 1130 565
+1 1695 0 0 1 0 0 1
fe=(238)
-85 1695
+2 565 565
+1 565 565
fi=(240)
+41 565 565
+7 565 565
fe=(238)
-45 2260
fi=(240)
+52 565 0 0 1 0 0 1
-7 565
-21 565
-6 565
+20 565 565
-14 565
+28 1130 565
-28 565
-6 565
+34 1130 565
-28 1130
+14 565 0 0 1 0 0 1
+14 2260 1130
-14 565
+5 2350 470
+6 470
+1 1880 940 0 1 0 0 1
+1 470
-1 940
+1 470 470
-1 470
+1 940 470
-1 470 0 470 1 0 0 1
+1 1410 470
+3 470 470
-3 470
+3 3760 0 0 1 0 0 1
fe=(238)
-47 470 0 470
fi=(240)
+7 470
+1 470
fe=(238)
-6 470
fi=(240)
+6 470
fe=(238)
-8 95 0 95
fi=(240)
+7 95
+1 95
fe=(238)
-6 95
fi=(240)
+6 285 95
+3 95
+3 95
+1 190
+1 95
-1 190
+1 190
+3 95
-3 95
+3 285
fe=(238)
-17 95
fi=(240)
+6 940 470
+3 470
+3 470
+1 940
+1 470 0 0 1 0 0 1
-1 940
+1 940
+3 470
-3 470
+3 1410
fe=(238)
-17 1600 565 565
+1 565
fi=(240)
+35 3252 3252 0 1 1 0 1
+7 3252
-7 3252
-21 3252
-6 3252
+20 3252 3252 0 0 1
-14 3252
+28 6504 3252 0 0 322 0 0 45
-28 3252
-6 3252
+34 6504 3252
-28 6504 0 0 1 0 0 1
+14 3252
+14 13008 6504
-14 3252
+11 632
-6 1264 632
+7 632 632
-7 632
+7 632 632 0 1 0 0 1
+1 632 632
-8 632
+8 632 632
-1 1264
+1 632
-1 1264
+1 1264 632
-1 632
+1 1896 0 0 1 0 0 1
+3 5688 632
-40 632 0 0 1 0 0 1
fe=(238)
-43 632 0 632
fi=(240)
+43 2620
fe=(238)
-43 2620 0 2620
fi=(240)
+43 7860 2620
+4 2620
+3 2620
+1 5240
+1 2620
-1 2620
+1 2620
+3 2620
-3 2620
+3 7860
fe=(238)
-54 2620 0 2620
+1 2620
fi=(240)
+41 1896 632
+4 632
+3 632
+1 1264
+1 632
-1 632
+1 632
+3 632
-3 632 0 0 1 0 0 1
+3 1896
fe=(238)
-54 632 0 632
+1 632
fi=(240)
+42 2070 690 0 1 0 0 1
+24 45761 30825 0 6 15 0 6 1
fe=(238)

fl=(204)
fn=(3424) 0x0000000000012880
0 5 1 0 1

fn=(694)
0 12 1 0 3 0 0 3

fn=(3414)
0 9 3 2 2 2
cob=(4)
cfi=(191)
cfn=(3420)
calls=1 0 
0 97 23 12 1 0 0 1
0 1 0 1
cfn=(3424)
calls=1 0 
0 5 1 0 1
0 3 2 1

fl=(177)
fn=(574)
44 6 3 0 2 0 0 2

fl=(166)
fn=(534)
49 6 3 0 1 0 0 1

fl=(148)
fn=(474)
29 1 0 0 1 0 0 1
fi=(149)
+3 5 2 0 1 0 0 1
+1 2 1
fe=(148)
-4 1 1

fl=(178)
fn=(576)
29 2 0 0 1 0 0 1
fi=(159)
+2 8 4 0 0 1
+1 4 2
fe=(178)
-3 2 2

fl=(150)
fn=(570)
29 1 0 0 1 0 0 1
fi=(149)
+3 5 2
+1 2 1
fe=(150)
-4 1 1

fn=(478)
36 1 0 0 1 0 0 1
fi=(149)
-4 5 2
+1 2 1
fe=(150)
+3 1 1 0 1 0 0 1

fl=(169)
fn=(540)
32 1 0 0 1 0 0 1
fi=(271)
-3 5 2
fe=(169)
+3 1 1

fl=(157)
fn=(504)
33 1 0 0 1 0 0 1
fi=(271)
-4 5 2 0 1 0 0 1
fe=(157)
+4 1 1

totals: 206952306 42775840 30174114 2574 3510007 641203 2563 46975 325244
