# callgrind format
version: 1
creator: callgrind-3.26.0
pid: 17007
cmd:  ./bin/ref_np
part: 1


desc: I1 cache: 65536 B, 64 B, 16-way associative
desc: D1 cache: 49152 B, 64 B, 12-way associative
desc: LL cache: 25165824 B, 64 B, 12-way associative

desc: Timerange: Basic block 0 - 23221380
desc: Trigger: Program termination

positions: line
events: Ir Dr Dw I1mr D1mr D1mw ILmr DLmr DLmw
summary: 206246008 42010262 30132397 2593 3510092 641899 2545 46891 325185


ob=(5) /usr/libexec/valgrind/vgpreload_core-amd64-linux.so
fl=(197) ???
fn=(3318) 0x00000000000010d0
0 9 3 2 1 2
cob=(4) ???
cfi=(191) ???
cfn=(3324) 0x0000000008b43030
calls=1 0 
0 97 23 12 9 4 1 8 1 1
0 1 0 1
cfn=(3334) 0x0000000000001060
calls=1 0 
0 5 1 0 2 0 0 1
0 3 2 1 1

fn=(3334)
0 5 1 0 2 0 0 1

fn=(660) 0x0000000000001110
0 12 1 0 3 0 0 3

ob=(7) /usr/lib/x86_64-linux-gnu/libstdc++.so.6.0.35
fl=(205) ???
fn=(784) std::locale::facet::_S_create_c_locale(__locale_struct*&, char const*, __locale_struct*)
0 8 0 3 2 0 0 2
cob=(4)
cfi=(191)
cfn=(786) 0x0000000008c085d0
calls=1 0 
0 909 313 154 7 11 0 7 4
0 6 3 1

fn=(860) std::ctype<wchar_t>::_M_initialize_ctype()
0 11 1 6 1 0 0 1
cob=(4)
cfi=(191)
cfn=(862) 0x0000000008c09170
calls=1 0 
0 845 308 151 5 15 0 5 4
0 770 0 256 1 0 2 1 0 2
cob=(4)
cfi=(191)
cfn=(868) 0x0000000008c08170
calls=128 0 
0 3641 1079 410 4 17 0 4 4
0 262 0 2
cob=(4)
cfi=(191)
cfn=(874) 0x0000000008c09d50
calls=1 0 
0 856 302 150 5 8 0 5 1
0 510 0 255
cob=(4)
cfi=(191)
cfn=(874)
calls=255 0 
0 10600 3833 1277 3 6 0 3
0 1085 0 272 1 0 16 1 0 16
cob=(4)
cfi=(191)
cfn=(884) 0x0000000008c08040
calls=8 0 
0 3450 915 387 19 29 0 19 13
0 76 0 16 0 0 1 0 0 1
cob=(4)
cfi=(191)
cfn=(884)
calls=4 0 
0 1745 329 81 1 0 0 1
0 23 5 4 0 0 1 0 0 1
cob=(4)
cfi=(191)
cfn=(862)
calls=1 0 
0 24 10 4 0 1
0 2 0 0 2 0 0 2

fn=(926) std::__cxx11::moneypunct<wchar_t, true>::_M_initialize_moneypunct(__locale_struct*, char const*)
0 104 26 28 6 0 0 6

fn=(938) std::__timepunct<wchar_t>::_M_initialize_timepunct(__locale_struct*)
0 20 4 6 4 0 0 4
cob=(4)
cfi=(191)
cfn=(760) 0x0000000008c09560
calls=1 0 
0 22 7 2
0 110 27 25 10 3 0 10

fn=(944) std::__cxx11::messages<wchar_t>::messages(unsigned long)
0 14 1 5 2 0 1 2 0 1
cob=(4)
cfi=(191)
cfn=(760)
calls=1 0 
0 22 7 2
0 2 0 2
cob=(4)
cfi=(191)
cfn=(748) 0x0000000008c074f0
calls=1 0 
0 5 2
0 4 3 1

fn=(1118) std::ios_base::_M_init()
0 104 16 48 2 1 0 2 1
cob=(4)
cfi=(191)
cfn=(720) 0x0000000008c07a00
calls=8 0 
0 216 80 40
0 24 0 8
cob=(4)
cfi=(191)
cfn=(1120) 0x0000000008c08b20
calls=8 0 
0 825 293 142 4 7 0 4 1
0 16 0 8
cob=(4)
cfi=(191)
cfn=(1126) 0x0000000008c09010
calls=8 0 
0 773 278 134 1 6 0 1 1
0 48 40 0 1 0 0 1

fn=(1130) std::locale::~locale()
0 48 24 0 1 0 0 1

fn=(1254) 0x00000000000bf990
0 57 9 22 4 2 4 4

fn=(740) std::locale::_Impl::_Impl(unsigned long)
0 18 1 10 2 0 1 2 0 1
cob=(4)
cfi=(191)
cfn=(742) 0x0000000008c06960
calls=1 0 
0 936 304 162 9 16 10 9 2 7
0 6 0 2
cob=(4)
cfi=(191)
cfn=(742)
calls=1 0 
0 38 3 12 0 0 6 0 0 6
0 14 0 10 2 0 2 2 0 2
cob=(4)
cfi=(191)
cfn=(748)
calls=1 0 
0 798 263 134 3 10 0 3 2
0 7 1 2 0 1 0 0 1
cob=(4)
cfi=(191)
cfn=(754) 0x0000000008c06880
calls=1 0 
0 4605 1494 790 34 52 12 34 17 9
0 4 1 1 1 1 0 1
cob=(4)
cfi=(191)
cfn=(796) 0x0000000008c08210
calls=1 0 
0 2064 655 281 12 16 0 12 4
0 3 0 1
cob=(4)
cfi=(191)
cfn=(808) 0x0000000008c07b10
calls=1 0 
0 827 272 142 4 9 1 4 2 1
0 4 1 1 0 1
cob=(4)
cfi=(191)
cfn=(796)
calls=1 0 
0 402 120 13 0 1
0 23 1 15 3 0 4 3 0 4
cob=(4)
cfi=(191)
cfn=(814) 0x0000000008c098a0
calls=1 0 
0 1445 433 208 9 17 0 9 4
0 4 1 1 0 1
cob=(4)
cfi=(191)
cfn=(796)
calls=1 0 
0 402 120 13 0 1 0 0 1
0 8 2 3 1 2 0 1
cob=(4)
cfi=(191)
cfn=(796)
calls=1 0 
0 402 120 13 0 1 0 0 1
0 8 2 3 1 2 0 1
cob=(4)
cfi=(191)
cfn=(796)
calls=1 0 
0 402 120 13
0 5 1 3 0 1
cob=(4)
cfi=(191)
cfn=(760)
calls=1 0 
0 22 7 2
0 5 1 2 1 1 0 1
cob=(4)
cfi=(191)
cfn=(796)
calls=1 0 
0 402 120 13
0 28 1 19 3 1 3 3 0 3
cob=(4)
cfi=(191)
cfn=(820) 0x0000000008c07f70
calls=1 0 
0 1200 343 162 6 11 0 6 3
0 4 1 1 1 1 0 1
cob=(4)
cfi=(191)
cfn=(796)
calls=1 0 
0 402 120 13
0 28 1 19 3 1 2 3 0 2
cob=(4)
cfi=(191)
cfn=(826) 0x0000000008c096d0
calls=1 0 
0 1208 344 162 6 6 0 6 2
0 4 1 1 0 1
cob=(4)
cfi=(191)
cfn=(796)
calls=1 0 
0 402 120 13
0 8 2 3 1 2 0 1
cob=(4)
cfi=(191)
cfn=(796)
calls=1 0 
0 402 120 13
0 8 2 3 1 1 1 1 0 1
cob=(4)
cfi=(191)
cfn=(796)
calls=1 0 
0 402 120 13
0 34 0 28 4 0 7 4 0 7
cob=(4)
cfi=(191)
cfn=(832) 0x0000000008c08b60
calls=1 0 
0 2033 613 311 19 21 0 19 2
0 4 1 1 0 1
cob=(4)
cfi=(191)
cfn=(796)
calls=1 0 
0 402 120 13
0 8 2 3 1 1 1 1 0 1
cob=(4)
cfi=(191)
cfn=(796)
calls=1 0 
0 402 120 13
0 8 2 3 1 2 0 1
cob=(4)
cfi=(191)
cfn=(796)
calls=1 0 
0 402 120 13 0 1 0 0 1
0 3 0 1
cob=(4)
cfi=(191)
cfn=(844) 0x0000000008c06710
calls=1 0 
0 819 269 144 4 10 0 4
0 4 1 1 0 1
cob=(4)
cfi=(191)
cfn=(796)
calls=1 0 
0 402 120 13
0 3 0 1
cob=(4)
cfi=(191)
cfn=(850) 0x0000000008c06c50
calls=1 0 
0 25432 7300 3548 48 91 21 48 25 21
0 4 1 1 1 1 0 1
cob=(4)
cfi=(191)
cfn=(796)
calls=1 0 
0 402 120 13 0 1 0 0 1
0 3 0 1
cob=(4)
cfi=(191)
cfn=(904) 0x0000000008c076b0
calls=1 0 
0 827 272 142 2 6 2 2 1 2
0 4 1 1
cob=(4)
cfi=(191)
cfn=(796)
calls=1 0 
0 402 120 13
0 22 1 15 3 1 3 3 0 3
cob=(4)
cfi=(191)
cfn=(910) 0x0000000008c06d50
calls=1 0 
0 1355 366 207 7 9 3 7 1 3
0 4 1 1
cob=(4)
cfi=(191)
cfn=(796)
calls=1 0 
0 402 120 13 0 1 0 0 1
0 8 2 3 1 0 0 1
cob=(4)
cfi=(191)
cfn=(796)
calls=1 0 
0 402 120 13 0 1 0 0 1
0 8 2 3 1 2 0 1
cob=(4)
cfi=(191)
cfn=(796)
calls=1 0 
0 402 120 13
0 5 1 3 1 0 0 1
cob=(4)
cfi=(191)
cfn=(760)
calls=1 0 
0 22 7 2
0 18 4 5 1 1 0 1
cob=(4)
cfi=(191)
cfn=(796)
calls=1 0 
0 402 120 13
0 27 1 19 4 0 4 4 0 4
cob=(4)
cfi=(191)
cfn=(916) 0x0000000008c08ee0
calls=1 0 
0 1213 336 162 8 10 0 8 3
0 4 1 1 0 1
cob=(4)
cfi=(191)
cfn=(796)
calls=1 0 
0 402 120 13
0 26 1 19 3 0 2 3 0 2
cob=(4)
cfi=(191)
cfn=(922) 0x0000000008c07170
calls=1 0 
0 1181 332 162 8 7 0 8
0 4 1 1 1 1 0 1
cob=(4)
cfi=(191)
cfn=(796)
calls=1 0 
0 402 120 13
0 8 2 3
cob=(4)
cfi=(191)
cfn=(796)
calls=1 0 
0 402 120 13
0 8 2 3 1 0 0 1
cob=(4)
cfi=(191)
cfn=(796)
calls=1 0 
0 402 120 13
0 34 0 28 4 0 6 4 0 6
cob=(4)
cfi=(191)
cfn=(928) 0x0000000008c09550
calls=1 0 
0 2061 617 310 18 17 1 18 3 1
0 4 1 1 0 1
cob=(4)
cfi=(191)
cfn=(796)
calls=1 0 
0 402 120 13
0 8 2 3 1 1 0 1
cob=(4)
cfi=(191)
cfn=(796)
calls=1 0 
0 402 120 13
0 8 2 3 1 1 0 1
cob=(4)
cfi=(191)
cfn=(796)
calls=1 0 
0 402 120 13 0 1 0 0 1
0 3 0 1
cob=(4)
cfi=(191)
cfn=(940) 0x0000000008c06d90
calls=1 0 
0 819 269 144 4 6 1 4 0 1
0 4 1 1 0 1
cob=(4)
cfi=(191)
cfn=(796)
calls=1 0 
0 402 120 13
0 8 2 3 1 1 0 1
cob=(4)
cfi=(191)
cfn=(796)
calls=1 0 
0 402 120 13
0 8 2 3 1 1 0 1
cob=(4)
cfi=(191)
cfn=(796)
calls=1 0 
0 402 120 13
0 8 2 3 1 0 0 1
cob=(4)
cfi=(191)
cfn=(796)
calls=1 0 
0 402 120 13
0 8 2 3 1 0 0 1
cob=(4)
cfi=(191)
cfn=(796)
calls=1 0 
0 402 120 13
0 9 3 4
cfn=(946) 0x00000000000f63c0
calls=1 0 
0 9354 2864 1517 79 77 7 79 12 7
0 3 2 1
cob=(4)
cfi=(191)
cfn=(802) 0x0000000008c07920
calls=1 0 
0 8 3
0 5 2 2 1 0 0 1
cob=(4)
cfi=(191)
cfn=(802)
calls=1 0 
0 8 3
0 4 2 2
cob=(4)
cfi=(191)
cfn=(802)
calls=1 0 
0 8 3
0 5 2 2 1 0 0 1
cob=(4)
cfi=(191)
cfn=(802)
calls=1 0 
0 8 3
0 5 2 2
cob=(4)
cfi=(191)
cfn=(802)
calls=1 0 
0 8 3
0 4 2 2
cob=(4)
cfi=(191)
cfn=(802)
calls=1 0 
0 8 3
0 5 2 2 1 0 0 1
cob=(4)
cfi=(191)
cfn=(802)
calls=1 0 
0 8 3
0 4 2 2
cob=(4)
cfi=(191)
cfn=(802)
calls=1 0 
0 8 3
0 13 9 1 1 0 0 1

fn=(982) std::moneypunct<char, true>::_M_initialize_moneypunct(__locale_struct*, char const*)
0 107 35 28 5 0 0 5

fn=(1006) std::messages<char>::messages(unsigned long)
0 14 1 5 2 0 1 2 0 1
cob=(4)
cfi=(191)
cfn=(760)
calls=1 0 
0 22 7 2
0 2 0 2
cob=(4)
cfi=(191)
cfn=(748)
calls=1 0 
0 5 2
0 4 3 1

fn=(1112) std::basic_ios<char, std::char_traits<char> >::init(std::basic_streambuf<char, std::char_traits<char> >*)
0 36 0 16 1 0 0 1
cob=(4)
cfi=(191)
cfn=(1114) 0x0000000008c09920
calls=4 0 
0 2439 853 458 10 22 0 10 6
0 12 0 4 1 0 0 1
cob=(4)
cfi=(191)
cfn=(1132) 0x0000000008c09af0
calls=4 0 
0 1220 398 170 5 9 0 5 3
0 89 27 26 1 0 0 1
cob=(4)
cfi=(191)
cfn=(1138) 0x0000000008c08100
calls=1 0 
0 2455 603 321 18 26 0 18 9
0 6 4 0 1 0 0 1

fn=(1172) 0x00000000000bfe90
0 5 0 0 1 0 0 1
cob=(4)
cfi=(191)
cfn=(1164) 0x0000000008c07730
calls=1 0 
0 75 14 15

fn=(1174) 0x00000000000bff60
0 12 1 0 3 0 0 3

fn=(1310) 0x00000000000bfd10
0 50 25 12 3 5 0 3 1

fn=(3420) __gnu_cxx::stdio_sync_filebuf<wchar_t, std::char_traits<wchar_t> >::sync()
0 15 5 0 0 2
cob=(4)
cfi=(191)
cfn=(3380) 0x0000000008c0a690
calls=5 0 
0 355 125 55

fn=(758) std::ctype<char>::ctype(unsigned short const*, bool, unsigned long)
0 18 1 7 2 1 1 2 0 1
cob=(4)
cfi=(191)
cfn=(760)
calls=1 0 
0 3798 1237 610 27 42 3 27 16
0 82 8 39 3 1 8 3 0 8

fn=(824) std::__cxx11::moneypunct<char, false>::_M_initialize_moneypunct(__locale_struct*, char const*)
0 107 35 28 4 2 0 4 1

fn=(830) std::__cxx11::moneypunct<char, true>::_M_initialize_moneypunct(__locale_struct*, char const*)
0 107 35 28 4 0 0 4

fn=(1136) std::basic_ios<char, std::char_traits<char> >::_M_cache_locale(std::locale const&)
0 36 4 16 1 0 0 1
cob=(4)
cfi=(191)
cfn=(802)
calls=4 0 
0 32 12
0 28 16 8 1 0 0 1
cob=(4)
cfi=(191)
cfn=(802)
calls=4 0 
0 32 12
0 28 16 8 1 0 0 1
cob=(4)
cfi=(191)
cfn=(802)
calls=4 0 
0 32 12
0 36 28 4

fn=(1180) 0x00000000000bf680
0 6 0 3 1 0 1 1
cob=(4)
cfi=(191)
cfn=(1182) 0x0000000008c081f0
calls=1 0 
0 732 253 135 1 10 0 1 1
0 6 0 2 1 0 0 1
cob=(4)
cfi=(191)
cfn=(1164)
calls=1 0 
0 75 14 15 0 0 1 0 0 1
0 3 0 2
cob=(4)
cfi=(191)
cfn=(1182)
calls=1 0 
0 7 3 1
0 7 1 1 1 0 0 1
cob=(4)
cfi=(191)
cfn=(1164)
calls=1 0 
0 75 14 15

fn=(1196) 0x00000000000bf720
0 4 0 2
cob=(4)
cfi=(191)
cfn=(1198) 0x0000000008c07670
calls=1 0 
0 726 251 134 3 7 0 3
0 4 3 1

fn=(1202) std::future_category()
0 3 1 0 1 0 0 1

fn=(1292) 0x00000000000bfc90
0 34 17 8 2 4 0 2 1

fn=(1336) 0x00000000000bfdd0
0 50 25 12 2 4 0 2 1

fn=(726) 0x00000000000f2a00
0 9 1 2 2 0 0 2
cob=(4)
cfi=(191)
cfn=(736) 0x0000000008c07520
calls=1 0 
0 72048 21444 9527 339 442 101 339 92 94
0 9 1 2
cob=(4)
cfi=(191)
cfn=(1094) 0x0000000008c06860
calls=1 0 
0 742 254 135 2 6 1 2 2
0 176 87 0 1 1 0 1 1

fn=(752) std::locale::facet::_S_get_c_name()
0 21 7 0 1 0 0 1

fn=(970) std::moneypunct<char, false>::_M_initialize_moneypunct(__locale_struct*, char const*)
0 107 35 28 5 0 0 5

fn=(1124) std::locale::operator=(std::locale const&)
0 112 40 8 2 0 0 2

fn=(1274) 0x00000000000bfc10
0 34 17 8 2 2 0 2 1

fn=(704) 0x00000000000bfa80
0 5 0 2 1 0 0 1
cob=(4)
cfi=(191)
cfn=(706) 0x0000000008c091b0
calls=1 0 
0 85988 25683 12002 442 571 158 442 123 127
0 5 2 0 0 1
cob=(4)
cfi=(191)
cfn=(1164)
calls=1 0 
0 1076 333 170 9 18 2 9 6

fn=(812) std::codecvt<char, char, __mbstate_t>::codecvt(unsigned long)
0 14 1 5 2 1 1 2 0 1
cob=(4)
cfi=(191)
cfn=(760)
calls=1 0 
0 22 7 2
0 4 3 1

fn=(818) std::__cxx11::numpunct<char>::_M_initialize_numpunct(__locale_struct*)
0 416 136 74 7 6 0 7 3

fn=(914) std::__cxx11::numpunct<wchar_t>::_M_initialize_numpunct(__locale_struct*)
0 350 72 73 5 0 3 5 0 3

fn=(1036) std::moneypunct<wchar_t, false>::_M_initialize_moneypunct(__locale_struct*, char const*)
0 104 26 28 6 0 0 6

fn=(1072) std::messages<wchar_t>::messages(unsigned long)
0 14 1 5 1 0 0 1
cob=(4)
cfi=(191)
cfn=(760)
calls=1 0 
0 22 7 2
0 2 0 2
cob=(4)
cfi=(191)
cfn=(748)
calls=1 0 
0 5 2
0 4 3 1 1 0 0 1

fn=(1098) std::locale::locale(std::locale::_Impl*)
0 3 1 1 1 0 1 1

fn=(1194) 0x00000000000bf710
0 3 1 1 0 0 1

fn=(3356) std::error_category::~error_category()
0 4 2

fn=(3358) 0x00000000000c11e0
0 4 0 1 1 0 0 1
cob=(4)
cfi=(191)
cfn=(3352) 0x0000000008c08460
calls=1 0 
0 4 2

fn=(3378) __gnu_cxx::stdio_sync_filebuf<char, std::char_traits<char> >::sync()
0 15 5 0 1 2 0 1
cob=(4)
cfi=(191)
cfn=(3380)
calls=5 0 
0 1207 420 202 12 26 0 11 11

fn=(3394) std::uncaught_exception()
0 8 0 4 1 0 0 1
cob=(4)
cfi=(191)
cfn=(3396) 0x0000000008c08ff0
calls=2 0 
0 1614 583 289 7 33 1 7 3 1
0 10 6 0 0 1

fn=(3412) std::basic_ostream<wchar_t, std::char_traits<wchar_t> >::flush()
0 45 12 12 2 7 0 2
cob=(4)
cfi=(191)
cfn=(3414) 0x0000000008c08480
calls=3 0 
0 1120 360 167 4 10 0 4 2
0 21 18 3 0 3
cfn=(3420)
calls=3 0 
0 222 78 33 0 2
0 32 13 5 1 0 0 1
cob=(4)
cfi=(191)
cfn=(3390) 0x0000000008c07aa0
calls=1 0 
0 35 15 4
0 11 5 3
cfn=(3420)
calls=1 0 
0 74 26 11
0 34 21 1 2 0 0 2

fn=(3413) std::basic_ostream<wchar_t, std::char_traits<wchar_t> >::flush()'2
0 15 4 4
cob=(4)
cfi=(191)
cfn=(3415) 0x0000000008c08480'2
calls=1 0 
0 17 6 3
0 7 6 1
cfn=(3420)
calls=1 0 
0 74 26 11
0 18 10 1

fn=(718) std::ios_base::Init::Init()
0 52 9 18 5 6 3 5 1
cob=(4)
cfi=(191)
cfn=(720)
calls=1 0 
0 73512 21951 9805 349 458 105 349 98 95
0 15 5 8 1 1 1 1
cob=(4)
cfi=(191)
cfn=(720)
calls=1 0 
0 27 10 5
0 13 4 8 2 0 2 2
cob=(4)
cfi=(191)
cfn=(720)
calls=1 0 
0 27 10 5
0 6 1 4
cob=(4)
cfi=(191)
cfn=(1102) 0x0000000008c07410
calls=1 0 
0 770 255 163 5 8 4 5 1 4
0 11 2 6 1 0 1 1 0 1
cob=(4)
cfi=(191)
cfn=(1108) 0x0000000008c09880
calls=1 0 
0 6780 2003 1027 38 62 0 38 19
0 3 1 1 1 0 0 1
cob=(4)
cfi=(191)
cfn=(1102)
calls=1 0 
0 89 12 29 0 0 3 0 0 3
0 15 1 8 1 0 0 1
cob=(4)
cfi=(191)
cfn=(1108)
calls=1 0 
0 171 62 34
0 3 1 1 0 1
cob=(4)
cfi=(191)
cfn=(1102)
calls=1 0 
0 89 12 29 0 0 4 0 0 4
0 11 1 6 1 0 1 1 0 1
cob=(4)
cfi=(191)
cfn=(1108)
calls=1 0 
0 171 62 34
0 4 1 2 1 1 0 1
cob=(4)
cfi=(191)
cfn=(1102)
calls=1 0 
0 89 12 29 0 0 4 0 0 4
0 11 2 6 1 0 0 1
cob=(4)
cfi=(191)
cfn=(1108)
calls=1 0 
0 171 62 34
0 14 3 9 1 0 1 1
cob=(4)
cfi=(191)
cfn=(720)
calls=1 0 
0 27 10 5
0 15 5 8 2 0 3 2
cob=(4)
cfi=(191)
cfn=(720)
calls=1 0 
0 27 10 5
0 13 4 8 1 0 1 1
cob=(4)
cfi=(191)
cfn=(720)
calls=1 0 
0 27 10 5
0 6 1 4 1 0 0 1
cob=(4)
cfi=(191)
cfn=(1102)
calls=1 0 
0 89 12 29 0 0 4 0 0 4
0 11 2 7 1 0 1 1 0 1
cob=(4)
cfi=(191)
cfn=(1148) 0x0000000008c08cc0
calls=1 0 
0 2149 653 303 11 18 0 11 4
0 3 1 1
cob=(4)
cfi=(191)
cfn=(1102)
calls=1 0 
0 89 12 29 0 0 4 0 0 4
0 15 1 9 2 0 0 2
cob=(4)
cfi=(191)
cfn=(1148)
calls=1 0 
0 173 64 35
0 3 1 1
cob=(4)
cfi=(191)
cfn=(1102)
calls=1 0 
0 89 12 29 0 0 4 0 0 4
0 11 1 7 1 0 1 1 0 1
cob=(4)
cfi=(191)
cfn=(1148)
calls=1 0 
0 173 64 35
0 4 1 2 1 0 0 1
cob=(4)
cfi=(191)
cfn=(1102)
calls=1 0 
0 89 12 29 0 0 4 0 0 1
0 11 2 7 1 0 0 1
cob=(4)
cfi=(191)
cfn=(1148)
calls=1 0 
0 173 64 35
0 14 9 4 1 1 0 1

fn=(724) std::locale::locale()
0 176 0 88 1 0 1 1 0 1
cfn=(726)
calls=22 0 
0 72984 21787 9666 344 449 102 344 95 94
0 198 110 22 2 0 0 2

fn=(842) std::__timepunct<char>::_M_initialize_timepunct(__locale_struct*)
0 22 4 7 3 1 0 3
cob=(4)
cfi=(191)
cfn=(760)
calls=1 0 
0 22 7 2
0 112 27 25 10 2 0 10

fn=(908) std::codecvt<wchar_t, char, __mbstate_t>::codecvt(unsigned long)
0 14 1 5 2 0 1 2 0 1
cob=(4)
cfi=(191)
cfn=(760)
calls=1 0 
0 22 7 2
0 4 3 1 0 0 1 0 0 1

fn=(1106) std::ios_base::ios_base()
0 480 8 192 3 0 30 3 0 27
cob=(4)
cfi=(191)
cfn=(720)
calls=8 0 
0 216 80 40 0 0 1 0 0 1

fn=(1158) std::basic_ios<wchar_t, std::char_traits<wchar_t> >::_M_cache_locale(std::locale const&)
0 36 4 16 1 0 0 1
cob=(4)
cfi=(191)
cfn=(802)
calls=4 0 
0 32 12
0 28 16 8 1 0 0 1
cob=(4)
cfi=(191)
cfn=(802)
calls=4 0 
0 32 12
0 28 16 8 1 0 0 1
cob=(4)
cfi=(191)
cfn=(802)
calls=4 0 
0 32 12
0 36 28 4

fn=(1160) std::ctype<wchar_t>::do_widen(char) const
0 16 8 0 1 0 0 1

fn=(1186) std::error_category::error_category()
0 10 4 2 1 1 0 1

fn=(1206) 0x00000000000bf740
0 17 1 10 2 0 1 2
cob=(4)
cfi=(191)
cfn=(1208) 0x0000000008c07df0
calls=1 0 
0 1169 406 163 16 34 0 16 6
0 33 7 8 3 0 0 3
cob=(4)
cfi=(191)
cfn=(1226) 0x0000000008c07320
calls=1 0 
0 1302 386 199 48 20 2 48 3 2
0 8 0 4 1 0 0 1

fn=(1272) 0x00000000000bfab0
0 47 9 28 6 2 6 6 2 6

fn=(2444) operator delete(void*, unsigned long)
0 26 0 0 1 0 0 1
cob=(4)
cfi=(191)
cfn=(2446) 0x0000000008c07540
calls=13 0 
0 2579 789 509 29 63 14 29 2 12

fn=(2450) operator delete(void*)
0 26 0 0 1 0 0 1
cob=(4)
cfi=(191)
cfn=(2452) 0x0000000008c07da0
calls=13 0 
0 1918 545 375 27 46 14 27 1 12

fn=(3376) std::ostream::sentry::sentry(std::ostream&)
0 42 12 10 2 1 0 2
cob=(4)
cfi=(191)
cfn=(3367) 0x0000000008c089e0'2
calls=1 0 
0 133 53 20
0 19 9 3 1 0 0 1

fn=(3377) std::ostream::sentry::sentry(std::ostream&)'2
0 15 5 3

fn=(3418) std::basic_ostream<wchar_t, std::char_traits<wchar_t> >::sentry::sentry(std::basic_ostream<wchar_t, std::char_traits<wchar_t> >&)
0 42 12 10 2 1 0 2
cob=(4)
cfi=(191)
cfn=(3409) 0x0000000008c09b50'2
calls=1 0 
0 133 53 20
0 19 9 3 1 0 0 1

fn=(3419) std::basic_ostream<wchar_t, std::char_traits<wchar_t> >::sentry::sentry(std::basic_ostream<wchar_t, std::char_traits<wchar_t> >&)'2
0 15 5 3

fn=(932) std::__timepunct<wchar_t>::__timepunct(std::__timepunct_cache<wchar_t>*, unsigned long)
0 16 1 7 1 1 1 1 0 1
cob=(4)
cfi=(191)
cfn=(748)
calls=1 0 
0 5 2
0 4 0 2 1 0 0 1
cob=(4)
cfi=(191)
cfn=(934) 0x0000000008c08440
calls=1 0 
0 1143 332 167 16 10 0 16 2
0 3 3

fn=(952) std::numpunct<char>::_M_initialize_numpunct(__locale_struct*)
0 416 136 74 5 0 0 5

fn=(1152) std::basic_ios<wchar_t, std::char_traits<wchar_t> >::init(std::basic_streambuf<wchar_t, std::char_traits<wchar_t> >*)
0 32 0 16 2 0 0 2
cob=(4)
cfi=(191)
cfn=(1114)
calls=4 0 
0 308 112 56
0 12 0 4
cob=(4)
cfi=(191)
cfn=(1154) 0x0000000008c0a440
calls=4 0 
0 1220 398 170 5 8 0 5 2
0 28 12 4 0 1
cfn=(1160)
calls=4 0 
0 16 8 0 1 0 0 1
0 56 16 24 1 0 0 1

fn=(3424) 0x00000000000bfeb0
0 5 1

fn=(764) std::locale::facet::_S_get_c_locale()
0 84 0 28 2 0 0 2
cob=(4)
cfi=(191)
cfn=(766) 0x0000000008c078b0
calls=14 0 
0 3059 1006 474 23 36 3 23 15
0 84 42

fn=(776) 0x00000000000d9590
0 7 1 0 1 0 0 1
cob=(4)
cfi=(191)
cfn=(780) 0x0000000008c07610
calls=1 0 
0 1898 608 292 11 18 2 11 6

fn=(806) std::locale::id::_M_id() const
0 948 316 96 2 8 0 2 7

fn=(836) std::__timepunct<char>::__timepunct(std::__timepunct_cache<char>*, unsigned long)
0 16 1 7 1 1 0 1
cob=(4)
cfi=(191)
cfn=(748)
calls=1 0 
0 5 2
0 4 0 2 1 0 0 1
cob=(4)
cfi=(191)
cfn=(838) 0x0000000008c09030
calls=1 0 
0 1123 329 168 15 12 0 15 2
0 3 3

fn=(848) std::__cxx11::messages<char>::messages(unsigned long)
0 14 1 5 2 1 0 2
cob=(4)
cfi=(191)
cfn=(760)
calls=1 0 
0 22 7 2
0 2 0 2
cob=(4)
cfi=(191)
cfn=(748)
calls=1 0 
0 5 2
0 4 3 1

fn=(854) std::ctype<wchar_t>::ctype(unsigned long)
0 14 1 5 2 0 1 2 0 1
cob=(4)
cfi=(191)
cfn=(760)
calls=1 0 
0 22 7 2
0 6 2 2
cob=(4)
cfi=(191)
cfn=(856) 0x0000000008c07bc0
calls=1 0 
0 24699 7045 3405 44 83 20 44 22 20

fn=(888) std::ctype<wchar_t>::_M_convert_to_wmask(unsigned short) const
0 88 1 0 2 0 0 2
cob=(4)
cfi=(191)
cfn=(890) 0x0000000008c07690
calls=1 0 
0 505 97 25
0 24 1 0 1 0 0 1
cob=(4)
cfi=(191)
cfn=(890)
calls=1 0 
0 395 77 21 0 1 0 0 1
0 3 1
cob=(4)
cfi=(191)
cfn=(890)
calls=1 0 
0 560 107 27
0 9 1 0 1 0 0 1
cob=(4)
cfi=(191)
cfn=(890)
calls=1 0 
0 205 43 14 0 1 0 0 1
0 3 1
cob=(4)
cfi=(191)
cfn=(890)
calls=1 0 
0 150 33 12 1 1 0 1
0 3 1 0 1 0 0 1
cob=(4)
cfi=(191)
cfn=(890)
calls=1 0 
0 983 322 157 10 18 0 10 8
0 3 1 0 1 0 0 1
cob=(4)
cfi=(191)
cfn=(890)
calls=1 0 
0 260 53 16
0 7 3
cob=(4)
cfi=(191)
cfn=(890)
calls=1 0 
0 340 67 19 0 1 0 0 1
0 3 1
cob=(4)
cfi=(191)
cfn=(890)
calls=1 0 
0 195 39 14
0 3 1 0 1 0 0 1
cob=(4)
cfi=(191)
cfn=(890)
calls=1 0 
0 615 117 29

fn=(946)
0 23 4 11 2 0 2 2 0 2
cob=(4)
cfi=(191)
cfn=(948) 0x0000000008c07870
calls=1 0 
0 1351 422 208 7 9 0 7 2
0 8 4 3 1 0 0 1
cob=(4)
cfi=(191)
cfn=(802)
calls=1 0 
0 17 6 2
0 8 2 4 0 1
cob=(4)
cfi=(191)
cfn=(760)
calls=1 0 
0 22 7 2
0 8 3 4 1 0 0 1
cob=(4)
cfi=(191)
cfn=(802)
calls=1 0 
0 17 6 2
0 12 2 5 1 0 1 1 0 1
cob=(4)
cfi=(191)
cfn=(966) 0x0000000008c06b30
calls=1 0 
0 1114 333 162 7 10 0 7 3
0 7 3 3 1 0 0 1
cob=(4)
cfi=(191)
cfn=(802)
calls=1 0 
0 17 6 2
0 13 3 5 1 1 0 1
cob=(4)
cfi=(191)
cfn=(978) 0x0000000008c0a220
calls=1 0 
0 1130 335 162 7 9 0 7 1
0 7 3 3
cob=(4)
cfi=(191)
cfn=(802)
calls=1 0 
0 17 6 2
0 14 5 6 2 0 0 2
cob=(4)
cfi=(191)
cfn=(802)
calls=1 0 
0 17 6 2
0 14 5 6 1 0 0 1
cob=(4)
cfi=(191)
cfn=(802)
calls=1 0 
0 17 6 2
0 14 5 6 1 0 0 1
cob=(4)
cfi=(191)
cfn=(802)
calls=1 0 
0 17 6 2
0 6 1 2 1 0 0 1
cob=(4)
cfi=(191)
cfn=(1002) 0x0000000008c0a6f0
calls=1 0 
0 765 263 144 4 8 1 4 1 1
0 7 3 3
cob=(4)
cfi=(191)
cfn=(802)
calls=1 0 
0 17 6 2
0 16 5 7 2 0 1 2 0 1
cob=(4)
cfi=(191)
cfn=(1014) 0x0000000008c081d0
calls=1 0 
0 1293 359 207 7 6 0 7
0 7 3 3 0 1
cob=(4)
cfi=(191)
cfn=(802)
calls=1 0 
0 17 6 2
0 8 2 4 1 0 0 1
cob=(4)
cfi=(191)
cfn=(760)
calls=1 0 
0 22 7 2
0 8 3 4 1 1 0 1
cob=(4)
cfi=(191)
cfn=(802)
calls=1 0 
0 17 6 2
0 13 3 5 1 0 1 1 0 1
cob=(4)
cfi=(191)
cfn=(1032) 0x0000000008c08830
calls=1 0 
0 1143 328 162 8 9 0 8 1
0 7 3 3 0 1
cob=(4)
cfi=(191)
cfn=(802)
calls=1 0 
0 17 6 2
0 12 2 5 1 1 0 1
cob=(4)
cfi=(191)
cfn=(1044) 0x0000000008c09420
calls=1 0 
0 1119 325 162 8 9 0 8 1
0 7 3 3 1 1 0 1
cob=(4)
cfi=(191)
cfn=(802)
calls=1 0 
0 17 6 2
0 14 5 6 1 1 0 1
cob=(4)
cfi=(191)
cfn=(802)
calls=1 0 
0 17 6 2
0 14 5 6 2 0 1 2 0 1
cob=(4)
cfi=(191)
cfn=(802)
calls=1 0 
0 17 6 2
0 14 5 6 1 0 0 1
cob=(4)
cfi=(191)
cfn=(802)
calls=1 0 
0 17 6 2
0 6 1 2 1 0 0 1
cob=(4)
cfi=(191)
cfn=(1068) 0x0000000008c08de0
calls=1 0 
0 765 263 144 4 9 0 4 3
0 6 3 2
cob=(4)
cfi=(191)
cfn=(802)
calls=1 0 
0 17 6 2
0 5 2 2
cob=(4)
cfi=(191)
cfn=(802)
calls=1 0 
0 8 3
0 4 2 2 1 0 0 1
cob=(4)
cfi=(191)
cfn=(802)
calls=1 0 
0 8 3
0 4 2 2
cob=(4)
cfi=(191)
cfn=(802)
calls=1 0 
0 8 3
0 5 3 2
cob=(4)
cfi=(191)
cfn=(802)
calls=1 0 
0 8 3
0 5 3 2 1 0 0 1
cob=(4)
cfi=(191)
cfn=(802)
calls=1 0 
0 8 3
0 5 3 2
cob=(4)
cfi=(191)
cfn=(802)
calls=1 0 
0 8 3
0 9 7 1 1 0 0 1

fn=(1048) std::moneypunct<wchar_t, true>::_M_initialize_moneypunct(__locale_struct*, char const*)
0 104 26 28 6 0 0 6

fn=(1142) std::ctype<char>::_M_widen_init() const
0 734 21 36 11 2 0 11 1
cob=(4)
cfi=(191)
cfn=(1144) 0x0000000008c097c0
calls=1 0 
0 928 317 150 5 13 0 5 6
0 10 5 1

fn=(1958) operator new(unsigned long)
0 143 0 39 2 0 0 2
cob=(4)
cfi=(191)
cfn=(1226)
calls=13 0 
0 1822 328 193 4 29 12 4 2 11
0 65 39

fn=(3370) std::ostream::flush()
0 45 12 12 2 7 0 2
cob=(4)
cfi=(191)
cfn=(3372) 0x0000000008c0a530
calls=3 0 
0 912 325 167 5 9 1 5 3 1
0 21 18 3 0 3
cfn=(3378)
calls=3 0 
0 1074 373 180 13 28 0 12 11
0 32 13 5 1 0 0 1
cob=(4)
cfi=(191)
cfn=(3390)
calls=1 0 
0 2326 826 423 10 43 1 10 5 1
0 11 5 3
cfn=(3378)
calls=1 0 
0 74 26 11
0 34 21 1 2 0 0 2

fn=(3371) std::ostream::flush()'2
0 15 4 4
cob=(4)
cfi=(191)
cfn=(3373) 0x0000000008c0a530'2
calls=1 0 
0 17 6 3
0 7 6 1
cfn=(3378)
calls=1 0 
0 74 26 11
0 18 10 1

fn=(3400) __cxa_get_globals
0 10 0 4 1 0 0 1
cob=(4)
cfi=(191)
cfn=(3402) 0x0000000008c08270
calls=2 0 
0 901 333 151 4 23 1 4 1 1
0 6 4

fn=(800) std::locale::_Impl::_M_install_facet(std::locale::id const*, std::locale::facet const*)
0 480 0 256 1 0 0 1
cob=(4)
cfi=(191)
cfn=(802)
calls=32 0 
0 1261 441 198 4 15 0 4 8
0 11776 3616 96 5 0 0 5

fn=(920) std::__cxx11::moneypunct<wchar_t, false>::_M_initialize_moneypunct(__locale_struct*, char const*)
0 104 26 28 6 0 0 6

fn=(1018) std::numpunct<wchar_t>::_M_initialize_numpunct(__locale_struct*)
0 350 72 73 5 0 0 5

fn=(3342) 0x00000000000bff20
0 9 3 2 0 3
cob=(4)
cfi=(191)
cfn=(3348) 0x0000000008c063a0
calls=1 0 
0 8681 3017 1488 56 156 6 55 27 3
0 1 0 1
cfn=(3424)
calls=1 0 
0 5 1
0 3 2 1

fn=(3350) 0x00000000000c1190
0 4 0 1 1 0 1 1
cob=(4)
cfi=(191)
cfn=(3352)
calls=1 0 
0 745 254 134 2 17 0 2

fn=(3360) 0x00000000001e80b0
0 5 2 0 1 1 0 1 1

fn=(3364) std::ios_base::Init::~Init()
0 14 4 3 2 3 0 2
cob=(4)
cfi=(191)
cfn=(3366) 0x0000000008c089e0
calls=1 0 
0 2389 840 435 25 46 4 24 15 2
0 2 1 1 0 1
cob=(4)
cfi=(191)
cfn=(3366)
calls=1 0 
0 2705 973 484 10 52 1 10 6 1
0 2 1 1 0 1
cob=(4)
cfi=(191)
cfn=(3366)
calls=1 0 
0 133 53 20 0 2
0 2 1 1 0 1
cob=(4)
cfi=(191)
cfn=(3408) 0x0000000008c09b50
calls=1 0 
0 1929 612 288 10 23 0 10 5
0 2 1 1 1 1 0 1
cob=(4)
cfi=(191)
cfn=(3408)
calls=1 0 
0 414 162 65 1 5 0 1
0 2 1 1 0 1
cob=(4)
cfi=(191)
cfn=(3408)
calls=1 0 
0 133 53 20 0 2
0 2 2

ob=(6) /usr/lib/x86_64-linux-gnu/libgcc_s.so.1
fl=(203) ???
fn=(3462) 0x0000000000005cd0
0 9 3 2 1 2
cob=(4)
cfi=(191)
cfn=(3468) 0x0000000008f293c0
calls=1 0 
0 97 23 12 1 0 0 1
0 1 0 1
cfn=(3472) 0x0000000000005c60
calls=1 0 
0 5 1 0 1 0 0 1
0 3 2 1 1

fn=(684) 0x0000000000005d10
0 12 1 0 3 0 0 3

fn=(3450) 0x00000000000049b0
0 5 0 2 2 0 0 1
cfn=(3452) 0x0000000000004960
calls=1 0 
0 16 6 4 1 1 0 1
0 2 0 1
cfn=(3452)
calls=1 0 
0 16 6 4
0 3 2 1

fn=(682) __cpu_indicator_init
0 368 15 45 36 1 0 36

fn=(1644) __udivti3
0 225 15 0 1 0 0 1

fn=(3472)
0 5 1 0 1 0 0 1

fn=(3452)
0 32 12 8 1 1 0 1

ob=(3) /usr/lib/x86_64-linux-gnu/libm.so.6
fl=(172) ./math/../sysdeps/x86_64/fpu/multiarch/s_truncf.c
fn=(554) truncf
33 1 0 0 1 0 0 1
fi=(259) ./math/../sysdeps/x86_64/fpu/multiarch/ifunc-sse4_1.h
-4 5 2
fe=(172)
+4 1 1

fl=(176) ./math/../sysdeps/x86_64/fpu/multiarch/e_atan2.c
fn=(566) __atan2_finite@GLIBC_2.15
28 1 0 0 1 0 0 1
fi=(149) ./math/../sysdeps/x86_64/fpu/multiarch/ifunc-avx-fma4.h
+4 5 2
+1 2 1 0 1 0 0 1
fe=(176)
-5 1 1

fl=(174) ./math/../sysdeps/x86_64/fpu/multiarch/e_atanh.c
fn=(560) __atanh_finite@GLIBC_2.15
28 1 0 0 1 0 0 1
fi=(146) ./math/../sysdeps/x86_64/fpu/multiarch/ifunc-fma.h
+1 4 2
+1 4 1 0 1 0 0 1
fe=(174)
-2 1 1

fl=(148) ./math/../sysdeps/x86_64/fpu/multiarch/e_exp.c
fn=(474) __exp_finite@GLIBC_2.15
29 1 0 0 1 0 0 1
fi=(149)
+3 5 2 0 1 0 0 1
+1 2 1
fe=(148)
-4 1 1

fl=(147) ./math/../sysdeps/x86_64/fpu/multiarch/s_cosf.c
fn=(470) cosf
28 1 0 0 1 0 0 1
fi=(146)
+1 4 2
+1 4 1 0 1 0 0 1
fe=(147)
-2 1 1

fl=(150) ./math/../sysdeps/x86_64/fpu/multiarch/s_sin.c
fn=(478) cos
36 1 0 0 1 0 0 1
fi=(149)
-4 5 2
+1 2 1
fe=(150)
+3 1 1 0 1 0 0 1

fn=(570) sin
29 1 0 0 1 0 0 1
fi=(149)
+3 5 2
+1 2 1
fe=(150)
-4 1 1

fl=(168) ./math/../sysdeps/x86_64/fpu/multiarch/s_floor.c
fn=(538) floor
33 1 0 0 1 0 0 1
fi=(259)
-4 5 2
fe=(168)
+4 1 1

fl=(204) ???
fn=(3442) 0x0000000000012880
0 5 1 0 1 0 0 1

fn=(694) 0x0000000000012930
0 12 1 0 3 0 0 3

fn=(3432) 0x00000000000128f0
0 9 3 2 2 2 0 2
cob=(4)
cfi=(191)
cfn=(3438) 0x0000000008e11310
calls=1 0 
0 97 23 12 1 0 0 1
0 1 0 1
cfn=(3442)
calls=1 0 
0 5 1 0 1 0 0 1
0 3 2 1

fl=(156) ./math/../sysdeps/x86_64/fpu/multiarch/s_ceilf.c
fn=(502) ceilf
33 1 0 0 1 0 0 1
fi=(259)
-4 5 2
fe=(156)
+4 1 1

fl=(160) ./math/../sysdeps/x86_64/fpu/multiarch/e_log2f.c
fn=(510) log2f@@GLIBC_2.27
29 5 2 0 1 0 0 1
fi=(146)
+1 4 1
fe=(160)
-1 1 1

fl=(155) ./math/../sysdeps/x86_64/fpu/multiarch/e_powf.c
fn=(498) powf@@GLIBC_2.27
32 1 0 0 1 0 0 1
fi=(146)
-3 4 2 0 1 0 0 1
+1 4 1
fe=(155)
+2 1 1

fl=(152) ./math/../sysdeps/x86_64/fpu/multiarch/s_tan.c
fn=(486) tan
28 1 0 0 1 0 0 1
fi=(149)
+4 5 2
+1 2 1
fe=(152)
-5 1 1 0 1 0 0 1

fl=(154) ./math/../sysdeps/x86_64/fpu/multiarch/s_sincosf.c
fn=(494) sincosf
28 1 0 0 1 0 0 1
fi=(146)
+1 4 2 0 1 0 0 1
+1 4 1
fe=(154)
-2 1 1

fl=(179) ./math/../sysdeps/x86_64/fpu/multiarch/s_trunc.c
fn=(580) trunc
33 1 0 0 1 0 0 1
fi=(259)
-4 5 2 0 1 0 0 1
fe=(179)
+4 1 1

fl=(163) ./math/../sysdeps/x86_64/fpu/multiarch/s_atan.c
fn=(522) atan
28 1 0 0 1 0 0 1
fi=(149)
+4 5 2
+1 2 1 0 1 0 0 1
fe=(163)
-5 1 1

fl=(158) ./math/../sysdeps/x86_64/fpu/multiarch/e_pow.c
fn=(506) __pow_finite@GLIBC_2.15
29 1 0 0 1 0 0 1
fi=(159) ./math/../sysdeps/x86_64/fpu/multiarch/ifunc-fma4.h
+2 4 2 0 1 0 0 1
+1 2 1
fe=(158)
-3 1 1

fl=(167) ./math/../sysdeps/x86_64/fpu/multiarch/s_floorf.c
fn=(536) floorf
33 1 0 0 1 0 0 1
fi=(259)
-4 5 2 0 1 0 0 1
fe=(167)
+4 1 1

fl=(173) ./math/../sysdeps/x86_64/fpu/multiarch/e_sinh.c
fn=(556) __sinh_finite@GLIBC_2.15
28 1 0 0 1 0 0 1
fi=(146)
+1 4 2
+1 4 1 0 1 0 0 1
fe=(173)
-2 1 1

fl=(162) ./math/../sysdeps/x86_64/fpu/multiarch/e_log.c
fn=(518) __log_finite@GLIBC_2.15
29 1 0 0 1 0 0 1
fi=(149)
+3 5 2
+1 2 1 0 1 0 0 1
fe=(162)
-4 1 1

fl=(171) ./math/../sysdeps/x86_64/fpu/multiarch/e_exp2f.c
fn=(550) exp2f@@GLIBC_2.27
29 5 2 0 1 0 0 1
fi=(146)
+1 4 1
fe=(171)
-1 1 1

fl=(238) ./math/../sysdeps/ieee754/dbl-64/s_sincos.c
fn=(1924) __sincos_fma
37 41208 5151 10302 2 12 3 2
fi=(260) ./math/../sysdeps/x86/fpu/math-inline-asm.h
+23 5151 0 5151
fi=(239) ./math/../sysdeps/x86/fpu/fenv_private.h
409 15453 5151
+3 5151
-3 5151 0 5151
+3 15453
fe=(238)
44 15453
+2 10302 0 0 1 0 0 1
+7 4586 4586 0 0 13 0 0 1
-3 9172
+9 9096
+8 1296 1296 0 0 13 0 0 1
+1 1296 1296 0 0 13 0 0 1
-1 1296
+1 1296
+1 2592 0 0 1 0 0 1
fi=(240) ./math/../sysdeps/ieee754/dbl-64/s_sin.c
+35 5100 606
+3 1212 1212 0 0 12 0 0 1
+7 606
fe=(238)
-44 606
fi=(240)
+42 1212 1212 0 1 12 0 1 1
-5 606
+6 606 606
-5 606
+6 1818
-6 1212
+3 606
+1 1212
+1 606 0 0 1 0 0 1
-1 1212
+1 3030 1212
+1 1818 606 0 0 181 0 0 11
-1 606 0 606 0 0 6
-6 1380 1380
+7 690
fe=(238)
-44 690
fi=(240)
+42 1380 1380
-5 690
+6 690 690
-5 690
+6 2070
-6 1380
+3 690
+1 1380
+1 690
-1 1380
+1 3450 1380
+1 2070 690
-1 690 0 690
+1 6228 2508 606 1 0 0 1
+2 2424 606
fe=(238)
-46 1212
fi=(240)
+58 606 606 0 1 13 0 1 1
fe=(238)
-58 606 0 606
fi=(240)
+58 1212
-14 4140 1380 690
+2 2760 690
fe=(238)
-46 1380
fi=(240)
+58 690 690
fe=(238)
-58 690 0 690
fi=(240)
+58 1380
+6 3255
+10 1085
-10 1085
+5 1085
+2 1085
-1 2170
+1 1085
-1 1085
+1 1085
-1 1085
+1 1085
+3 7595 1085
fe=(238)
-73 1085 0 1085
+1 1085
-1 211 0 211 1 0 0 1
+1 211
+3 1130
+32 25755 20604 0 1 0 0 1
-54 152 38 0 1 13 0 1 1
+2 38 38 0 0 12 0 0 1
-1 38 0 38
+1 38 0 38
fi=(239)
424 10302
fe=(238)
81 1130 0 0 1 0 0 1
fi=(240)
+75 1695 1130 0 0 13 0 0 1
+8 565 565 0 0 14 0 0 1
-7 565
+3 565 0 0 1 0 0 1
-1 565 565
+1 565
-1 565 565
+5 1130
+4 565
-4 565
+1 1130
+3 1130 565
+1 1695 0 0 1 0 0 1
fe=(238)
-85 1695
+2 565 565
+1 565 565
fi=(240)
+41 565 565
+7 565 565
fe=(238)
-45 2260
fi=(240)
+52 565 0 0 1 0 0 1
-7 565
-21 565
-6 565
+20 565 565
-14 565
+28 1130 565
-28 565
-6 565
+34 1130 565
-28 1130
+14 565 0 0 1 0 0 1
+14 2260 1130
-14 565
+5 2350 470
+6 470
+1 1880 940 0 1 0 0 1
+1 470
-1 940
+1 470 470
-1 470
+1 940 470
-1 470 0 470 1 0 0 1
+1 1410 470
+3 470 470
-3 470
+3 3760 0 0 1 0 0 1
fe=(238)
-47 470 0 470
fi=(240)
+7 470
+1 470
fe=(238)
-6 470
fi=(240)
+6 470
fe=(238)
-8 95 0 95
fi=(240)
+7 95
+1 95
fe=(238)
-6 95
fi=(240)
+6 285 95
+3 95
+3 95
+1 190
+1 95
-1 190
+1 190
+3 95
-3 95
+3 285
fe=(238)
-17 95
fi=(240)
+6 940 470
+3 470
+3 470
+1 940
+1 470 0 0 1 0 0 1
-1 940
+1 940
+3 470
-3 470
+3 1410
fe=(238)
-17 1600 565 565
+1 565
fi=(240)
+35 3252 3252 0 1 1 0 1
+7 3252
-7 3252
-21 3252
-6 3252
+20 3252 3252 0 0 1
-14 3252
+28 6504 3252 0 0 322 0 0 45
-28 3252
-6 3252
+34 6504 3252
-28 6504 0 0 1 0 0 1
+14 3252
+14 13008 6504
-14 3252
+11 632
-6 1264 632
+7 632 632
-7 632
+7 632 632 0 1 0 0 1
+1 632 632
-8 632
+8 632 632
-1 1264
+1 632
-1 1264
+1 1264 632
-1 632
+1 1896 0 0 1 0 0 1
+3 5688 632
-40 632 0 0 1 0 0 1
fe=(238)
-43 632 0 632
fi=(240)
+43 2620
fe=(238)
-43 2620 0 2620
fi=(240)
+43 7860 2620
+4 2620
+3 2620
+1 5240
+1 2620
-1 2620
+1 2620
+3 2620
-3 2620
+3 7860
fe=(238)
-54 2620 0 2620
+1 2620
fi=(240)
+41 1896 632
+4 632
+3 632
+1 1264
+1 632
-1 632
+1 632
+3 632
-3 632 0 0 1 0 0 1
+3 1896
fe=(238)
-54 632 0 632
+1 632
fi=(240)
+42 2070 690 0 1 0 0 1
+24 45761 30825 0 6 15 0 6 1
fe=(238)

fl=(145) ./math/../sysdeps/x86_64/fpu/multiarch/e_expf.c
fn=(466) expf@@GLIBC_2.27
29 10 4 0 1 0 0 1
fi=(146)
+1 8 2 0 1 0 0 1
fe=(145)
-1 2 2

fl=(165) ./math/../sysdeps/x86_64/fpu/multiarch/s_sinf.c
fn=(530) sinf
28 1 0 0 1 0 0 1
fi=(146)
+1 4 2
+1 4 1
fe=(165)
-2 1 1

fl=(161) ./math/../sysdeps/x86_64/fpu/multiarch/s_log1p.c
fn=(514) __log1p
28 1 0 0 1 0 0 1
fi=(146)
+1 4 2
+1 4 1 0 1 0 0 1
fe=(161)
-2 1 1

fl=(170) ./math/../sysdeps/x86_64/fpu/multiarch/s_expm1.c
fn=(546) expm1
28 1 0 0 1 0 0 1
fi=(146)
+1 4 2 0 1 0 0 1
+1 4 1
fe=(170)
-2 1 1

fl=(175) ./math/../sysdeps/x86_64/fpu/multiarch/s_roundevenf.c
fn=(564) roundevenf
32 1 0 0 1 0 0 1
fi=(259)
-3 5 2 0 1 0 0 1
fe=(175)
+3 1 1

fl=(164) ./math/../sysdeps/x86_64/fpu/multiarch/e_asin.c
fn=(542) __asin_finite@GLIBC_2.15
29 1 0 0 1 0 0 1
fi=(159)
+2 4 2
+1 2 1
fe=(164)
-3 1 1

fn=(526) __acos_finite@GLIBC_2.15
37 1 0 0 1 0 0 1
fi=(159)
-6 4 2
+1 2 1
fe=(164)
+5 1 1 0 1 0 0 1

fl=(151) ./math/../sysdeps/x86_64/fpu/multiarch/e_logf.c
fn=(482) logf@@GLIBC_2.27
29 5 2 0 1 0 0 1
fi=(146)
+1 4 1 0 1 0 0 1
fe=(151)
-1 1 1

fl=(177) ./math/../sysdeps/x86_64/fpu/multiarch/s_fmaf.c
fn=(574) fmaf
44 6 3 0 2 0 0 2

fl=(166) ./math/../sysdeps/x86_64/fpu/multiarch/s_fma.c
fn=(534) fma
49 6 3 0 1 0 0 1

fl=(178) ./math/../sysdeps/x86_64/fpu/multiarch/s_sincos.c
fn=(576) sincos
29 2 0 0 2 0 0 1
fi=(159)
+2 8 4 0 0 1
+1 4 2
fe=(178)
-3 2 2

fl=(153) ./math/../sysdeps/x86_64/fpu/multiarch/e_log2.c
fn=(490) log2@@GLIBC_2.29
29 5 2 0 1 0 0 1
fi=(146)
+1 4 1 0 1 0 0 1
fe=(153)
-1 1 1

fl=(169) ./math/../sysdeps/x86_64/fpu/multiarch/s_roundeven.c
fn=(540) roundeven
32 1 0 0 1 0 0 1
fi=(259)
-3 5 2
fe=(169)
+3 1 1

fl=(157) ./math/../sysdeps/x86_64/fpu/multiarch/s_ceil.c
fn=(504) ceil
33 1 0 0 1 0 0 1
fi=(259)
-4 5 2 0 1 0 0 1
fe=(157)
+4 1 1

ob=(4)
fl=(191)
fn=(748)
0 14 7 0 1 0 0 1
cob=(7)
cfi=(205)
cfn=(752)
calls=7 0 
0 21 7 0 1 0 0 1
cob=(1) /usr/lib/x86_64-linux-gnu/ld-linux-x86-64.so.2
cfi=(206) ./elf/../sysdeps/x86_64/dl-trampoline.h
cfn=(712) _dl_runtime_resolve_xsave
calls=1 39 
0 788 259 132 0 10 0 0 2
0 5 2 2 1 0 0 1

fn=(626) 0x0000000008f7b710
0 28 14 0 1 1 0 1
cob=(1)
cfi=(11) ./elf/./elf/dl-tunables.c
cfn=(28) __tunable_get_val
calls=14 435 
0 242 56 14 0 27 0 0 20

fn=(820)
0 2 1 0 1 1 0 1
cob=(7)
cfi=(205)
cfn=(824)
calls=1 0 
0 107 35 28 4 2 0 4 1
cob=(1)
cfi=(206)
cfn=(712)
calls=1 39 
0 1086 305 132 0 8 0 0 2
0 5 2 2 1 0 0 1

fn=(826)
0 2 1 0 1 0 0 1
cob=(7)
cfi=(205)
cfn=(830)
calls=1 0 
0 107 35 28 4 0 0 4
cob=(1)
cfi=(206)
cfn=(712)
calls=1 39 
0 1094 306 132 0 6 0 0 2
0 5 2 2 1 0 0 1

fn=(884)
0 24 12 0 1 1 0 1
cob=(7)
cfi=(205)
cfn=(888)
calls=12 0 
0 4354 967 334 18 22 0 18 11
cob=(1)
cfi=(206)
cfn=(712)
calls=1 39 
0 812 263 132 0 6 0 0 2
0 5 2 2 1 0 0 1

fn=(890)
0 20 10 0 1 1 0 1
cob=(2) /usr/lib/x86_64-linux-gnu/libc.so.6
cfi=(218) ./wctype/./wctype/wctype_l.c
cfn=(894) wctype_l
calls=10 26 
0 3300 646 187 9 11 0 9 5
cob=(1)
cfi=(206)
cfn=(712)
calls=1 39 
0 883 297 145 0 10 0 0 6
0 5 2 2 1 0 0 1

fn=(1114)
0 16 8 0 1 1 0 1
cob=(7)
cfi=(205)
cfn=(1118)
calls=8 0 
0 2006 707 380 8 14 0 8 3
cob=(1)
cfi=(206)
cfn=(712)
calls=1 39 
0 720 248 132 0 7 0 0 3
0 5 2 2 1 0 0 1

fn=(1614) 0x000000000040d3f0
0 39 1 17 4 1 3 4
cfn=(1615) 0x000000000040d3f0'2
calls=1 0 
0 50060234 9321218 6236229 451 713124 127017 442 96 47638
0 63 9 11 0 3
cfn=(1804) 0x0000000000405380
calls=1 0 
0 5637 150 169
0 470232 78377 52236 0 9801 3268
cfn=(1620) 0x0000000000401200
calls=1 0 
0 417813 4 417792 0 4 6528 0 0 6528
0 5 2 1 0 2
cfn=(1670) 0x0000000000401220
calls=1 0 
0 208930 208903 208898 0 3269 3265
0 57 5 3 0 3
cfn=(2104) 0x000000000040d050
calls=1 0 
0 21823319 3827521 2257055 0 346160 40491 0 0 6655
0 339497 104452 52228 0 9794
cfn=(1868) 0x000000000040af00
calls=1 0 
0 7727979 1979985 1281730 0 117478 33227 0 0 16384
0 17 6 5 0 2
cfn=(2104)
calls=1 0 
0 22238978 3979639 2380512 0 365819 40502 0 2 16384
0 18 5 2 0 2

fn=(1615)
0 2 1
cob=(2)
cfi=(237) ./string/../sysdeps/x86_64/multiarch/memmove-vec-unaligned-erms.S
cfn=(1586) __memcpy_avx_unaligned_erms
calls=1 255 
0 22 6 4 0 0 2 0 0 2
0 448 12 195 0 0 40
cfn=(1615)
calls=11 0 
0 47958293 8558081 5967806 3433 497417 119089 3361 603 49935
0 571 95 100 4 15 3 4
cfn=(1804)
calls=8 0 
0 28806 798 918
0 11 0 6 2 0 0 2
cfn=(1804)
calls=1 0 
0 1492 48 60 9 0 0 9
0 402 56 10 3 0 0 3
cfn=(1688) 0x000000000040bc70
calls=2 0 
0 22024 3627 1875 5 5 0 5
0 236195 52451 26181 16 6329 3228 16 2
cfn=(1620)
calls=1 0 
0 108 3 52 0 0 25 0 0 25
0 5 2 1 1 0 0 1
cfn=(1670)
calls=1 0 
0 115 33 29
0 235607 26259 26167 8 2680 8 8
cfn=(1620)
calls=1 0 
0 885 302 158 2 71 28 1 1 4
0 8 2 1
cfn=(1626) 0x0000000000405ed0
calls=1 0 
0 7950 1566 906 21 35 17 21 9 10
0 35 11 4 1 0 1 1
cfn=(1620)
calls=4 0 
0 120900 15 120808 0 7 1895 0 0 1893
0 30 6 6 0 0 2
cfn=(1620)
calls=6 0 
0 293970 22 293828 0 14 4611 0 0 4609
0 50 20 10 1 6 0 1
cfn=(1670)
calls=10 0 
0 197204 196202 196160 3 3231 2483 3
0 463 48 24 4 10 2 4
cfn=(2104)
calls=8 0 
0 20141966 3447154 2026502 0 289209 39998 0 0 7498
0 46 11 9 1 3 0 1
cfn=(1688)
calls=3 0 
0 375262 61949 57514 16 1124 918 16 4 563
0 339836 104472 52259 7 9510 0 7
cfn=(1868)
calls=9 0 
0 7138832 1787960 1188140 197 91413 32941 189 77 16532
0 153 54 45 2 14 0 2
cfn=(2104)
calls=9 0 
0 20916686 3637986 2244239 143 309433 40815 143 3 16502
0 150 47 18 5 15 0 5

fn=(1620)
0 2 2 1 0 1
cob=(2)
cfi=(208) ./string/../sysdeps/x86_64/multiarch/memset-vec-unaligned-erms.S
cfn=(746) __memset_avx2_unaligned_erms
calls=1 198 
0 26 2 8 1 1 4 0 0 4
cob=(1)
cfi=(206)
cfn=(712)
calls=1 39 
0 852 297 148 0 68 24 0 1
0 113 55 1 1 27 0 1
cob=(2)
cfi=(208)
cfn=(746)
calls=54 198 
0 3136015 141 3027678 2 63 116421 2 0 85037

fn=(1868)
0 187 0 66 1 0 1 1 0 1
cfn=(1804)
calls=11 0 
0 41572 1146 1316 0 0 6
0 208 33 39 2 0 0 2
cfn=(1882) 0x0000000000406790
calls=3 0 
0 12883 1359 10079 26 3 192 26 2 192
0 79 22 16 0 6
cfn=(1914) 0x00000000004074c0
calls=8 0 
0 290316 72222 23998 1 394 596 1 28 120
0 27 16 1
cfn=(2014) 0x0000000000407830
calls=1 0 
0 7440068 1877564 1152922 0 130524 349
0 205 55 43 3 7 7 3
cfn=(1882)
calls=8 0 
0 1138801 466023 380138 1 12769 62175 1 0 29907
0 33 9 2
cfn=(1620)
calls=1 0 
0 187261 4 187240 0 4 2925 0 0 2925
0 16 1 7 1 0 0 1
cfn=(2576) 0x0000000000408d40
calls=7 0 
0 13818460 3463991 2110478 26 202194 33139 26 0 32512
0 22 0 3 2 0 0 2
cfn=(1914)
calls=3 0 
0 8513 2077 823 43 39 8 38 31 8
0 9 0 3
cfn=(1940) 0x000000000040a2a0
calls=3 0 
0 24469 6197 3126 46 80 20 43 16 20
0 12 0 3
cfn=(2014)
calls=3 0 
0 15765 3111 1593 44 1 0 44
0 24 0 9 1 0 0 1
cfn=(2014)
calls=3 0 
0 15765 3111 1593
0 15 6 3
cfn=(2014)
calls=3 0 
0 15765 3111 1593
0 3

fn=(1940)
0 398 81 127 5 2 0 5
cfn=(1946) 0x000000000040e820
calls=2 0 
0 1164 342 212 12 23 2 12 2 2
0 86 20 12 2 0 0 2
cfn=(1920) 0x0000000000401210
calls=4 0 
0 164 40 24
0 352 44 88
cfn=(1920)
calls=44 0 
0 4100 1128 264 0 8 0 0 8
0 380 152 52 1 0 4 1
cfn=(1920)
calls=4 0 
0 164 40 24
0 476 68 68
cfn=(1920)
calls=68 0 
0 7561 1644 488 0 10 0 0 7
0 61920 15177 8371 7 529 1 7 1
cfn=(1946)
calls=3 0 
0 3500 1013 694 18 60 26 15 2 18
0 9 3 3 1 0 0 1

fn=(2888) 0x0000000000407620
0 150 4 12 7 1 1 7 0 1

fn=(3238) 0x00000000004011d0
0 2 2 1 0 1 0 0 1
cob=(2)
cfi=(242) ./io/../sysdeps/unix/sysv/linux/write.c
cfn=(3242) write
calls=1 25 
0 29 8 4 1 2 0 1
cob=(1)
cfi=(206)
cfn=(712)
calls=1 39 
0 853 293 145 2 68 24 0 14 4
0 5 1 1 0 1

fn=(700) 0x0000000008c02000
0 7 2 0 1 1 0 1

fn=(706)
0 2 1 0 1 0 0 1
cob=(7)
cfi=(205)
cfn=(718)
calls=1 0 
0 85265 25433 11868 429 556 151 429 123 127
cob=(1)
cfi=(206)
cfn=(712)
calls=1 39 
0 716 247 132 11 14 7 11
0 5 2 2 1 1 0 1

fn=(670) 0x0000000008f7b650
0 2 1 0 1 1 0 1
cob=(2)
cfi=(200) ./string/../sysdeps/x86_64/multiarch/strrchr-avx2.S
cfn=(672) __strrchr_avx2
calls=1 53 
0 22 2 0 2 1 0 2

fn=(780)
0 2 1 0 1 0 0 1
cob=(7)
cfi=(205)
cfn=(784)
calls=1 0 
0 923 316 158 9 11 0 9 4
cob=(1)
cfi=(206)
cfn=(712)
calls=1 39 
0 968 289 132 0 7 2 0 2
0 5 2 2 1 0 0 1

fn=(796)
0 64 32 0 1 1 0 1
cob=(7)
cfi=(205)
cfn=(800)
calls=32 0 
0 13517 4057 550 10 15 0 10 8
cob=(1)
cfi=(206)
cfn=(712)
calls=1 39 
0 940 284 132 0 8 0 0 3
0 5 2 2 1 0 0 1

fn=(862)
0 4 2 0 1 0 0 1
cob=(2)
cfi=(213) ./locale/./locale/uselocale.c
cfn=(866) uselocale
calls=2 30 
0 44 18 8 3 2 0 3
cob=(1)
cfi=(206)
cfn=(712)
calls=1 39 
0 816 296 145 0 14 0 0 4
0 5 2 2 1 0 0 1

fn=(868)
0 256 128 0 1 1 0 1
cob=(2)
cfi=(214) ./wcsmbs/./wcsmbs/wctob.c
cfn=(872) wctob
calls=128 30 
0 2432 640 256 2 0 0 2
cob=(1)
cfi=(206)
cfn=(712)
calls=1 39 
0 948 309 152 0 16 0 0 4
0 5 2 2 1 0 0 1

fn=(940)
0 2 1 0 1 0 0 1
cob=(7)
cfi=(205)
cfn=(944)
calls=1 0 
0 47 13 10 2 0 1 2 0 1
cob=(1)
cfi=(206)
cfn=(712)
calls=1 39 
0 765 253 132 0 6
0 5 2 2 1 0 0 1

fn=(966)
0 2 1 0 1 1 0 1
cob=(7)
cfi=(205)
cfn=(970)
calls=1 0 
0 107 35 28 5 0 0 5
cob=(1)
cfi=(206)
cfn=(712)
calls=1 39 
0 1000 295 132 0 9 0 0 3
0 5 2 2 1 0 0 1

fn=(1094)
0 2 1 0 1 0 0 1
cob=(7)
cfi=(205)
cfn=(1098)
calls=1 0 
0 3 1 1 1 0 1 1
cob=(1)
cfi=(206)
cfn=(712)
calls=1 39 
0 732 250 132 0 6 0 0 2
0 5 2 2

fn=(1626)
0 2 2 1
cob=(2)
cfi=(237)
cfn=(1586)
calls=1 255 
0 22 6 4 0 0 2 0 0 2
cob=(1)
cfi=(206)
cfn=(712)
calls=1 39 
0 1079 346 166 0 17 0 0 4
0 5356 784 576 12 2 3 12 0 2
cfn=(1640) 0x00000000004011c0
calls=15 0 
0 1029 306 143 3 14 6 3 5
0 366 94 1 2 0 0 2
cfn=(1578) 0x00000000004012d0
calls=1 0 
0 31 7 4 1 2 2 1 0 2
0 5 0 1
cfn=(1578)
calls=1 0 
0 39 11 8 1 0 4 1 0 4
0 21 10 2 2 0 0 2

fn=(1954) 0x0000000000401240
0 2 2 1
cob=(7)
cfi=(205)
cfn=(1958)
calls=1 0 
0 184 33 20 6 11 1 6 1 1
cob=(1)
cfi=(206)
cfn=(712)
calls=1 39 
0 632 237 133 0 12 0 0 1
0 29 13 1 0 2
cob=(7)
cfi=(205)
cfn=(1958)
calls=12 0 
0 1846 334 212 0 18 11 0 1 10

fn=(2672) 0x00000000004070d0
0 16863970 3190115 1367115 16 472005 0 16

fn=(3396)
0 4 2 0 1 1 0 1
cob=(7)
cfi=(205)
cfn=(3400)
calls=2 0 
0 917 337 155 5 23 1 5 1 1
cob=(1)
cfi=(206)
cfn=(712)
calls=1 39 
0 688 242 132 0 9 0 0 2
0 5 2 2 1 0 0 1

fn=(742)
0 4 2 0 1 1 0 1
cob=(2)
cfi=(208)
cfn=(746)
calls=2 198 
0 72 4 24 3 1 13 3 0 13
cob=(1)
cfi=(206)
cfn=(712)
calls=1 39 
0 893 299 148 4 14 3 4 2
0 5 2 2 1 0 0 1

fn=(760)
0 28 14 0 1 0 0 1
cob=(7)
cfi=(205)
cfn=(764)
calls=14 0 
0 3227 1048 502 25 36 3 25 15
cob=(1)
cfi=(206)
cfn=(712)
calls=1 39 
0 824 264 132 0 6 0 0 1
0 5 2 2 1 0 0 1

fn=(690) 0x0000000008e11000
0 7 2 0 1 1 0 1

fn=(814)
0 2 1 0 1 0 0 1
cob=(7)
cfi=(205)
cfn=(818)
calls=1 0 
0 416 136 74 7 6 0 7 3
cob=(1)
cfi=(206)
cfn=(712)
calls=1 39 
0 1022 294 132 0 11 0 0 1
0 5 2 2 1 0 0 1

fn=(910)
0 2 1 0 1 1 0 1
cob=(7)
cfi=(205)
cfn=(914)
calls=1 0 
0 350 72 73 5 0 3 5 0 3
cob=(1)
cfi=(206)
cfn=(712)
calls=1 39 
0 998 291 132 0 8 0 0 1
0 5 2 2 1 0 0 1

fn=(934)
0 2 1 0 1 1 0 1
cob=(7)
cfi=(205)
cfn=(938)
calls=1 0 
0 152 38 33 14 3 0 14
cob=(1)
cfi=(206)
cfn=(712)
calls=1 39 
0 984 291 132 0 6 0 0 2
0 5 2 2 1 0 0 1

fn=(1002)
0 2 1 0 1 1 0 1
cob=(7)
cfi=(205)
cfn=(1006)
calls=1 0 
0 47 13 10 2 0 1 2 0 1
cob=(1)
cfi=(206)
cfn=(712)
calls=1 39 
0 711 247 132 0 7 0 0 1
0 5 2 2 1 0 0 1

fn=(1044)
0 2 1 0 1 1 0 1
cob=(7)
cfi=(205)
cfn=(1048)
calls=1 0 
0 104 26 28 6 0 0 6
cob=(1)
cfi=(206)
cfn=(712)
calls=1 39 
0 1008 296 132 0 8 0 0 1
0 5 2 2 1 0 0 1

fn=(1138)
0 2 1 0 1 1 0 1
cob=(7)
cfi=(205)
cfn=(1142)
calls=1 0 
0 1672 343 187 16 15 0 16 7
cob=(1)
cfi=(206)
cfn=(712)
calls=1 39 
0 776 257 132 0 10 0 0 2
0 5 2 2 1 0 0 1

fn=(1154)
0 8 4 0 1 1 0 1
cob=(7)
cfi=(205)
cfn=(1158)
calls=4 0 
0 224 100 36 3 0 0 3
cob=(1)
cfi=(206)
cfn=(712)
calls=1 39 
0 983 292 132 0 7 0 0 2
0 5 2 2 1 0 0 1

fn=(1208)
0 2 1 0 1 1 0 1
cob=(2)
cfi=(222) ./stdlib/./stdlib/secure-getenv.c
cfn=(1212) secure_getenv
calls=1 28 
0 290 93 9 14 18 0 14 2
cob=(1)
cfi=(206)
cfn=(712)
calls=1 39 
0 872 310 152 0 15 0 0 4
0 5 2 2 1 0 0 1

fn=(1364) 0x0000000000405270
0 12 2 3 2 1 0 2
cob=(2)
cfi=(228) ./csu/../csu/libc-start.c
cfn=(1366) __libc_start_main@@GLIBC_2.34
calls=1 242 
0 204398978 41522292 29950190 843 3498344 639179 798 39455 323241

fn=(1380) 0x0000000000401230
0 2 2 1
cob=(2)
cfi=(221) ./stdlib/./stdlib/cxa_atexit.c
cfn=(1168) __cxa_atexit
calls=1 67 
0 73 13 15
cob=(1)
cfi=(206)
cfn=(712)
calls=1 39 
0 996 317 152 1 11
0 7 2 1 2 1 0 2
cob=(2)
cfi=(221)
cfn=(1168)
calls=1 67 
0 73 13 15 0 0 1 0 0 1

fn=(1476) 0x0000000000401300
0 2 2 1
cob=(2)
cfi=(234) ./debug/./debug/read_chk.c
cfn=(1480) __read_chk
calls=1 22 
0 33 8 4 4 0 0 4
cob=(1)
cfi=(206)
cfn=(712)
calls=1 39 
0 792 293 145 0 13 0 0 5
0 7 2 1 2 1 0 2
cob=(2)
cfi=(234)
cfn=(1480)
calls=1 22 
0 33 8 4

fn=(1640)
0 2 2 1
cob=(6)
cfi=(203)
cfn=(1644)
calls=1 0 
0 15 1 0 1 0 0 1
cob=(1)
cfi=(206)
cfn=(712)
calls=1 39 
0 769 274 141 0 14 6 0 5
0 33 15 1 2 0 0 2
cob=(6)
cfi=(203)
cfn=(1644)
calls=14 0 
0 210 14

fn=(2452)
0 26 13 0 1 4 0 1
cob=(2)
cfi=(194) ./malloc/./malloc/malloc.c
cfn=(2456) free
calls=13 3319 
0 955 223 221 25 25 14 25 1 12
cob=(1)
cfi=(206)
cfn=(712)
calls=1 39 
0 932 307 152 0 17
0 5 2 2 1 0 0 1

fn=(3274) 0x000000000040e7b0
0 2 1
cob=(7)
cfi=(205)
cfn=(2444)
calls=1 0 
0 41 11 4 0 2
0 15 4 2 1 2 0 1 2
cfn=(2440) 0x0000000000401250
calls=1 0 
0 43 12 4 0 6
0 7 3

fn=(3286) 0x00000000004055c0
0 197 34 1 1 12 0 1 12

fn=(3366)
0 6 3 0 1 1 0 1
cob=(7)
cfi=(205)
cfn=(3370)
calls=3 0 
0 4529 1619 805 33 90 2 32 19 2
cob=(1)
cfi=(206)
cfn=(712)
calls=1 39 
0 687 242 132 0 9 3 0 2 1
0 5 2 2 1 0 0 1

fn=(3367)
0 2 1
cob=(7)
cfi=(205)
cfn=(3371)
calls=1 0 
0 131 52 20

fn=(3390)
0 4 2 0 1 1 0 1
cob=(7)
cfi=(205)
cfn=(3394)
calls=2 0 
0 1632 589 293 8 34 1 8 3 1
cob=(1)
cfi=(206)
cfn=(712)
calls=1 39 
0 720 248 132 0 8 0 0 2
0 5 2 2 1 0 0 1

fn=(3430) 0x0000000008d5c364
0 4 1 0 1 0 0 1

fn=(3478) 0x0000000008f4c438
0 4 1 0 2 0 0 2

fn=(838)
0 2 1 0 1 0 0 1
cob=(7)
cfi=(205)
cfn=(842)
calls=1 0 
0 156 38 34 13 3 0 13
cob=(1)
cfi=(206)
cfn=(712)
calls=1 39 
0 960 288 132 0 9 0 0 2
0 5 2 2 1 0 0 1

fn=(856)
0 2 1 0 1 1 0 1
cob=(7)
cfi=(205)
cfn=(860)
calls=1 0 
0 23900 6782 3271 42 76 20 42 22 20
cob=(1)
cfi=(206)
cfn=(712)
calls=1 39 
0 792 260 132 0 6
0 5 2 2 1 0 0 1

fn=(896) 0x0000000008f7b4f0
0 152 76 0 1 1 0 1
cob=(2)
cfi=(219) ./string/../sysdeps/x86_64/multiarch/strlen-avx2.S
cfn=(898) __strlen_avx2
calls=76 52 
0 1064 152 0 1 7 0 1 7

fn=(916)
0 2 1 0 1 1 0 1
cob=(7)
cfi=(205)
cfn=(920)
calls=1 0 
0 104 26 28 6 0 0 6
cob=(1)
cfi=(206)
cfn=(712)
calls=1 39 
0 1102 307 132 0 9 0 0 3
0 5 2 2 1 0 0 1

fn=(1164)
0 8 4 0 1 1 0 1
cob=(2)
cfi=(221)
cfn=(1168)
calls=4 67 
0 289 52 61 7 2 3 7 1 1
cob=(1)
cfi=(206)
cfn=(712)
calls=1 39 
0 999 317 152 0 15 0 0 5
0 5 2 2 1 0 0 1

fn=(1404) 0x0000000000401270
0 2 2 1
cob=(2)
cfi=(233) ./misc/../sysdeps/unix/syscall-template.S
cfn=(1408) madvise
calls=1 117 
0 6 1 0 1 0 0 1
cob=(1)
cfi=(206)
cfn=(712)
calls=1 39 
0 860 303 152 0 12 0 0 3
0 35 16 1 2 0 0 2
cob=(2)
cfi=(233)
cfn=(1408)
calls=15 117 
0 90 15

fn=(1442) 0x0000000000401280
0 2 2 1
cob=(2)
cfi=(223) ./stdlib/./stdlib/getenv.c
cfn=(1214) getenv
calls=1 25 
0 199 79 7 0 1 0 0 1
cob=(1)
cfi=(206)
cfn=(712)
calls=1 39 
0 861 302 152 0 9 0 0 4
0 17 7 1 1 0 0 1
cob=(2)
cfi=(223)
cfn=(1214)
calls=6 25 
0 1590 546 54 0 1 0 0 1

fn=(1492) 0x00000000004012b0
0 2 2 1
cob=(2)
cfi=(208)
cfn=(1496) __memset_chk_avx2_unaligned_erms
calls=1 192 
0 26 2 4 1 1 2 1 0 2
cob=(1)
cfi=(206)
cfn=(712)
calls=1 39 
0 888 303 148 1 9 0 0 6
0 27 12 1 1 11 0 1
cob=(2)
cfi=(208)
cfn=(1496)
calls=11 192 
0 2381742 33 2381456 1 30 37207 1 0 34282

fn=(2104)
0 344 60 146 2 1 7 2
cfn=(1882)
calls=6 0 
0 18400 3954 10800 6 45 192 6 0 192
0 90 24 14 0 5
cfn=(1914)
calls=14 0 
0 62871 15659 5180 0 82 131
0 66 14 8
cfn=(2014)
calls=8 0 
0 21453523 5406586 3263379 0 364890 1018
0 42 28 14 0 13
cfn=(2672)
calls=14 0 
0 12014002 2272584 973894 16 324666 0 16
0 56 14 14 0 14
cfn=(2256) 0x0000000000408f10
calls=14 0 
0 31705920 5172218 3414344 21 597234 1231 21
0 23347956 1599600 6 3 161415 0 3 1
cfn=(2576)
calls=6 0 
0 13728840 3443389 2098615 0 202132 32878
0 2070531 165 295757 4 27 36876 4 0 14213
cfn=(1882)
calls=14 0 
0 1984669 918829 489353 0 25874 118904 0 2 24338
0 160 8 8 0 7
cfn=(1492)
calls=8 0 
0 714880 32 714656 0 29 11163 0 0 8238
0 74 16 6 2 5 0 2
cfn=(1914)
calls=6 0 
0 18 12
0 24 0 6
cfn=(1940)
calls=6 0 
0 23488 5724 3202
0 36 0 6
cfn=(2014)
calls=6 0 
0 31530 6222 3186
0 30 0 6 1 0 0 1
cfn=(2014)
calls=6 0 
0 31530 6222 3186
0 24 0 6
cfn=(2014)
calls=6 0 
0 31530 6222 3186
0 24 6 6
cfn=(2160) 0x000000000040b270
calls=6 0 
0 90090 11548 4552 40 8 58 40 2 58
0 24 0 6
cfn=(2256)
calls=6 0 
0 30256 4562 2564 38 0 0 38
0 24 0 6
cfn=(2256)
calls=6 0 
0 30256 4562 2564
0 24 0 6 1 0 0 1
cfn=(2256)
calls=6 0 
0 30256 4562 2564
0 12 0 6
cfn=(2338) 0x000000000040a650
calls=6 0 
0 21150 4748 2748 9 0 0 9
0 6

fn=(2930) 0x000000000040b160
0 12 2 6 1 0 0 1
cfn=(1882)
calls=1 0 
0 572739 238752 131085 2 6535 65539 2 0 65536
0 7 2 1 0 1
cfn=(1914)
calls=1 0 
0 125752 31281 10348 0 71 257 0 0 128
0 4 1 1
cfn=(2014)
calls=1 0 
0 15008457 3914301 2271131 0 322238 747
0 7 6 1 0 0 1

fn=(2986) 0x000000000040baa0
0 7147260 477481 104457 2 59687 13057 2
cfn=(1882)
calls=1 0 
0 572739 238752 131085 0 6534 65539 0 0 32768
0 7 2 1 0 1
cfn=(1914)
calls=1 0 
0 125752 31281 10348 0 71 258
0 4 1 1
cfn=(2014)
calls=1 0 
0 15008457 3914301 2271131 0 322248 755
0 3 2 1 1 1 0 1
cfn=(2672)
calls=1 0 
0 4849968 917531 393221 0 147339
0 4 1 1 0 1
cfn=(2256)
calls=1 0 
0 13297158 2115174 1419929 0 321810 698
0 11 9 0 0 2

fn=(3304) 0x0000000000405320
0 6 1 2 0 1 0 0 1
cfn=(3308) 0x00000000004052b0
calls=1 0 
0 4 1
0 3 2 1

fn=(3308)
0 4 1

fn=(3348)
0 2 1 0 1 0 0 1
cob=(2)
cfi=(249) ./stdlib/./stdlib/cxa_finalize.c
cfn=(3326) __cxa_finalize
calls=1 45 
0 8679 3016 1488 55 156 6 54 27 3

fn=(786)
0 2 1 0 1 1 0 1
cob=(2)
cfi=(211) ./locale/./locale/newlocale.c
cfn=(790) newlocale
calls=1 43 
0 38 12 7 5 0 0 5
cob=(1)
cfi=(206)
cfn=(712)
calls=1 39 
0 864 298 145 0 10 0 0 4
0 5 2 2 1 0 0 1

fn=(922)
0 2 1 0 1 1 0 1
cob=(7)
cfi=(205)
cfn=(926)
calls=1 0 
0 104 26 28 6 0 0 6
cob=(1)
cfi=(206)
cfn=(712)
calls=1 39 
0 1070 303 132 0 6
0 5 2 2 1 0 0 1

fn=(928)
0 2 1
cob=(7)
cfi=(205)
cfn=(932)
calls=1 0 
0 1171 338 176 18 11 1 18 2 1
cob=(1)
cfi=(206)
cfn=(712)
calls=1 39 
0 883 276 132 0 6 0 0 1
0 5 2 2

fn=(948)
0 2 1 0 1 0 0 1
cob=(7)
cfi=(205)
cfn=(952)
calls=1 0 
0 416 136 74 5 0 0 5
cob=(1)
cfi=(206)
cfn=(712)
calls=1 39 
0 928 283 132 0 9 0 0 2
0 5 2 2 1 0 0 1

fn=(1144)
0 2 1 0 1 1 0 1
cob=(2)
cfi=(220) ./string/../sysdeps/x86_64/multiarch/memcmp-avx2-movbe.S
cfn=(902) __memcmp_avx2_movbe
calls=1 73 
0 47 17 0 3 0 0 3
cob=(1)
cfi=(206)
cfn=(712)
calls=1 39 
0 874 297 148 0 12 0 0 6
0 5 2 2 1 0 0 1

fn=(1578)
0 2 2 1 0 1
cob=(2)
cfi=(237)
cfn=(1582) __memcpy_chk_avx_unaligned_erms
calls=1 249 
0 415591 415558 415554 6 6497 6495 6
cob=(1)
cfi=(206)
cfn=(712)
calls=1 39 
0 928 305 148 4 70 24 0 5
0 13 5 1 1 4 0 1
cob=(2)
cfi=(237)
cfn=(1582)
calls=4 249 
0 1246904 1246788 1246776 2 19489 19490 2 0 802

fn=(1688)
0 45314 2911 856 4 0 103 4 0 103
cfn=(1620)
calls=4 0 
0 170 12 60 0 0 11 0 0 11
0 33197 5480 2765 9 7 1 9
cfn=(1882)
calls=1 0 
0 15933 1475 13312 0 3 330
0 10 3 2 1 0 0 1
cfn=(1882)
calls=1 0 
0 15933 1475 13312 0 1 384 0 0 384
0 11 1 1 2 0 0 2
cfn=(1914)
calls=1 0 
0 3917 928 335 0 31 9
0 3 0 1
cfn=(1940)
calls=1 0 
0 19149 4645 2296 0 320 13 0 4
0 4 0 1
cfn=(2014)
calls=1 0 
0 20842 4424 2439 0 1 2
0 8 0 2 1 0 0 1
cfn=(2014)
calls=1 0 
0 20842 4424 2439
0 8 0 2
cfn=(2014)
calls=1 0 
0 20842 4424 2439
0 3 0 1 1 0 0 1
cfn=(1940)
calls=1 0 
0 13168 3186 1803 0 232
0 4 0 1
cfn=(2014)
calls=1 0 
0 20842 4424 2439
0 5 1 1
cfn=(2014)
calls=1 0 
0 20842 4424 2439
0 5 1 1
cfn=(2014)
calls=1 0 
0 20842 4424 2439
0 4 0 1 1 0 0 1
cfn=(2160)
calls=1 0 
0 55609 7167 3061 0 447 65 0 0 65
0 4 0 1
cfn=(2256)
calls=1 0 
0 19303 3035 1797 0 71
0 4 0 1
cfn=(2256)
calls=1 0 
0 19303 3035 1797
0 4 0 1
cfn=(2256)
calls=1 0 
0 19303 3035 1797
0 2 0 1
cfn=(2338)
calls=1 0 
0 11853 2642 1546 0 16
0 3 0 0 2 0 0 2

fn=(1882)
0 3513019 1870494 467930 32 51711 233143 32 4 84403
cfn=(1620)
calls=26 0 
0 818948 99 711234 2 47 80112 2 0 68914
0 130 26 0 1 6 0 1

fn=(1946)
0 190 15 40 3 0 0 3
cfn=(1954)
calls=5 0 
0 1295 363 207 6 30 4 6 2 3
0 312 58 57 2 0 8 2 0 4
cfn=(2440)
calls=3 0 
0 2680 859 564 17 48 12 14 2 12
0 89 26 22 2 0 0 2
cfn=(1670)
calls=3 0 
0 80 25 16 0 5 4 0 0 1
0 18 9

fn=(2160)
0 27332 5025 2238 20 68 0 20 1
cfn=(1920)
calls=7 0 
0 644 182 42 0 8
0 114555 12898 4769 12 326 0 12
cfn=(2196) 0x000000000040ea10
calls=4 0 
0 1553 297 272 0 15 62 0 0 62
0 40 12 12 1 0 0 1
cfn=(2196)
calls=4 0 
0 1567 297 280 7 38 61 7 1 61
0 8 4

fn=(3324)
0 2 1 0 1
cob=(2)
cfi=(249)
cfn=(3326)
calls=1 45 
0 95 22 12 8 4 1 8 1 1

fn=(3372)
0 6 3 0 1 1 0 1
cob=(7)
cfi=(205)
cfn=(3376)
calls=3 0 
0 194 74 33 3 1 0 3
cob=(1)
cfi=(206)
cfn=(712)
calls=1 39 
0 707 246 132 0 7 1 0 3 1
0 5 2 2 1 0 0 1

fn=(3373)
0 2 1
cob=(7)
cfi=(205)
cfn=(3377)
calls=1 0 
0 15 5 3

fn=(3380)
0 20 10 0 1 1 0 1
cob=(2)
cfi=(252) ./libio/./libio/iofflush.c
cfn=(3384) fflush
calls=10 32 
0 690 240 110 9 9 0 9 3
cob=(1)
cfi=(206)
cfn=(712)
calls=1 39 
0 847 293 145 1 16 0 0 8
0 5 2 2 1 0 0 1

fn=(3402)
0 4 2 0 1 1 0 1
cob=(1)
cfi=(255) ./elf/../sysdeps/x86_64/tls_get_addr.S
cfn=(3406) __tls_get_addr
calls=2 29 
0 24 14 0 2 3 0 2
cob=(1)
cfi=(206)
cfn=(712)
calls=1 39 
0 868 315 149 0 19 1 0 1 1
0 5 2 2 1 0 0 1

fn=(3414)
0 6 3 0 1 0 0 1
cob=(7)
cfi=(205)
cfn=(3418)
calls=3 0 
0 194 74 33 3 1 0 3
cob=(1)
cfi=(206)
cfn=(712)
calls=1 39 
0 915 281 132 0 9 0 0 2
0 5 2 2

fn=(3415)
0 2 1
cob=(7)
cfi=(205)
cfn=(3419)
calls=1 0 
0 15 5 3

fn=(3448) 0x0000000008eb0384
0 4 1 0 1 0 0 1

fn=(736)
0 2 1 0 1 1 0 1
cob=(7)
cfi=(205)
cfn=(740)
calls=1 0 
0 71341 21196 9393 337 434 100 337 91 94
cob=(1)
cfi=(206)
cfn=(712)
calls=1 39 
0 700 245 132 0 7 1 0 1
0 5 2 2 1 0 0 1

fn=(802)
0 172 86 0 1 1 0 1
cob=(7)
cfi=(205)
cfn=(806)
calls=86 0 
0 948 316 96 2 8 0 2 7
cob=(1)
cfi=(206)
cfn=(712)
calls=1 39 
0 712 247 132 0 6 0 0 1
0 5 2 2 1 0 0 1

fn=(808)
0 2 1 0 1 1 0 1
cob=(7)
cfi=(205)
cfn=(812)
calls=1 0 
0 40 11 8 2 1 1 2 0 1
cob=(1)
cfi=(206)
cfn=(712)
calls=1 39 
0 780 258 132 0 7 0 0 2
0 5 2 2 1 0 0 1

fn=(832)
0 2 1 0 1 1 0 1
cob=(7)
cfi=(205)
cfn=(836)
calls=1 0 
0 1151 335 177 17 13 0 17 2
cob=(1)
cfi=(206)
cfn=(712)
calls=1 39 
0 875 275 132 0 7
0 5 2 2 1 0 0 1

fn=(1068)
0 2 1 0 1 1 0 1
cob=(7)
cfi=(205)
cfn=(1072)
calls=1 0 
0 47 13 10 2 0 0 2
cob=(1)
cfi=(206)
cfn=(712)
calls=1 39 
0 711 247 132 0 8 0 0 3
0 5 2 2 1 0 0 1

fn=(1368) 0x0000000000401000
0 7 2 0 1 0 0 1

fn=(1372) 0x0000000000405350
0 11 1 0 3 0 0 3

fn=(1804)
0 77507 2142 2463 9 0 6 9

fn=(2196)
0 328 24 72 3 0 0 3
cfn=(1954)
calls=8 0 
0 1398 256 160 0 13 8 0 1 8
0 80 8 16 1 0 7 1 0 7
cfn=(1620)
calls=8 0 
0 362 24 136 0 2 56 0 0 56
0 48 8 6
cfn=(2440)
calls=6 0 
0 258 72 24 0 6
0 152 64 22 3 0 0 3
cfn=(1670)
calls=6 0 
0 476 138 116 0 32 52 0 0 52
0 18

fn=(3202) 0x0000000000405a50
0 1766414 103911 103906 8 12990 25976 8 0 25976

fn=(3352)
0 4 2 0 1 1 0 1
cob=(7)
cfi=(205)
cfn=(3356)
calls=2 0 
0 4 2
cob=(1)
cfi=(206)
cfn=(712)
calls=1 39 
0 736 250 132 0 15
0 5 2 2 1 1 0 1

fn=(3468)
0 2 1 0 1 0 0 1
cob=(2)
cfi=(249)
cfn=(3326)
calls=1 45 
0 95 22 12

fn=(720)
0 44 22 0 1 0 0 1
cob=(7)
cfi=(205)
cfn=(724)
calls=22 0 
0 73358 21897 9776 347 449 103 347 95 95
cob=(1)
cfi=(206)
cfn=(712)
calls=1 39 
0 672 240 132 0 9 3 0 3 1
0 5 2 2 1 0 0 1

fn=(754)
0 2 1 0 1 1 0 1
cob=(7)
cfi=(205)
cfn=(758)
calls=1 0 
0 3898 1246 656 32 44 12 32 16 9
cob=(1)
cfi=(206)
cfn=(712)
calls=1 39 
0 700 245 132 0 7 0 0 1
0 5 2 2 1 0 0 1

fn=(904)
0 2 1
cob=(7)
cfi=(205)
cfn=(908)
calls=1 0 
0 40 11 8 2 0 2 2 0 2
cob=(1)
cfi=(206)
cfn=(712)
calls=1 39 
0 780 258 132 0 6 0 0 1
0 5 2 2

fn=(1014)
0 2 1 0 1 0 0 1
cob=(7)
cfi=(205)
cfn=(1018)
calls=1 0 
0 350 72 73 5 0 0 5
cob=(1)
cfi=(206)
cfn=(712)
calls=1 39 
0 936 284 132 0 6
0 5 2 2 1 0 0 1

fn=(1226)
0 28 14 0 1 4 0 1
cob=(2)
cfi=(194)
cfn=(1230) malloc
calls=14 3283 
0 2159 391 238 50 33 14 50 4 13
cob=(1)
cfi=(206)
cfn=(712)
calls=1 39 
0 932 307 152 0 12 0 0 1
0 5 2 2 1 0 0 1

fn=(2256)
0 738 0 396 2 0 30 2
cfn=(2257) 0x0000000000408f10'2
calls=18 0 
0 10379585 1709422 1095684 14 172724 509 14
0 198 0 54 0 0 10
cfn=(2257)
calls=18 0 
0 10723004 1710077 1095718 7 173338 456 7
0 216 18 54 0 10 6
cfn=(2257)
calls=18 0 
0 10723004 1710077 1095718 0 173272 456
0 162 36 18 0 16
cfn=(2257)
calls=18 0 
0 10723004 1710077 1095718 0 173339 456
0 2601844 470476 463996 36 226416 6 36

fn=(2257)
0 135324 0 75816 0 0 1668
cfn=(2257)
calls=1788 0 
0 31519176 5268871 3035912 4 308301 2703 4
0 19668 0 5364 1 0 40 1
cfn=(2257)
calls=1788 0 
0 31632960 5269992 3035900 3 288070 524 3
0 21456 1788 5364 1 40 48 1
cfn=(2257)
calls=1788 0 
0 31632960 5269992 3035900 0 286785 524
0 16092 3576 1788 0 64
cfn=(2257)
calls=1788 0 
0 31632960 5269992 3035900 0 286998 524
0 42356057 6834289 4294506 19 692569 121 19

fn=(2338)
0 33003 7390 4294 9 16 0 9

fn=(2440)
0 2 2 1
cob=(7)
cfi=(205)
cfn=(2444)
calls=1 0 
0 1894 590 421 14 34 12 14 2 12
cob=(1)
cfi=(206)
cfn=(712)
calls=1 39 
0 693 242 133 3 10
0 25 11 1 0 1
cob=(7)
cfi=(205)
cfn=(2444)
calls=10 0 
0 506 138 61 11 26 2 11

fn=(2446)
0 26 13 0 1 4 0 1
cob=(7)
cfi=(205)
cfn=(2450)
calls=13 0 
0 1944 545 375 28 46 14 28 1 12
cob=(1)
cfi=(206)
cfn=(712)
calls=1 39 
0 604 229 132 0 12 0 0 1
0 5 2 2 0 1

fn=(2576)
0 828621 254593 169700 0 41478 26
cfn=(2014)
calls=31 0 
0 1920101 473307 269189 0 14440 134
0 124 31 31 0 4
cfn=(2014)
calls=31 0 
0 1920101 473307 269189 0 14476 68
0 155 62 31 0 4
cfn=(2014)
calls=31 0 
0 1920101 473307 269189 0 14944 66
0 1253848 278985 334105 6 63734 64790 6 0 32512
cfn=(2014)
calls=13 0 
0 6351004 1564800 922627 10 84832 341 10
0 52 0 13 1 0 0 1
cfn=(2014)
calls=13 0 
0 6676486 1694455 987503 9 85086 296 9
0 52 0 13
cfn=(2014)
calls=13 0 
0 6676486 1694455 987503 0 85304 296
0 169 78 0 0 24

fn=(3314) 0x000000000040eba4
0 4 1

fn=(900) 0x0000000008f7b570
0 98 49 0 1 1 0 1
cob=(2)
cfi=(220)
cfn=(902)
calls=49 73 
0 1048 225 0 3 0 0 3

fn=(1102)
0 16 8 0 1 1 0 1
cob=(7)
cfi=(205)
cfn=(1106)
calls=8 0 
0 696 88 232 3 0 31 3 0 28
cob=(1)
cfi=(206)
cfn=(712)
calls=1 39 
0 676 241 132 0 7 0 0 1
0 5 2 2 1 0 0 1

fn=(1108)
0 8 4
cob=(7)
cfi=(205)
cfn=(1112)
calls=4 0 
0 6257 1885 995 37 57 0 37 18
cob=(1)
cfi=(206)
cfn=(712)
calls=1 39 
0 1023 298 132 0 5 0 0 1
0 5 2 2 1 0 0 1

fn=(1148)
0 8 4 0 1 1 0 1
cob=(7)
cfi=(205)
cfn=(1152)
calls=4 0 
0 1672 546 274 9 9 0 9 2
cob=(1)
cfi=(206)
cfn=(712)
calls=1 39 
0 983 293 132 0 8 0 0 2
0 5 2 2 1 0 0 1

fn=(1378) 0x00000000004050e0
0 2 1
cob=(2)
cfi=(221)
cfn=(1168)
calls=1 67 
0 73 13 15
0 33 0 26 4 0 12 4 0 12
cfn=(1380)
calls=1 0 
0 1076 333 169 3 12 0 2
0 15 0 9 2 0 2 2 0 2
cfn=(1380)
calls=1 0 
0 75 14 15 0 0 1 0 0 1
0 11 1 3 0 0 1 0 0 1

fn=(1536) 0x00000000004058f0
0 2181990 155858 155850 7 38968 19482 7 1 19482

fn=(1914)
0 30527 2546 5174 3 36 2 3 2
cfn=(1920)
calls=2497 0 
0 294128 65272 17964 19 547 6 19 40
0 105 15 30 1 0 6 1
cfn=(1920)
calls=15 0 
0 1353 415 232 10 66 3 5 8
0 22608 10048 7536
cfn=(1920)
calls=2512 0 
0 230599 64992 15072 9 39 0 9 9
0 37819 10172 5024 2 0 1242 2 0 256

fn=(1920)
0 2 2 1
cob=(3)
cfi=(238)
cfn=(1924)
calls=1 37 
0 39 9 6 5 3 0 5 3
cob=(1)
cfi=(206)
cfn=(712)
calls=1 39 
0 733 263 140 5 12 0 0 5
0 10305 5151 1 0 6
cob=(3)
cfi=(238)
cfn=(1924)
calls=5150 37 
0 527634 128288 33962 28 657 9 28 64

fn=(3340) 0x0000000008b43294
0 4 1 0 1 0 0 1

fn=(3438)
0 2 1 0 1 0 0 1
cob=(2)
cfi=(249)
cfn=(3326)
calls=1 45 
0 95 22 12

fn=(656) 0x0000000008b43000
0 7 2 0 1 0 0 1

fn=(766)
0 28 14 0 1 1 0 1
cob=(2)
cfi=(209) ./nptl/./nptl/pthread_once.c
cfn=(770) pthread_once@@GLIBC_2.34
calls=14 136 
0 2061 653 316 20 21 2 20 8
cob=(1)
cfi=(206)
cfn=(712)
calls=1 39 
0 965 337 156 1 14 1 1 7
0 5 2 2 1 0 0 1

fn=(678) 0x0000000008f29000
0 7 2 0 1 1 0 1

fn=(844)
0 2 1 0 1 1 0 1
cob=(7)
cfi=(205)
cfn=(848)
calls=1 0 
0 47 13 10 2 1 0 2
cob=(1)
cfi=(206)
cfn=(712)
calls=1 39 
0 765 253 132 0 8
0 5 2 2 1 0 0 1

fn=(850)
0 2 1 0 1 1 0 1
cob=(7)
cfi=(205)
cfn=(854)
calls=1 0 
0 24741 7055 3414 46 83 21 46 22 21
cob=(1)
cfi=(206)
cfn=(712)
calls=1 39 
0 684 242 132 0 7 0 0 3
0 5 2 2 1 0 0 1

fn=(874)
0 512 256 0 1 0 0 1
cob=(2)
cfi=(215) ./wcsmbs/./wcsmbs/btowc.c
cfn=(878) btowc
calls=256 32 
0 10112 3584 1280 6 6 0 6
cob=(1)
cfi=(206)
cfn=(712)
calls=1 39 
0 827 293 145 0 8 0 0 1
0 5 2 2 1 0 0 1

fn=(978)
0 2 1 0 1 1 0 1
cob=(7)
cfi=(205)
cfn=(982)
calls=1 0 
0 107 35 28 5 0 0 5
cob=(1)
cfi=(206)
cfn=(712)
calls=1 39 
0 1016 297 132 0 8 0 0 1
0 5 2 2 1 0 0 1

fn=(1032)
0 2 1 0 1 1 0 1
cob=(7)
cfi=(205)
cfn=(1036)
calls=1 0 
0 104 26 28 6 0 0 6
cob=(1)
cfi=(206)
cfn=(712)
calls=1 39 
0 1032 299 132 0 8 0 0 1
0 5 2 2 1 0 0 1

fn=(1120)
0 16 8 0 1 1 0 1
cob=(7)
cfi=(205)
cfn=(1124)
calls=8 0 
0 112 40 8 2 0 0 2
cob=(1)
cfi=(206)
cfn=(712)
calls=1 39 
0 692 243 132 0 6 0 0 1
0 5 2 2 1 0 0 1

fn=(1126)
0 16 8 0 0 1
cob=(7)
cfi=(205)
cfn=(1130)
calls=8 0 
0 48 24 0 1 0 0 1
cob=(1)
cfi=(206)
cfn=(712)
calls=1 39 
0 704 244 132 0 5 0 0 1
0 5 2 2

fn=(1132)
0 8 4 0 1 1 0 1
cob=(7)
cfi=(205)
cfn=(1136)
calls=4 0 
0 224 100 36 3 0 0 3
cob=(1)
cfi=(206)
cfn=(712)
calls=1 39 
0 983 292 132 0 8 0 0 3
0 5 2 2 1 0 0 1

fn=(1182)
0 4 2
cob=(7)
cfi=(205)
cfn=(1186)
calls=2 0 
0 10 4 2 1 1 0 1
cob=(1)
cfi=(206)
cfn=(712)
calls=1 39 
0 720 248 132 0 9 0 0 1
0 5 2 2

fn=(1198)
0 2 1 0 1 0 0 1
cob=(7)
cfi=(205)
cfn=(1202)
calls=1 0 
0 3 1 0 1 0 0 1
cob=(1)
cfi=(206)
cfn=(712)
calls=1 39 
0 716 247 132 0 7
0 5 2 2 1 0 0 1

fn=(1216) 0x0000000008f7b5f0
0 28 14 0 1 1 0 1
cob=(2)
cfi=(224) ./string/../sysdeps/x86_64/multiarch/strcmp-avx2.S
cfn=(1218) __strncmp_avx2
calls=14 206 
0 369 70 0 7 0 0 7

fn=(1390) 0x0000000008f7b790
0 2 1 0 1 1 0 1
cob=(1)
cfi=(51) ./elf/./elf/dl-audit.c
cfn=(1392) _dl_audit_preinit
calls=1 118 
0 5 2 0 1 1 0 1

fn=(1402) 0x00000000004013c0
0 17 1 9 1 0 0 1
cfn=(1404)
calls=1 0 
0 873 307 154 3 12 0 3 3
0 4 0 1 1 0 0 1
cfn=(1404)
calls=1 0 
0 8 2
0 4 0 1
cfn=(1404)
calls=1 0 
0 8 2
0 4 0 1
cfn=(1404)
calls=1 0 
0 8 2
0 4 0 1 1 0 0 1
cfn=(1404)
calls=1 0 
0 8 2
0 4 0 1
cfn=(1404)
calls=1 0 
0 8 2
0 4 0 1
cfn=(1404)
calls=1 0 
0 8 2
0 4 0 1 1 0 0 1
cfn=(1404)
calls=1 0 
0 8 2
0 4 0 1
cfn=(1404)
calls=1 0 
0 8 2
0 4 0 1
cfn=(1404)
calls=1 0 
0 8 2
0 4 0 1 1 0 0 1
cfn=(1404)
calls=1 0 
0 8 2
0 4 0 1
cfn=(1404)
calls=1 0 
0 8 2
0 4 0 1
cfn=(1404)
calls=1 0 
0 8 2
0 4 0 1
cfn=(1404)
calls=1 0 
0 8 2
0 4 0 1 1 0 0 1
cfn=(1404)
calls=1 0 
0 8 2
0 4 0 1
cfn=(1404)
calls=1 0 
0 8 2
0 2 0 1
cfn=(1442)
calls=1 0 
0 1067 384 161 1 10 0 1 5
0 7 0 2 1 0 1 1 0 1
cfn=(1442)
calls=1 0 
0 201 80 7 0 1 0 0 1
0 7 0 2 1 0 1 1 0 1
cfn=(1442)
calls=1 0 
0 201 80 7
0 7 0 2
cfn=(1442)
calls=1 0 
0 201 80 7
0 7 0 2 1 0 0 1
cfn=(1442)
calls=1 0 
0 333 104 11
0 7 0 2 1 0 1 1 0 1
cfn=(1442)
calls=1 0 
0 333 104 11
0 8 1 1 1 0 0 1
cfn=(1442)
calls=1 0 
0 333 104 11
0 28 8 1 1 2 0 1 2
cfn=(1476)
calls=1 0 
0 35 9 4
0 14 0 1 2 0 0 2
cfn=(1476)
calls=1 0 
0 832 304 151 6 14 0 6 5
0 9 0 1
cfn=(1492)
calls=1 0 
0 921 308 154 3 10 2 2 6 2
0 68 13 6 6 2 0 6 2
cfn=(3238)
calls=1 0 
0 889 304 151 3 72 24 1 15 4
0 181834 25975 2 2 12988 2 2 12986
cfn=(1536)
calls=1 0 
0 1454645 103904 103900 7 25978 12988 7 1 12988
0 5 0 2 0 0 1
cfn=(1536)
calls=1 0 
0 727345 51954 51950 0 12990 6494 0 0 6494
0 97 8 11 7 3 3 7
cfn=(1492)
calls=1 0 
0 417820 4 417792 1 4 6528 1 0 6528
0 69 7 7 6 3 1 6
cfn=(1492)
calls=1 0 
0 415636 4 415608 0 4 6494 0 0 6494
0 18 2 4 1 2 0 1
cfn=(1614)
calls=1 0 
0 103292818 19500277 12886888 455 1565462 254301 446 98 93589
0 8 2 3 1 1 1 1
cfn=(2888)
calls=1 0 
0 75 2 6 7 0 1 7 0 1
0 10 1 2 1 0 0 1
cfn=(1868)
calls=1 0 
0 8143667 2132113 1405224 0 137130 33250 0 0 32769
0 4 0 1
cfn=(2888)
calls=1 0 
0 75 2 6 0 1
0 27 6 7 2 2 1 2
cfn=(1670)
calls=1 0 
0 415570 415543 415538 0 6498 6494 0 0 6494
0 30 7 9 2 2 1 2
cfn=(1670)
calls=1 0 
0 417762 417735 417730 0 6530 6528 0 302 6528
0 74 16 19 6 4 2 6 0 1
cfn=(2986)
calls=1 0 
0 41001363 7694535 4330175 3 857694 80307 3 0 32768
0 1508340 352574 156683 21 58775 6529 21 0 6528
cfn=(1670)
calls=1 0 
0 417762 417735 417730 0 6532 6528
0 6 2 1 2 2 0 2
cfn=(3202)
calls=1 0 
0 883203 51955 51953 0 6495 12988 0 0 12988
0 10 4 3 1 3 2 1
cfn=(3202)
calls=1 0 
0 883211 51956 51953 8 6495 12988 8 0 12988
0 363668 51950 2 5 25975 0 5 25975
cfn=(2930)
calls=1 0 
0 15706978 4184345 2412573 3 328845 66544 3 0 65664
0 45 6 3 6 3 2 6
cfn=(1578)
calls=1 0 
0 415649 415615 415610 0 6498 6495 0 0 796
0 13 4 4 1 2 3 1
cfn=(1620)
calls=1 0 
0 458773 4 458752 0 4 7168 0 0 42
0 645215 129046 71685 11 20235 7170 11
cfn=(2104)
calls=1 0 
0 22301807 3995270 2385692 0 365826 40652
0 573506 172045 57347 9 14341 2 9
cfn=(1620)
calls=1 0 
0 835605 4 835584 0 4 13056
0 833155 104183 104180 5 13028 13024 5 0 6494
cfn=(1578)
calls=1 0 
0 416526 415866 415704 11 6569 6519 7 5
0 5 1 1 0 1
cfn=(1492)
calls=1 0 
0 833428 4 833400 0 4 13022 0 0 13022
0 7 1 2 1 1 0 1
cfn=(1578)
calls=1 0 
0 831193 831159 831154 0 12992 12989
0 17 4 2 4 3 0 4
cfn=(1620)
calls=1 0 
0 2213 4 2192 0 3 34 0 0 34
0 12 5 2 1 0 0 1

fn=(1670)
0 48 24 0 0 10
cob=(2)
cfi=(237)
cfn=(1586)
calls=24 255 
0 1657851 1656290 1656217 3 26087 25354 3 302 13075

fn=(2014)
0 4269956 1311200 874640 11 208445 233 11
cfn=(2015) 0x0000000000407830'2
calls=196 0 
0 9847189 2436343 1374372 0 79312 707
0 180 60 90 2 18 23 2
cfn=(2015)
calls=30 0 
0 14906590 3733608 2178968 2 232504 842 2
0 904 226 226 0 28
cfn=(2015)
calls=226 0 
0 25494025 6464932 3700941 0 311690 1083
0 1130 452 226 0 48
cfn=(2015)
calls=226 0 
0 25494025 6464932 3700941 0 314427 1082
0 4627722 1129173 862330 48 292512 102 48

fn=(2015)
0 20848114 6356334 4292840 0 817089 3124
cfn=(2015)
calls=2734 0 
0 42551232 10283114 5604658 0 214386 4492
0 300 100 150 0 20 50
cfn=(2015)
calls=50 0 
0 4278095 1038618 590812 2 46583 414 2
0 11136 2784 2784 0 48
cfn=(2015)
calls=2784 0 
0 47074821 11418417 6244002 0 238210 932
0 13920 5568 2784 0 75
cfn=(2015)
calls=2784 0 
0 47074821 11418417 6244002 0 252976 932
0 54868359 12735029 6656664 2 120701 540 2

fn=(3256) 0x000000000040e770
0 2 1
cob=(7)
cfi=(205)
cfn=(2444)
calls=1 0 
0 164 50 23 5 1 0 5
0 9 2 2 2 1 0 2 1
cfn=(2440)
calls=1 0 
0 139 40 25 11 11 2 11
0 7 3

fn=(3408)
0 6 3 0 1 1 0 1
cob=(7)
cfi=(205)
cfn=(3412)
calls=3 0 
0 1594 548 239 9 22 0 9 2
cob=(1)
cfi=(206)
cfn=(712)
calls=1 39 
0 871 274 132 0 7 0 0 3
0 5 2 2 1 0 0 1

fn=(3409)
0 2 1
cob=(7)
cfi=(205)
cfn=(3413)
calls=1 0 
0 131 52 20

ob=(2)
fl=(142) ./string/../sysdeps/x86_64/multiarch/mempcpy.c
fn=(454) mempcpy
33 1 0 0 1 0 0 1
fi=(103) ./string/../sysdeps/x86_64/multiarch/ifunc-memmove.h
+23 3 2
+1 2
+3 3 1
+14 2 0 0 1 0 0 1
+3 2 0 0 1 0 0 1
+8 2
+8 2
+3 5 1 0 1 0 0 1
fe=(142)

fl=(210) ./nptl/./nptl/cleanup_compat.c
fn=(774) _pthread_cleanup_push@@GLIBC_2.34
25 1 0 0 1 0 0 1
+3 1 0 1
+1 1 0 1
+1 2 1 1 0 1
+2 1 0 1 1 0 0 1
+1 1 1

fn=(792) _pthread_cleanup_pop@@GLIBC_2.34
40 1
+3 2 1 1
+4 2
+2 1 1

fl=(95) ./wcsmbs/../sysdeps/x86_64/multiarch/wcslen.c
fn=(326) wcslen
29 1 0 0 1 0 0 1
fi=(92) ./wcsmbs/../sysdeps/x86_64/multiarch/ifunc-wcslen.h
+11 1 1
+1 4 1 0 1 0 0 1
+1 3 1
+4 4 1 0 1 0 0 1
+3 3 1
+3 3
fe=(95)
-23 1 1

fl=(110) ./wcsmbs/../sysdeps/x86_64/multiarch/wcscmp.c
fn=(364) wcscmp
30 1 0 0 1 0 0 1
fi=(105) ./wcsmbs/../sysdeps/x86_64/multiarch/ifunc-avx2.h
+8 3 2 0 1 0 0 1
+2 4
+1 2 1
+1 3 1
+4 4
+3 3 0 0 1 0 0 1
+3 5 1
fe=(110)

fl=(140) ./string/../sysdeps/x86_64/multiarch/strspn.c
fn=(448) strspn
29 1 0 0 1 0 0 1
fi=(261) ./string/../sysdeps/x86_64/multiarch/ifunc-sse4_2.h
+7 5 2 0 1 0 0 1
fe=(140)
-7 1 1

fl=(202) ./libio/./libio/stdfiles.c
fn=(676) _IO_stdfiles_init
64 1 0 0 1 0 0 1
+3 3 1 0 0 1
-1 2
+3 1 0 1
-1 1
-1 3 1 0 0 1
+2 2 0 2 0 0 1
-1 2
-1 6 2 0 0 2
+3 1 1

fl=(231) ./setjmp/../sysdeps/x86_64/setjmp.S
fn=(1398) __sigsetjmp
31 1 0 0 1 0 0 1
+2 1 0 1
+9 1
+1 2 1
+1 1 0 1
+4 1 0 1
+1 1 0 1 1 0 0 1
+1 1 0 1
+1 1 0 1
+1 1
+2 2 1
+2 1 0 1
+1 1 1
+1 1
+2 2 1
+2 1 0 1
+5 1 1 0 1 1 0 1
+1 1
+17 1
cfi=(232) ./setjmp/./setjmp/sigjmp.c
cfn=(1400) __sigjmp_save
calls=1 -57 
* 6 1 1

fl=(247) ./nptl/./nptl/pthread_mutex_unlock.c
fn=(3300) pthread_mutex_unlock@@GLIBC_2.2.5
357 1 0 0 1 0 0 1
51 1 1
+1 2
357 3 0 1 1 0 0 1
55 2
+8 1 0 1
-3 1 0 1
-21 1 1
+1 4 1
+1 1 0 1
+27 1
+2 1
359 2 2
72 2 0 0 1 0 0 1
+3 3 2
+3 2 0 1

fl=(257) ./nptl/./nptl/libc-cleanup.c
fn=(3484) __libc_cleanup_push_defer
24 2 0 0 1 0 0 1
+1 2 2
+2 4 2 2 1 0 0 1
+2 4 2
+3 4
+14 6 0 2
+2 2 0 2
+1 2 2

fn=(3486) __libc_cleanup_pop_restore
54 2 0 0 1 0 0 1
+1 2 2
+2 4 2 2
+2 4 2
+1 6 2
+11 2 2 0 1 0 0 1

fl=(233)
fn=(1408)
117 80 0 0 1 0 0 1
+5 16 16

fl=(115) ./string/../sysdeps/x86_64/multiarch/strncmp.c
fn=(376) strncmp
67 1 0 0 1 0 0 1
-24 1 1
+1 4 1
+23 2 1
-22 3 1 0 1 0 0 1
+4 4 1 0 1 0 0 1
+3 3 1
+3 4

fl=(199) ./misc/./misc/init-misc.c
fn=(668) __init_misc
30 1 0 0 1 0 0 1
+1 5 1
-1 1 0 1
+3 1
-3 3 0 1
+3 3 0 2 1 0 0 1
cob=(4)
cfi=(191)
cfn=(670)
calls=1 -33 
* 24 3 0 3 2 0 3
+4 1 1
+1 1 1
-1 5 1 1 0 0 1
+1 3 2 1
+2 2 2

fl=(194)
fn=(1234) _int_malloc
3790 104 0 78 1 0 0 1
+32 26
1288 78
3831 26
+16 26 0 0 1 0 0 1
+54 25
+18 13
-1 13
+12 26 13 0 0 3
-11 26
-1 39 13 13 1 0 0 1
+12 26
-80 8 0 0 1 0 0 1
+2 8 8 0 0 4
-2 8
+2 16
4340 117 91 0 1 0 0 1
3901 31 0 0 2 0 0 2
-52 48
4124 13 0 0 1 0 0 1
-2 26 0 0 1 0 0 1
+2 10
+3 5 5 0 0 3
-3 5
+3 10
+68 13 0 0 1 0 0 1
+1 13
+1 13
-1 13 0 0 1 0 0 1
+1 13
+1 26 13 0 0 2
+1 39
+5 52
+4 39 0 0 1 0 0 1
+3 48 12 0 1 0 0 1
-3 36
+3 32 8
-3 24
+3 20 5
-3 10
4308 26 13 13 1 0 0 1
+1 39 13 13 0 2
+2 26 13
+3 52 0 13
+5 12 0 0 1 0 0 1
-2 12 12
+2 24
-2 12
+7 12
-8 12
+3 12
+2 12
-3 12 0 12
+1 48 0 12
+2 12 0 12 0 0 12 0 0 12
1888 36 12 0 0 2
2324 1 1 0 1 0 0 1
+12 1 1 0 0 1
-12 2 1 1
+12 1
4336 3 0 1 1 0 0 1
cfn=(1242) alloc_perturb
calls=1 1887 
* 5 2 0 1 0 0 1
* 1
2325 1 0 0 1 0 0 1
+36 4 2
+1 1
-1 1 0 1
+1 1 0 1
+9 4 0 0 1 0 0 1
+9 4 0 0 1 0 0 1
2698 3 2 0 1 0 0 1
+1 1 0 1
+4 1 1 0 1 0 0 1
+1 2 1
+3 2 1
+5 2
-2 1
+2 1
-3 1
+2 1 0 1
+4 1
-3 1
+1 1
-1 3 0 1
+1 1 0 1 1 0 1 1 0 1
4335 1
2441 2 1 0 1 0 0 1
+8 2 1
+1 1 1
+10 2 1
+7 4 1 0 1 0 0 1
+8 2
+57 4 1 0 2 0 0 2
+40 1
-12 1
+12 2
+19 1 1 0 1 0 0 1
+4 1 1
-1 2
+1 6
+2 2
+1 4 0 3
cfi=(225) ./malloc/./malloc/morecore.c
cfn=(1236) __glibc_morecore
calls=1 25 
* 26 8 3
+12 3 2 0 1 0 0 1
-12 1
+12 1
1912 2 1
2650 1 0 0 1 0 0 1
+3 1
-1 1 0 1
+1 4 0 1 0 0 1 0 0 1
+12 1 1 0 1 0 0 1
-11 1 0 1
+11 2
2477 4 0 3 1 0 0 1
cfi=(225)
cfn=(1236)
calls=1 25 
* 62 16 9 7 3 0 7 1
+1 3 2
-1 1 0 0 1 0 0 1
+1 1
1912 2 1
2480 1 0 0 1 0 0 1
+3 2
+38 3 1
+2 2 1
+6 1
-6 1 0 1
+6 3 1 0 1 0 0 1
-7 2 0 1 1 0 0 1
1921 2 1

fn=(3272) unlink_chunk.isra.0
1592 1 0 1 1 0 0 1
+2 3 1
-2 1
+2 2 1 0 1 0 0 1
+3 1 1
+3 2 1
-2 1 1
+2 2 1
+3 1 0 1
+1 1 0 1
+1 5 1
+24 2 2 0 1 0 0 1

fn=(2456)
3319 13 0 0 1 0 0 1
+3 26
+15 26
-4 39 13 0 1 3 0 1
+8 39 13 0 0 1
+6 33 22 0 0 2
+6 11 11 0 0 2
-3 22
+3 11 11 0 0 2
-3 11
+1 22
+2 33 11 0 1 3 0 1 1
3007 10
+8 10
-12 10 0 10
+4 30 10 10 0 4
+1 10 0 10
+7 10 0 10
3354 10 10
+10 3 0 0 1 0 0 1
-34 2
+40 4
fi=(193) ./malloc/./malloc/arena.c
151 6
fe=(194)
3374 6
cfn=(3262) _int_free_chunk
calls=2 4351 
* 245 81 48 16 7 2 16
-9 1 0 0 1 0 0 1
cfn=(2458) tcache_free_init
calls=1 -53 
* 312 41 133 4 1 12 4 0 12

fn=(2457) free'2
3319 1
+3 2
+15 2
-4 3 1
+8 3 1
+6 3 2
+6 1 1
-3 2
+3 1 1
-3 1
+1 2
+2 3 1
3007 1
+8 1
-12 1 0 1
+4 3 1 1
+1 1 0 1
+7 1 0 1
3354 1 1

fn=(3262)
4351 8 0 4 1 0 0 1
+8 2 2 0 0 1
-3 2 2
+3 2 2
-3 4
+6 4 2
+6 2 0 2
cfn=(3264) _int_free_merge_chunk
calls=2 +39 
* 211 65 40 15 6 2 15
+5 4 2 2
+27 6 6

fn=(2458)
3312 1 0 1 1 0 0 1
2941 1 1
3312 2 0 1
2941 1
3312 2 0 1
2941 1 0 1
3210 2 1
+8 2 0 1 1 0 0 1
cfn=(1232) __libc_malloc2
calls=1 +29 
* 138 24 17 0 1 1 0 0 1
* 3 1 1
+2 2
fi=(241) ./malloc/../string/bits/string_fortified.h
59 104 0 96 1 0 11 1 0 11
fe=(194)
3228 2 1
+1 13 1 10 1 0 0 1
+85 1
+1 3 3
-1 1
cfn=(2457)
calls=1 +5 
* 33 9 4

fn=(1230)
3283 14 0 0 1 0 0 1
1269 28
+19 14
3287 14 14 0 0 4 0 0 1
1288 42
3287 28
+2 33
+2 22 0 0 1 0 0 1
+2 66 33 0 0 7 0 0 2
3030 4
+4 8 2 2 0 1
+4 2 0 2 0 0 1
+1 2 0 2
3294 2 2
+12 12 0 0 1 0 0 1
cfn=(1232)
calls=12 -59 
* 1868 340 232 47 21 13 47 1 13

fn=(1232)
3247 78 0 39 1 0 0 1
+4 26 13 0 0 2
+28 65 52
-26 39 0 13 1 0 0 1
cfn=(1234)
calls=13 3790 
* 1707 286 197 44 20 14 44 1 14
+1 65 13 0 1 0 0 1
fi=(193)
151 26
fe=(194)

fn=(3264)
4407 16 0 12 1 0 1 1
+7 10 2 0 1 1 0 1
-6 2
+9 6 2
+5 6 2 0 0 1
+4 4
-1 4
+1 4 2 0 0 1
1895 6 2 0 1 1 0 1
4433 4 2
+2 1 1
+2 1
+1 4 1
+2 1
-4 1
+4 1 0 1
cfn=(3272)
calls=1 1592 
* 22 9 3 3 0 0 3
+18 4 2
+6 2 1 0 1 0 0 1
+4 1 0 1
+4 2
+9 1 1
-1 1
+2 2 1
+2 3 0 1 0 0 1
+18 1 0 1 1 0 0 1
-1 1 0 1
+2 1 0 1
+1 1 0 1 1 0 0 1
+2 3 0 1
+1 1 0 1
-61 1
-1 2
+1 6 6
-1 1
cfn=(3266) _int_free_maybe_trim
calls=1 +83 
* 24 10 7 3 0 0 3
+1 1
-1 2
+1 6 6
-1 1
cfn=(3266)
calls=1 +83 
* 34 13 7 1 1 0 1
+70 1
+1 3 0 1
+1 2 0 1 1 0 0 1
4417 10 2 0 1 1 0 1

fn=(3266)
4528 22 2 14 1 0 0 1
+3 4 0 0 1 0 0 1
+2 4
+3 6 3 0 1 1 0 1
+14 22 18 0 1 0 0 1

fn=(1242)
1887 1 0 0 1 0 0 1
+1 3 1
+2 1 1

fl=(109) ./string/../sysdeps/x86_64/multiarch/strrchr.c
fn=(360) rindex
28 1
fi=(88) ./string/../sysdeps/x86_64/multiarch/ifunc-avx2.h
+10 3 2 0 1 0 0 1
+2 4
+1 2 1
+1 3 1
+4 4
+3 3 0 0 1 0 0 1
+3 5 1
fe=(109)

fl=(102) ./string/../sysdeps/x86_64/multiarch/memcpy.c
fn=(346) memcpy@@GLIBC_2.14
29 2 0 0 1 0 0 1
fi=(103)
+27 6 4
+1 4
+3 6 2
+14 4 0 0 1 0 0 1
+3 4 0 0 1 0 0 1
+8 4
+8 4
+3 10 2 0 1 0 0 1
fe=(102)

fl=(130) ./wcsmbs/../sysdeps/x86_64/multiarch/wcscat.c
fn=(416) wcscat
31 1 0 0 1 0 0 1
fi=(101) ./wcsmbs/../sysdeps/x86_64/multiarch/ifunc-wcs.h
+8 2 1
+1 4 1 0 1 0 0 1
+1 3 1
+4 2
+3 4
fe=(130)
-17 2 1

fl=(119) ./wcsmbs/../sysdeps/x86_64/multiarch/wcscpy.c
fn=(386) wcscpy
60 1 0 0 1 0 0 1
-18 2 2
+1 4
+1 3 1 0 1 0 0 1
+3 3
+3 3
+10 1 1

fl=(195) ???
fn=(634) __popcountdi2
0 21 1 0 2 0 0 2

fl=(213)
fn=(866)
30 2 0 0 1 0 0 1
+1 6 4 0 1 0 0 1
+2 4
+3 2
-1 2
+2 2 0 2
+28 6 4 2 0 2
+1 6 4 2
+1 6 4 2 1 0 0 1
+3 6
+1 2 2

fl=(89) ./string/../sysdeps/x86_64/multiarch/strpbrk.c
fn=(314) strpbrk
29 1 0 0 1 0 0 1
fi=(261)
+7 5 2
fe=(89)
-7 1 1

fl=(138) ./string/../sysdeps/x86_64/multiarch/memchr.c
fn=(444) memchr
29 1 0 0 1 0 0 1
fi=(139) ./string/../sysdeps/x86_64/multiarch/ifunc-evex.h
+8 3 2
+1 4
+1 3 1 0 1 0 0 1
+4 2
+8 3
+3 4
fe=(138)
-25 1 1

fl=(193)
fn=(630) __ptmalloc_init
251 2 0 1 1 0 0 1
fi=(262) ./malloc/../sysdeps/unix/sysv/linux/not-cancel.h
96 3
fe=(193)
251 4 0 2
fi=(262)
96 4 1 1 1 0 0 1
fi=(194)
2960 2
+14 1 0 0 1 0 0 1
+2 2
-1 1 0 1
cfi=(195)
cfn=(634)
calls=1 0 
* 21 1 0 2 0 0 2
+1 3
fe=(193)
275 2 1
+13 4 1 1 1 1 0 1
fi=(194)
1853 4
+3 1
-3 1
+3 2 0 1 0 0 1 0 0 1
-3 2
+3 126
-3 126
+3 252 0 126 0 0 32 0 0 31
-3 252
+11 1
fe=(193)
292 3 0 0 1 0 0 1
fi=(194)
1864 1 0 1
fe=(193)
292 1 0 1
cob=(4)
cfi=(191)
cfn=(626)
calls=1 0 
* 19 5 1 0 2 0 0 1
+1 4 0 1
cob=(4)
cfi=(191)
cfn=(626)
calls=1 0 
* 20 5 1 0 2 0 0 1
+1 4 0 1 1 0 0 1
cob=(4)
cfi=(191)
cfn=(626)
calls=1 0 
* 19 5 1 0 1
+1 4 0 1
cob=(4)
cfi=(191)
cfn=(626)
calls=1 0 
* 19 5 1 0 2 0 0 1
+1 4 0 1
cob=(4)
cfi=(191)
cfn=(626)
calls=1 0 
* 20 5 1 0 2 0 0 1
+1 4 0 1 1 0 0 1
cob=(4)
cfi=(191)
cfn=(626)
calls=1 0 
* 19 5 1 0 2 0 0 1
+1 4 0 1
cob=(4)
cfi=(191)
cfn=(626)
calls=1 0 
* 19 5 1 0 2 0 0 1
+2 4 0 1
cob=(4)
cfi=(191)
cfn=(626)
calls=1 0 
* 19 5 1 0 2 0 0 2
+1 4 0 1
cob=(4)
cfi=(191)
cfn=(626)
calls=1 0 
* 19 5 1 0 2 0 0 2
+1 4 0 1 1 0 0 1
cob=(4)
cfi=(191)
cfn=(626)
calls=1 0 
* 19 5 1 0 2 0 0 2
+3 4 0 1
cob=(4)
cfi=(191)
cfn=(626)
calls=1 0 
* 19 5 1 0 2 0 0 2
+2 4 1 0 0 1 0 0 1
+10 8 6
fi=(194)
2974 2 1 0 1 1 0 1 1
fe=(193)

fl=(249)
fn=(3326)
45 8 0 4 1 0 0 1
+3 8
-3 32 0 20
+3 20 0 4 1 0 0 1
+3 16 4
+4 60 4 0 1 0 0 1
+1 40 20 0 0 1
+2 4 4
+2 4 4
+36 4
-5 4 0 4
-33 4 0 4
+35 12 8 0 1 0 0 1
+3 12 4 4
+1 12 0 4
cob=(7)
cfi=(205)
cfn=(3364)
calls=1 -97 
* 7729 2704 1320 49 138 5 48 26 3
cob=(7)
cfi=(205)
cfn=(3360)
calls=1 -97 
* 5 2 0 1 1 0 1 1
cob=(7)
cfi=(205)
cfn=(3358)
calls=1 -97 
* 8 2 1 1 0 0 1
cob=(7)
cfi=(205)
cfn=(3350)
calls=1 -97 
* 749 254 135 3 17 1 3
+1 16 0 4
+4 12 8
-47 13
-4 12 4 0 1 0 0 1
+57 16 4 0 0 1
+4 24 4 0 1 1 0 1
-4 12 4
+12 8 0 4 1 0 0 1
cfi=(250) ./posix/./posix/register-atfork.c
cfn=(3328) __unregister_atfork
calls=4 -38 
* 72 16 12 2 1 1 2 1 1
+1 16 4 4
+1 32 28

fl=(93) ./string/../sysdeps/x86_64/multiarch/memset.c
fn=(322) memset
29 4 0 0 1 0 0 1
fi=(94) ./string/../sysdeps/x86_64/multiarch/ifunc-memset.h
+32 20 8 0 0 1
+3 12 4 0 1 2 0 1
+16 8
+4 16
+8 8
fe=(93)
-63 4 4 0 1 0 0 1
fi=(94)
+71 8 0 0 1 0 0 1
-48 4
+1 8 0 0 1 0 0 1
fe=(93)

fl=(220)
fn=(902)
73 50 0 0 1 0 0 1
+7 50
+1 50
+3 1 1
+1 1 1
+1 1
+4 1
+1 1 0 0 1 0 0 1
+2 1
+1 1
+3 1 1
+1 1 1
+1 1
+3 1
+1 1
+3 1
+1 1
+3 1 1
+1 1 1
+1 1
+1 1
+1 1 0 0 1 0 0 1
+1 1 1
+1 1 1
+1 1
+1 1
+1 1
+3 1
+1 1
+6 1 1
+1 1 1
+1 1
+1 1
+4 1 1 0 1 0 0 1
+1 1 1
+2 1 1
+1 1 1
+1 1 1
+1 1 1
+3 1
+1 1
+1 1
+1 1
+1 1
+1 1
+2 2 1
+4 39 0 0 1 0 0 1
+10 39 39
+1 39 39
+1 39
+3 78 39
401 49 0 0 1 0 0 1
+1 49
+5 49
+1 49
+1 49
+1 49
+1 49
+3 49 49
+1 49 49
+1 49
+1 49
+3 49
+1 49
+1 10
+1 20 10

fl=(236) ./nptl/./nptl/cancellation.c
fn=(1484) __syscall_cancel
74 15 0 3 1 0 0 1
-37 6 6 0 0 1
+1 6 3 0 0 1
+2 9 3 0 1 0 0 1
+39 6
+1 9 6

fl=(225)
fn=(1236)
25 2 0 0 1 0 0 1
+1 4 2 0 0 1
-1 4 0 2 1 0 0 1
+4 2 0 2
cfi=(226) ./misc/./misc/sbrk.c
cfn=(1238) sbrk
calls=2 +8 
* 68 18 8 5 2 0 5 1
+1 4
+4 4 4

fl=(237)
fn=(1582)
249 5 0 0 1 0 0 1
+1 5
+1 25
+4 5 0 0 1 0 0 1
+1 5
+6 5
+1 5
+2 5 5 0 0 4
+1 5
+1 5
375 1 1 0 1 0 0 1
+1 1 1
+1 1 0 1 0 0 1 0 0 1
+1 1 0 1
+1 1 0 1 0 0 1 0 0 1
+1 1 0 1
+1 2 1
+5 5 5 0 1 3 0 1
+1 5
+5 2
+1 2
+2 2 2
+1 2
+1 2
+2 1 1
+1 1 1
+1 1 1
+1 1 1
+1 1 1
+1 1 1 0 1 0 0 1
+1 1 0 1 0 0 1 0 0 1
+1 1 0 1
+1 1 0 1 0 0 1 0 0 1
+1 1 0 1
+1 1 0 1 0 0 1 0 0 1
+1 1 0 1 0 0 1 0 0 1
+1 1 0 1
+1 1 0 1
+1 2 1
563 3 3 0 1 0 0 1
+7 3
+1 3
+30 3 0 0 1 0 0 1
+1 3
+4 3
+2 3
+3 3
+4 3 3 0 0 3
+1 3
+4 3 3
+4 3
+24 3
+2 3
+2 3
+2 3 0 0 1 0 0 1
+3 3
+1 3
+2 1662315 1662312 1662312 0 25973 25974 0 0 796
+3 3 0 3 0 0 3
+2 3 0 3 0 0 2
+2 6 3 0 0 3

fn=(1586)
255 26
+1 26
+6 26
+1 26
+2 26 26 0 0 10 0 0 1
+1 26
+1 26
375 5 5
+1 5 5
+1 5 0 5 0 0 2 0 0 2
+1 5 0 5 0 0 1 0 0 1
+1 5 0 5 0 0 2 0 0 2
+1 5 0 5
+1 10 5
+5 26 26 0 0 6
+1 26
+5 18
+1 18
+2 9 9 0 0 1
+1 9
+1 9
+2 4 4
+1 4 4 0 0 1
+1 4 4 0 0 1
+1 4 4 0 0 1
+1 4 4
+1 4 4
+1 4 0 4 0 0 2 0 0 2
+1 4 0 4
+1 4 0 4 0 0 3 0 0 2
+1 4 0 4
+1 4 0 4 0 0 2 0 0 1
+1 4 0 4 0 0 1 0 0 1
+1 4 0 4 0 0 2 0 0 1
+1 4 0 4
+1 8 4
+4 9
+1 9
+4 9
+2 9 0 0 1 0 0 1
+4 9 9 0 0 2
+1 9
+11 9
+3 9
+2 9
+2 9
+4 9
+1 9
+9 9 9 0 0 3
+1 9 9 0 0 1
+2 9
+2 9
+1 9 9 0 1 3 0 1
+1 9 9 0 0 1
+3 9
+2 9
+2 9
+2 18
+6 9 9 0 0 1
+1 9 9 0 0 3
+1 9 9 0 0 1
+1 9 9 0 0 3
+1 9
+1 9 0 9 0 0 3 0 0 3
+1 9 0 9 0 0 2 0 0 2
+1 9 0 9 1 0 2 1 0 2
+1 9 0 9 0 0 2 0 0 2
+1 9
+1 9
+1 9
-11 107 107 0 0 7
+1 107 107 0 0 78
+1 107 107 0 0 6
+1 107 107 0 0 76
+1 107
+1 107 0 107 0 0 8 0 0 8
+1 107 0 107 0 0 8 0 0 8
+1 107 0 107 0 0 8 0 0 8
+1 107 0 107 0 0 8 0 0 8
+1 107
+1 107
+1 107
+2 9 0 9 0 0 2 0 0 2
+1 9 0 9 0 0 2 0 0 2
+1 9 0 9
+1 9 0 9
+2 9 0 9
+4 18 9
+58 8 8 0 0 3
+7 8
+1 8
+6 3
+3 3
+2 3
+3 3
+1 3
+2 3
+2 1250995 1250992 1250992 0 19547 19547 0 301 13020
+2 3 0 3 0 0 3 0 0 2
+2 3 0 3
+2 6 3 0 0 3
+5 8
+1 8
+4 8
+2 8
+3 8
+4 8 8 0 0 6
+1 8
+4 8 8
+4 8
+24 5
+2 5
+2 5
+2 5
+3 5
+1 5
+2 404661 404656 404656 0 6319 5743
+3 5 0 5 0 0 4
+2 5 0 5 0 0 1
+2 10 5 0 0 4

fl=(132) ./string/../sysdeps/x86_64/multiarch/strncpy.c
fn=(424) strncpy
29 1 0 0 1 0 0 1
fi=(112) ./string/../sysdeps/x86_64/multiarch/ifunc-strncpy.h
+6 5 2
+1 3 1
+4 4
+3 3
+3 5 1 0 1 0 0 1
fe=(132)

fl=(133) ./wcsmbs/../sysdeps/x86_64/multiarch/wmemcmp.c
fn=(428) wmemcmp
29 1 0 0 1 0 0 1
fi=(134) ./wcsmbs/../sysdeps/x86_64/multiarch/ifunc-memcmp.h
+5 7 2
fe=(133)
-5 2 1
fi=(134)
+6 2 1 0 1 0 0 1
+2 3 1
+4 2
+3 3
+3 5
fe=(133)

fl=(96) ./debug/../sysdeps/x86_64/multiarch/mempcpy_chk.c
fn=(330) __mempcpy_chk
29 1 0 0 1 0 0 1
fi=(97) ./debug/../sysdeps/x86_64/multiarch/ifunc-memmove.h
+27 3 2 0 1 0 0 1
+1 2
+3 3 1
+14 2 0 0 1 0 0 1
+3 2 0 0 1 0 0 1
+8 2
+8 2
+3 5 1
fe=(96)

fl=(124) ./string/../sysdeps/x86_64/multiarch/memcmp.c
fn=(400) bcmp
29 2 0 0 1 0 0 1
fi=(125) ./string/../sysdeps/x86_64/multiarch/ifunc-memcmp.h
+5 14 4
fe=(124)
-5 4 2
fi=(125)
+6 4 2 0 1 0 0 1
+2 6 2
+4 4
+3 6
+3 10
fe=(124)

fl=(250)
fn=(3328)
82 12 0 4 1 0 0 1
+1 8
-1 8
+1 8 0 4 0 0 1 0 0 1
fi=(251) ./posix/../malloc/dynarray-skeleton.c
243 4 4 0 0 1 0 0 1
fe=(250)
71 8
+38 16 4 4 1 0 0 1
+1 8 8

fl=(187) ./ctype/./ctype/ctype-info.c
fn=(618) __ctype_init
37 1 0 0 1 0 0 1
+2 7 5 1 1 4 0 1
+2 4 2 1 0 2
+2 1 1
-1 1 1
+1 1
-1 1 0 1
+2 1 1

fl=(227) ./misc/../sysdeps/unix/sysv/linux/brk.c
fn=(1240) brk
36 2 0 0 1 0 0 1
fi=(263) ./misc/../sysdeps/unix/sysv/linux/brk_call.h
-12 4
fe=(227)
+13 4 2 2
+1 4
+6 2
+1 2 2

fl=(228)
fn=(1366)
242 13 0 7 1 0 0 1
+69 2
+1 4 0 1 1 0 0 1
cfi=(221)
cfn=(1168)
calls=1 67 
* 73 13 15 0 0 1 0 0 1
+25 6 2 1
+6 2 2
-3 2
+10 2 1 1
cob=(4)
cfi=(191)
cfn=(1390)
calls=1 0 
* 7 3 0 2 2 0 2
+2 2
+8 4 1 1
cfi=(229) ./csu/../sysdeps/nptl/libc_start_call_main.h
cfn=(1394) (below main)
calls=1 30 
* 204397514 41521889 29949920 823 3498324 639162 779 39455 323224
128 2 2 0 1 1 0 1
+6 3 1 0 0 1
+1 6 2 2 1 1 0 1
cob=(4)
cfi=(191)
cfn=(1368)
calls=1 0 
* 7 2 0 1 0 0 1
* 1 1
+3 1 1 0 0 1
+1 2
+3 3 2 0 0 1
+2 2
-1 9 3 1
+2 4 1 2
cob=(4)
cfi=(191)
cfn=(1378)
calls=1 0 
* 1285 362 237 9 12 16 8 0 16
* 4 1 2 1 1 0 1
cob=(4)
cfi=(191)
cfn=(1372)
calls=1 0 
* 11 1 0 3 0 0 3
-1 7 2

fl=(234)
fn=(1480)
22 2 0 0 1 0 0 1
+1 4
+3 2
cfi=(235) ./io/../sysdeps/unix/sysv/linux/read.c
cfn=(1482) read
calls=2 -1 
* 58 16 8 3 0 0 3

fl=(131) ./string/../sysdeps/x86_64/multiarch/strlen.c
fn=(420) strlen
29 1 0 0 1 0 0 1
fi=(88)
+9 3 2
+2 4
+1 2 1
+1 3 1
+4 4 0 0 1 0 0 1
+3 3
+3 5 1
fe=(131)

fl=(232)
fn=(1400)
28 1
+2 2
-1 1 0 1
+5 2 1

fl=(209)
fn=(770)
136 14 0 0 1 0 0 1
+3 14 14 0 0 1 0 0 1
+1 28
+4 26 13
-8 2 0 1 1 0 0 1
+7 1 0 1
cfn=(772) __pthread_once_slow.isra.0
calls=1 -76 
* 1973 624 314 18 20 2 18 7
+1 3 2

fn=(772)
67 9 1 4 1 0 0 1
+9 1 1 0 1 0 0 1
+4 2
+52 8 6
-44 2 1 0 0 1 0 0 1
+4 2 0 1
+9 2
+13 14 0 9 2 0 0 2
cfi=(210)
cfn=(774)
calls=1 -89 
* 7 2 4 2 1 0 2
+2 2 1 1
cob=(7)
cfi=(205)
cfn=(776)
calls=1 0 
* 1905 609 292 12 18 2 12 6
+2 3 0 1
cfi=(210)
cfn=(792)
calls=1 -78 
* 6 2 1
fi=(212) ./nptl/../sysdeps/nptl/futex-internal.h
+71 4
fe=(209)
-65 2 1 1
fi=(212)
+65 4
fe=(209)

fl=(219)
fn=(898)
52 76 0 0 1 0 0 1
+13 76
+1 76
+1 76
+3 76
+2 76
+1 76
+3 76 76 0 0 7 0 0 7
+1 76
+8 76
+1 76
+1 76
+5 152 76

fl=(221)
fn=(1168)
67 56 0 32 2 0 0 2
-26 16
+2 64 0 8 0 0 1
+1 16 0 8
cfn=(1170) __new_exitfn
calls=8 +36 
* 261 48 33 4 2 0 4 1
+2 16
+6 8 8 0 1 0 0 1
+5 8
-3 8 0 8 0 0 4 0 0 3
+1 8 0 8
-3 8
+4 8 0 8
-4 8
+1 8 0 8
+4 32 8 8
+1 8
+11 48 40

fn=(1170)
80 8 0 0 1 0 0 1
+6 16 8 0 0 1 0 0 1
-6 32 0 8
+11 8 8 0 0 1
-10 8
+10 32
+2 16 8
+1 28 7
-1 16 0 0 1 0 0 1
-2 1 1
+10 1 0 1
-10 3
+13 14
+25 7
+1 14 0 7
-1 14
+7 7 0 7
+5 7
-4 7 0 7
+4 14 14
-5 1 0 1
+5 1
-4 1 0 1
+4 2 2
-18 1 0 1 1 0 0 1
-1 1 0 0 1 0 0 1
+12 1

fl=(118) ./string/../sysdeps/x86_64/multiarch/strcspn.c
fn=(384) strcspn
29 1 0 0 1 0 0 1
fi=(261)
+7 5 2 0 1 0 0 1
fe=(118)
-7 1 1

fl=(229)
fn=(1394)
30 6 0 4 1 0 0 1
+15 4 1 2
cfi=(230) ./setjmp/../sysdeps/x86_64/bsd-_setjmp.S
cfn=(1396) _setjmp
calls=1 -17 
* 31 6 9 4 1 0 4
* 1
+2 2
+5 2 1 1 1 1 0 1
+1 2 1 1 0 1
+3 2 0 1
+3 5 5 1 1 0 0 1
cob=(4)
cfi=(191)
cfn=(1402)
calls=1 -59 
* 204385879 41518060 29947970 626 3498055 639141 610 39406 323219
+24 2 0 1 1
cfi=(243) ./stdlib/./stdlib/exit.c
cfn=(3250) exit
calls=1 +64 
* 11578 3815 1930 189 266 21 162 49 5

fl=(85) ./string/../sysdeps/x86/cacheinfo.c
fn=(306) __x86_cacheinfo
86 1 0 0 1 0 0 1
fi=(86) ./string/../sysdeps/x86/cacheinfo.h
-24 1 1
+3 3 1 0 0 1
+2 1
+1 1 0 1 0 0 1 0 0 1
-1 2 0 1 0 0 1 0 0 1
+7 3 1 0 1 0 0 1
+2 1
+1 1 0 1
-1 2 0 1
+5 2 1 1 0 0 1 0 0 1
+3 2 1 1
+2 2 1 1 1 1 0 1
+1 2 1 1
+1 2 1 1
+2 2 1
fe=(85)
-4 2 1

fl=(200)
fn=(672)
53 1 0 0 1 0 0 1
+1 1
+1 1
+2 1
+1 1 0 0 1 0 0 1
+4 1
+1 1
+1 1
+3 1 1 0 0 1
+2 1
+1 1
+1 1
+1 1
+3 1
+1 1
+2 1
+1 1
+1 1
+1 1
+1 1
+9 2 1

fl=(256) ./libio/./libio/genops.c
fn=(3480) _IO_cleanup
882 11 1 6 2 0 0 2
+1 1 0 1
cfn=(3482) _IO_flush_all
calls=1 713 
* 204 75 36 16 6 0 16 2
-73 2 0 1
+73 1
-73 3 0 2
cfi=(257)
cfn=(3484)
calls=1 24 
* 13 4 3
+1 6 3 0 1 0 0 1
fi=(254) ./libio/./libio/libioP.h
1037 2 0 0 1 0 0 1
fe=(256)
832 9 3
+2 6 2
+20 3 0 3 1 0 0 1
+2 36 12 6
+1 3 0 3
-43 9 3
+4 3 0 3 1 0 0 1
+1 27 15 0 1 0 0 1
+8 6 3
+2 9 3 0 1 0 0 1
+32 2 1 0 1 0 0 1
+1 2 0 1
cfi=(257)
cfn=(3486)
calls=1 54 
* 10 5 1
+33 11 8
-76 9 0 6 1 0 0 1
-8 1 0 1 1 0 0 1
+3 1 1
-3 1 0 1
+3 2
+47 6 1 2 1 0 0 1

fn=(3482)
713 5 0 3 1 0 0 1
+5 1
-5 6 1 3
+5 4 0 3
cfi=(257)
cfn=(3484)
calls=1 24 
* 13 4 3 2 0 0 2
+1 6 3 0 1 1 0 1 1
-5 1 0 0 1 0 0 1
fi=(254)
1037 2
fe=(256)
742 39 15 6 2 0 0 2
+1 3 0 3
-21 9 3
+2 3 0 3 1 0 0 1
+1 27 15 0 1 2 0 1
+2 18 9 0 1 2 0 1 1
+7 9 3 0 0 1
+1 12 6
+12 2 1 0 1 0 0 1
+1 2 0 1
cfi=(257)
cfn=(3486)
calls=1 54 
* 10 5 1 2 0 0 2
+4 11 8
-27 9 0 6 1 0 0 1
-6 1 0 1 1 0 0 1
+3 1 1
-8 1
+5 1 0 1
+3 2
+25 6 1 2 1 0 0 1

fl=(135) ./debug/../sysdeps/x86_64/multiarch/memmove_chk.c
fn=(432) __memmove_chk
29 1 0 0 1 0 0 1
fi=(97)
+27 3 2
+1 2
+3 3 1 0 1 0 0 1
+14 2 0 0 1 0 0 1
+3 2
+8 2 0 0 1 0 0 1
+8 2
+3 5 1
fe=(135)

fl=(188) ./resource/../sysdeps/unix/sysv/linux/getrlimit64.c
fn=(620) getrlimit
38 2 0 0 1 0 0 1
+1 7
+1 1 1

fl=(218)
fn=(894)
26 80 0 50 1 0 0 1
+7 10
-7 30 0 10
+3 10 0 10
cob=(4)
cfi=(191)
cfn=(896)
calls=10 -29 
* 160 30 0 2 4 0 2 3
* 10
+3 30 20 10 0 1
+1 10
+7 48
+1 96 48
-8 48
+2 96 0 48
cob=(4)
cfi=(191)
cfn=(896)
calls=48 -35 
* 768 144 0 0 1 0 0 1
* 20 0 10 1 0 0 1
cob=(4)
cfi=(191)
cfn=(896)
calls=10 -35 
* 160 30 0 0 1 0 0 1
* 58
+2 312 0 49
cob=(4)
cfi=(191)
cfn=(900)
calls=49 -37 
* 1146 274 0 4 1 0 4
* 98
+8 20 20 0 0 1
+1 10 10 0 0 2
+1 80 70 0 1 0 0 1

fl=(222)
fn=(1212)
28 1 0 0 1 0 0 1
+1 5 2 0 1 2 0 1
cfi=(223)
cfn=(1214)
calls=1 -4 
* 284 91 9 12 16 0 12 2

fl=(226)
fn=(1238)
37 10 0 2 1 0 0 1
+6 4 2 0 0 1
+35 3 2
-38 4 4 0 1 1 0 1 1
+18 4
+4 4
+4 1
+1 1
-1 3 0 1
+8 1 0 1
cfi=(227)
cfn=(1240)
calls=1 -38 
* 9 2 1
* 3 1
+4 4 2 1 1 0 0 1
-19 2 0 1
cfi=(227)
cfn=(1240)
calls=1 -23 
* 9 2 1 1 0 0 1
* 2
+4 4 3 0 1 0 0 1

fl=(98) ./debug/../sysdeps/x86_64/multiarch/memcpy_chk.c
fn=(334) __memcpy_chk
29 2 0 0 1 0 0 1
fi=(97)
+27 6 4 0 0 1
+1 4
+3 6 2 0 0 1
+14 4 0 0 2 0 0 1
+3 4 0 0 2 0 0 1
+8 4
+8 4
+3 10 2 0 2 0 0 1
fe=(98)

fl=(126) ./wcsmbs/../sysdeps/x86_64/multiarch/wmemset.c
fn=(404) wmemset
31 2 0 0 1 0 0 1
fi=(127) ./wcsmbs/../sysdeps/x86_64/multiarch/ifunc-wmemset.h
+5 10 4
+1 6 2
+3 4
+8 6
+3 8 0 0 1 0 0 1
fe=(126)
-20 2 2

fl=(143) ./string/../sysdeps/x86_64/multiarch/strncase.c
fn=(458) strncasecmp
31 1 0 0 1 0 0 1
fi=(116) ./string/../sysdeps/x86_64/multiarch/ifunc-strcasecmp.h
+5 1 1
+1 4 1
fe=(143)
-6 2 1
fi=(116)
+7 3 1 0 1 0 0 1
+4 4 1
+3 3 1
+3 4
fe=(143)

fl=(186) ./elf/./elf/libc_early_init.c
fn=(616) __libc_early_init
34 8 1 3 1 0 0 1
+2 1 0 1 1 0 0 1
cfi=(187)
cfn=(618)
calls=1 +1 
* 17 10 3 2 6 0 2
+3 1 1
fi=(189) ./elf/../sysdeps/nptl/pthread_early_init.h
-6 2
fe=(186)
+6 1 0 1 0 0 1 0 0 1
+3 2 0 2 0 0 1 0 0 1
fi=(189)
-9 1 0 1
cfi=(188)
cfn=(620)
calls=1 +5 
* 10 1 0 1 0 0 1
* 3
+1 1 1
+4 5 0 0 1 0 0 1
+7 1 1 0 0 1
fi=(264) ./elf/../nptl/nptl-stack.h
+16 3 2
fi=(189)
-16 1 1
fi=(264)
+16 2
fi=(189)
-7 1 0 1 0 0 1 0 0 1
fi=(264)
+7 2
fi=(189)
-9 1
-6 1
+2 2 0 0 1 0 0 1
+4 4 0 1
+1 1 0 1 0 0 1 0 0 1
+3 1 0 1
cfi=(190) ./nptl/./nptl/pthread_mutex_conf.c
cfn=(624) __pthread_tunables_init
calls=1 -1 
* 84 21 9 3 7 0 3 6
fe=(186)
-9 2 0 1
cfi=(192) ./stdlib/../sysdeps/unix/sysv/linux/getrandom.c
cfn=(628) __getrandom_early_init
calls=1 238 
* 18 7 2 2 1 0 2
+3 3 2
+1 2 2
-1 1 0 0 1 0 0 1
cfi=(193)
cfn=(630)
calls=1 251 
* 1086 67 156 11 24 33 11 16 32

fl=(253) ./libio/./libio/fileops.c
fn=(3386) _IO_file_sync@@GLIBC_2.2.5
827 60 0 20 1 0 0 1
+5 40 20 0 0 1 0 0 1
+2 20 20 0 1 0 0 1
+1 20 10
+5 20
+11 20 0 10 1 0 0 1
+4 30 30

fl=(242)
fn=(3242)
25 2 0 1 1 0 0 1
+1 4
-1 1
+1 3 0 2
cfi=(236)
cfn=(1484)
calls=1 +48 
* 17 6 1 0 2
+1 2 2

fl=(223)
fn=(1214)
25 80 0 48 1 0 0 1
+4 8 8 0 0 1
+13 16 16
+1 32 8 0 0 2 0 0 2
+3 16 0 8 1 0 0 1
cob=(4)
cfi=(191)
cfn=(896)
calls=8 -46 
* 128 24 0 0 2 0 0 2
* 8
+1 176
+2 168 168 0 0 2
+1 336
-1 8 8 0 0 1
+1 16
+5 504 336 0 0 9
+1 56 0 14 1 0 0 1
cob=(4)
cfi=(191)
cfn=(1216)
calls=14 -56 
* 397 84 0 8 1 0 8
* 28
+13 24 8
+85 8
44 8
154 56 56 0 1 0 0 1

fl=(235)
fn=(1482)
25 4 0 2 1 0 0 1
+1 8
-1 2
+1 6 0 4
cfi=(236)
cfn=(1484)
calls=2 +48 
* 34 12 2 2 0 0 2
+1 4 4

fl=(217) ./iconv/./iconv/gconv_simple.c
fn=(882) __gconv_btwoc_ascii
49 128 0 0 1 0 0 1
+2 512
+3 128 128

fl=(246) ./nptl/./nptl/pthread_mutex_lock.c
fn=(3298) pthread_mutex_lock@@GLIBC_2.2.5
71 1 0 0 1 0 0 1
+3 1 1
+2 1
+2 3
-7 3 0 1
+10 1 1 0 0 1
+2 2 0 0 1 0 0 1
+75 1 0 1
+2 1 0 1
+3 1
-59 1
+62 2 2
-76 2 0 0 1 0 0 1
+5 2 1
-51 1 1 0 1 0 0 1
+1 7 2
+1 3 0 1 1 0 0 1
+64 3 1
+1 2 0 1

fl=(87) ./string/../sysdeps/x86_64/multiarch/strnlen.c
fn=(310) strnlen
31 2 0 0 1 0 0 1
fi=(88)
+7 6 4
+2 8
+1 4 2 0 0 1
+1 6 2
+4 8 0 0 1 0 0 1
+3 6
+3 10 2
fe=(87)

fl=(120) ./string/../sysdeps/x86_64/multiarch/strcat.c
fn=(388) strcat
29 1 0 0 1 0 0 1
fi=(121) ./string/../sysdeps/x86_64/multiarch/ifunc-strcpy.h
+9 2 2
+1 1 1
-1 2
+1 2
+4 4
+3 3 0 0 1 0 0 1
+3 3
fe=(120)
-20 1 1

fl=(208)
fn=(746)
198 57 0 0 1 0 0 1
+1 114
+5 57
+1 57
+1 57
+1 57
+1 57
+21 57 57 0 1 27 0 1
+1 57
+6 24 0 24 0 0 14 0 0 14
+1 24 0 24 0 0 11 0 0 11
+12 24
+3 24
+1 24
+12 24 0 24 0 0 10 0 0 10
+1 24 0 24 0 0 11 0 0 11
+13 24
+1 24
+2 24
+3 17
+3 17
+3 17 0 17 1 0 2 1 0 2
+1 17 0 17 0 0 8 0 0 8
+1 17 0 17 0 0 6 0 0 6
+1 17 0 17 0 0 8 0 0 8
+1 17
+1 17
+1 17
-6 56 0 56 0 0 18 0 0 18
+1 56 0 56 0 0 25 0 0 25
+1 56 0 56 0 0 18 0 0 18
+1 56 0 56 0 0 24 0 0 24
+1 56
+1 56
+1 73
+3 17 0 17 0 0 2 0 0 2
+1 17 0 17 0 0 4 0 0 4
+1 17 0 17 0 0 5 0 0 5
+1 17 0 17 0 0 1 0 0 1
+3 34 17
-6 7 0 7 1 0 1 0 0 1
+1 7 0 7 0 0 3 0 0 3
+1 7 0 7 0 0 3 0 0 3
+1 7 0 7 0 0 2 0 0 2
+3 14 7
+15 33 33 0 0 25
+1 33
+1 31
+1 31
+1 31
+1 2884479 0 2884448 0 0 44876 0 0 16417
+5 31
+2 62 31 0 0 11
437 2 0 2 1 0 0 1
+1 2
+2 2
+1 2
+3 2 0 2
+1 2 0 2 0 0 2 0 0 1
+1 2 0 2
+1 2 0 2 0 0 2 0 0 1
+1 2
+1 2
+1 2
-6 35690 0 35690
+1 35690 0 35690 0 0 35690 0 0 34228
+1 35690 0 35690
+1 35690 0 35690 0 0 35690 0 0 34229
+1 35690
+1 35690
+1 35690
+1 2
+1 2 0 2
+1 2 0 2
+1 2 0 2 0 0 2 0 0 2
+1 2 0 2 1 0 0 1
+1 4 2 0 0 2

fn=(1496)
192 12 0 0 1 0 0 1
+1 12
+1 60
+4 12
+1 24
+5 12
+1 12
+1 12
+1 12
+1 12
+13 1 0 1
+1 1 0 1 0 0 1 0 0 1
+2 2 1
+5 12 12 0 0 12
+1 12
+6 1 0 1 0 0 1 0 0 1
+1 1 0 1
+12 1
+3 1
+1 1
+68 11 11 0 1 11 0 1
+1 11
+1 11
+1 11
+1 11
+1 2381467 0 2381456 0 0 37207 0 0 34282
+5 11
+2 22 11 0 0 8

fl=(99) ./string/../sysdeps/x86_64/multiarch/memrchr.c
fn=(338) memrchr
29 1 0 0 1 0 0 1
fi=(88)
+9 3 2
+2 4 0 0 1 0 0 1
+1 2 1
+1 3 1
+4 4
+3 3
+3 5 1
fe=(99)

fl=(128) ./string/../sysdeps/x86_64/multiarch/strcpy.c
fn=(408) strcpy
29 1 0 0 1 0 0 1
fi=(121)
+9 2 2 0 1 0 0 1
+1 1 1
-1 2
+1 2
+4 4
+3 3
+3 3
fe=(128)
-20 1 1

fl=(201) ./libio/./libio/vtables.c
fn=(674) check_stdfiles_vtables
545 1 0 0 1 0 0 1
+1 4 2 0 0 2
+1 3 2 0 1 1 0 1
+1 3 2 0 0 1
+2 1 1

fl=(211)
fn=(790)
43 13 1 7 2 0 0 2
+12 2
277 12 9 0 1 0 0 1
63 2 0 0 1 0 0 1
+3 1
-10 1
+10 2
+7 2 1
+2 1 0 0 1 0 0 1
-2 2 1

fl=(215)
fn=(878)
32 1280 0 512 1 0 0 1
+5 2304 256 256
+5 512 0 0 1 0 0 1
+4 384 384 0 0 1
fi=(265) ./wcsmbs/./wcsmbsload.h
+23 128 128 0 0 1
+1 384 128 0 0 1
fe=(215)
-23 256 256 0 0 2
+1 256 128 0 0 1
+4 512 128 0 1 0 0 1
+3 640 0 512
cfi=(216) ./elf/./elf/libc-dl-profstub.c
cfn=(880) _dl_mcount_wrapper_check
calls=128 -15 
* 640 384 0 1 0 0 1
* 896 768
+39 256 256
-39 128
cfi=(217)
cfn=(882)
calls=128 -6 
* 768 128 0 1 0 0 1
+39 768 640 0 1 0 0 1

fl=(224)
fn=(1218)
206 14 0 0 1 0 0 1
+24 14
+5 14
+14 14
+25 14
+1 14
+1 14
+2 14
+1 14 0 0 1 0 0 1
+4 13 13
+4 13 13
+2 13
+2 13
+3 13
+2 13
+1 13
+11 13
+10 13 13
+1 13 13
+3 13
+4 26 13
+5 13
+1 13
+1 13
957 1 0 0 1 0 0 1
+1 1
+1 1
+1 1
+2 1
+3 1
+1 1
+27 1 1 0 1 0 0 1
+1 1 1
+1 1
+1 1
+1 1
+1 1
+2 1
+47 1 1 0 1 0 0 1
+1 1 1
+3 1
+1 1
+1 1
+3 2 1
+7 1
+1 1
+1 1
+1 1
+10 1 0 0 1 0 0 1
+1 1
+3 1
+1 1
+1 1
+1 1
+6 1 0 0 1 0 0 1
+2 1
+3 1
+1 1

fl=(230)
fn=(1396)
28 1 0 0 1 0 0 1
+2 1
+2 1
cfi=(231)
cfn=(1398)
calls=1 -1 
* 28 6 9 3 1 0 3

fl=(122) ./string/../sysdeps/x86_64/multiarch/strncase_l.c
fn=(392) strncasecmp_l
31 1 0 0 1 0 0 1
fi=(116)
+5 1 1
+1 4 1
fe=(122)
-6 2 1
fi=(116)
+7 3 1 0 1 0 0 1
+4 4 1 0 1 0 0 1
+3 3 1
+3 4
fe=(122)

fl=(129) ./string/../sysdeps/x86_64/multiarch/strcasecmp_l.c
fn=(412) strcasecmp_l
31 1 0 0 1 0 0 1
fi=(116)
+5 1 1
+1 4 1
fe=(129)
-6 2 1
fi=(116)
+7 3 1 0 1 0 0 1
+4 4 1
+3 3 1
+3 4 0 0 1 0 0 1
fe=(129)

fl=(190)
fn=(624)
55 2 0 1 1 0 0 1
+1 1
-1 2 0 1
+1 1
-1 1
+1 4 1 2
cob=(4)
cfi=(191)
cfn=(626)
calls=1 -56 
* 20 5 1 1 3 0 1 2
+2 4 0 1 1 0 0 1
cob=(4)
cfi=(191)
cfn=(626)
calls=1 -58 
* 19 5 1 0 2 0 0 2
+2 4 0 1
cob=(4)
cfi=(191)
cfn=(626)
calls=1 -60 
* 20 5 1 0 2 0 0 2
+2 6 5

fl=(136) ./string/../sysdeps/x86_64/multiarch/stpcpy.c
fn=(436) stpcpy
33 1 0 0 1 0 0 1
fi=(121)
+5 2 2
+1 1 1
-1 2
+1 2
+4 4
+3 3 0 0 1 0 0 1
+3 3
fe=(136)
-16 1 1

fl=(141) ./wcsmbs/../sysdeps/x86_64/multiarch/wcpncpy.c
fn=(450) wcpncpy
31 1 0 0 1 0 0 1
fi=(101)
+8 2 1 0 1 0 0 1
+1 4 1
+1 3 1
+4 2
+3 4 0 0 1 0 0 1
fe=(141)
-17 2 1

fl=(216)
fn=(880)
40 128 0 0 1 0 0 1
+1 384 256
+1 128 128

fl=(137) ./string/../sysdeps/x86_64/multiarch/memmove.c
fn=(440) memmove
29 1 0 0 1 0 0 1
fi=(103)
+27 3 2
+1 2
+3 3 1
+14 2 0 0 1 0 0 1
+3 2 0 0 1 0 0 1
+8 2
+8 2
+3 5 1 0 1 0 0 1
fe=(137)

fl=(244) ./stdlib/./stdlib/cxa_thread_atexit_impl.c
fn=(3254) __call_tls_dtors
148 4 0 2 1 0 0 1
+1 1 1 0 0 1
-1 1 0 1
+1 3 1 0 0 1
+16 4 4 0 2 0 0 2

fl=(243)
fn=(3252) __run_exit_handlers
45 12 0 7 2 0 1 2
+2 9 2 3 1 1 0 1
+3 2
+3 7 0 1 0 0 1
+11 1 1 0 0 1
+2 2
+8 15 5 0 1 0 0 1
+2 8
+1 8 8
-1 8 0 8
+3 64 8 0 0 3
+44 12 4 0 2 0 0 2
-49 12 4
+55 2 1 1
+1 2
+6 1 0 0 1 0 0 1
-66 1 0 1
+66 3 1 1
+2 2 1
+3 2 0 1
cfi=(258) ./posix/../sysdeps/unix/sysv/linux/_exit.c
cfn=(3490) _Exit
calls=1 27 
* 5 1 0 1 0 0 1
-29 4 4 0 1 0 0 1
+1 4 4
-2 4 0 4
+3 4 0 0 1 0 0 1
+3 4
-3 8 4
+3 12 4 4
+1 12 0 4
cob=(1)
cfi=(245) ./elf/./elf/dl-fini.c
cfn=(3296) _dl_fini
calls=1 -92 
* 10283 3456 1747 126 218 17 99 32 5
cob=(4)
cfi=(191)
cfn=(3286)
calls=1 0 
* 197 34 1 1 12 0 1 12
cob=(4)
cfi=(191)
cfn=(3274)
calls=1 0 
* 108 31 10 1 10 0 1 2
cob=(4)
cfi=(191)
cfn=(3256)
calls=1 0 
* 321 96 50 18 13 2 18 1
+1 16 0 4
-68 1 0 1 1 0 0 1
cfi=(244)
cfn=(3254)
calls=1 +97 
* 13 6 3 3 2 0 3
* 1
+88 1 0 1
cfi=(256)
cfn=(3480)
calls=1 882 
* 399 140 76 28 6 0 28 2
* 1

fn=(3250)
147 2 0 1 1 0 0 1
+1 3
-1 1
+1 1 0 1
cfn=(3252)
calls=1 45 
* 11571 3815 1928 188 266 21 161 49 5

fl=(252)
fn=(3384)
32 10 0 0 1 0 0 1
+1 20
-1 60 0 30
+7 20 10 0 0 2 0 0 1
+1 10 10 0 0 2
fi=(254)
1037 30 0 0 1 0 0 1
+1 20
fe=(252)
40 20 10 10 0 1
cfi=(253)
cfn=(3386)
calls=10 827 
* 210 80 30 3 1 0 3 1
* 20
fi=(254)
991 20 10
+1 90 40 20
fe=(252)
44 60 40
-5 100 40 20 4 3 0 4 1

fl=(107) ./debug/../sysdeps/x86_64/multiarch/memset_chk.c
fn=(356) __memset_chk
29 2 0 0 2 0 0 1
fi=(108) ./debug/../sysdeps/x86_64/multiarch/ifunc-memset.h
+32 10 4
+3 6 2
+16 4
+4 8
+8 4 0 0 1 0 0 1
fe=(107)
-63 2 2 0 1 0 0 1
fi=(108)
+71 4 0 0 1 0 0 1
-48 2
+1 4
fe=(107)

fl=(123) ./string/../sysdeps/x86_64/multiarch/strchrnul.c
fn=(396) strchrnul
31 1 0 0 1 0 0 1
fi=(88)
+7 3 2
+2 4
+1 2 1
+1 3 1
+4 4 0 0 1 0 0 1
+3 3
+3 5 1
fe=(123)

fl=(106) ./string/../sysdeps/x86_64/multiarch/strchr.c
fn=(354) index
65 1 0 0 1 0 0 1
-23 2 2
+2 1 1
-1 4
+1 2 0 0 1 0 0 1
+4 4
+3 3
+3 3
+11 1 1

fl=(258)
fn=(3490)
27 3 1 0 1 0 0 1

fl=(214)
fn=(872)
30 896 128 256 1 0 0 1
+9 384
+6 128
-1 256
+35 768 512 0 1 0 0 1

fl=(192)
fn=(628)
238 7 1 2 1 0 0 1
+3 6 2 0 0 1
+37 5 4 0 1 0 0 1

fl=(100) ./wcsmbs/../sysdeps/x86_64/multiarch/wcsncpy.c
fn=(342) wcsncpy
31 1 0 0 1 0 0 1
fi=(101)
+8 2 1
+1 4 1
+1 3 1
+4 2
+3 4
fe=(100)
-17 2 1

fl=(91) ./wcsmbs/../sysdeps/x86_64/multiarch/wcsnlen.c
fn=(318) wcsnlen
30 1 0 0 1 0 0 1
fi=(92)
+10 1 1
+1 4 1 0 1 0 0 1
+1 3 1
+4 4 1 0 1 0 0 1
+3 3 1
+3 3
fe=(91)
-22 1 1

fl=(198) ./csu/./csu/init-first.c
fn=(666) _init_first
46 5 0 1 1 0 0 1
+5 2 1
+4 5 4 0 1 2 0 1 1
+8 1 1 0 0 1
-2 1 0 1 0 0 1
+10 1
-9 1 0 1
+1 1 0 1 0 0 1 0 0 1
+9 1 1
-1 1
cfi=(199)
cfn=(668)
calls=1 -41 
* 50 11 6 5 2 1 5

fl=(111) ./string/../sysdeps/x86_64/multiarch/stpncpy.c
fn=(378) strcasecmp
31 1
fi=(116)
+5 1 1
+1 4 1
fi=(117) ./string/../sysdeps/x86_64/multiarch/strcasecmp.c
-6 2 1
fi=(116)
+7 3 1 0 1 0 0 1
+4 4 1 0 1 0 0 1
+3 3 1
+3 4
fe=(111)

fn=(368) stpncpy
31 1 0 0 1 0 0 1
fi=(112)
+4 5 2
+1 3 1
+4 4
+3 3
+3 5 1 0 1 0 0 1
fe=(111)

fl=(90) ./string/../sysdeps/x86_64/multiarch/strcmp.c
fn=(316) strcmp
79 1 0 0 1 0 0 1
-32 1 1
+1 1 1
+1 1 1
-1 3
+1 2 0 0 1 0 0 1
+4 4 1
+3 3 1
+3 3
+20 1 1 0 1 0 0 1

fl=(104) ./wcsmbs/../sysdeps/x86_64/multiarch/wcschr.c
fn=(350) wcschr
31 2 0 0 1 0 0 1
fi=(105)
+7 6 4
+2 8
+1 4 2 0 1 0 0 1
+1 6 2
+4 8
+3 6
+3 10 2
fe=(104)

fl=(113) ./wcsmbs/../sysdeps/x86_64/multiarch/wmemchr.c
fn=(372) wmemchr
31 2 0 0 1 0 0 1
fi=(114) ./wcsmbs/../sysdeps/x86_64/multiarch/ifunc-evex.h
+6 6 4
+1 8
+1 6 2 0 1 0 0 1
+4 4
+8 6
+3 8
fe=(113)
-23 2 2

ob=(1)
fl=(47) ./elf/./elf/dl-debug.c
fn=(146) _dl_debug_initialize
120 1 0 0 1 0 0 1
-44 2
+46 2 1 0 0 1 0 0 1
+5 3 0 1
+1 1
+26 1 0 1
-26 1 0 1 1 0 0 1
+29 2 1
-37 1
+49 2 1
-9 2 1 1 1 0 0 1
+2 3 1

fn=(152) _dl_debug_change_state
104 2 0 0 1 0 0 1
+3 2
-2 2 0 2
+2 4
+4 2
cfi=(50) ./elf/./elf/dl-debug_state.c
cfn=(154) _dl_debug_state
calls=2 -83 
* 4 2 0 1 0 0 1
-4 6 2

fn=(610) _dl_debug_post_relocate
46 2 0 1 1 0 0 1
+6 3
-6 2 0 0 1 0 0 1
+6 5 1 2
-1 1 0 1
+1 1 0 1
cfi=(82) ./elf/./elf/dl-lookup.c
cfn=(294) _dl_lookup_symbol_x
calls=1 767 
* 686 210 83 0 9 0 0 2
+2 2 2
-2 1
+2 3 2
+2 7 3 0 1 0 0 1
+1 3
+13 2 2

fn=(212) _dl_debug_update
94 6 0 0 1 0 0 1
-17 6
-1 12
+20 12 6 0 0 1
+4 6 6

fl=(60) ./misc/../sysdeps/unix/sysv/linux/mmap64.c
fn=(192) mmap
47 26 0 0 1 0 0 1
+3 52
-3 156 0 78 1 0 2 1 0 2
+6 52
+5 156
+2 104 104
-7 55 5 0 1 0 0 1

fl=(15) ./elf/../sysdeps/x86/dl-get-cpu-features.c
fn=(34) _dl_x86_init_cpu_features
37 1 0 0 1 0 0 1
+2 3 1
+2 1
cfi=(16) ./elf/../sysdeps/x86/cpu-features.c
cfn=(36) init_cpu_features.constprop.0
calls=1 728 
* 7121 844 507 101 27 9 101 27 9

fn=(598) __x86_cpu_features
76 1 0 0 1 0 0 1
-37 3 1
+37 2 1

fl=(26) ./elf/./elf/dl-object.c
fn=(70) _dl_new_object
59 90 0 60 1 0 2 1 0 2
+3 12
+18 5 5
+3 10 0 5 0 0 1 0 0 1
cfi=(22) ./string/../sysdeps/x86_64/multiarch/../multiarch/strlen-sse2.S
cfn=(60) strlen
calls=5 -26 
* 103 13
+4 5
-4 5
+4 5
+5 5
-9 15 0 10
fi=(28) ./elf/../include/rtld-malloc.h
-39 10 5 5
cfi=(27) ./elf/./elf/dl-minimal-malloc.c
cfn=(72) __minimal_calloc
calls=5 +36 
* 251 41 32 7 1 1 7 1 1
fe=(26)
+39 1 0 1 1 0 0 1
fi=(28)
-39 2 1 1
cfi=(27)
cfn=(72)
calls=1 +36 
* 35 4 4 5 0 1 5 0 1
* 6
fe=(26)
+51 12
+4 6 6
-1 6 0 6 1 0 5 1 0 5
+6 6
-5 6
+5 6 6
-5 6 0 6 0 0 6 0 0 6
+4 6
+1 6
-1 6 0 6 0 0 1 0 0 1
+1 12 0 12
cfi=(29) ./string/../sysdeps/x86_64/multiarch/memmove-vec-unaligned-erms.S
cfn=(80) memcpy
calls=6 210 
* 77 19 13 2 1 8 2 1 8
* 6 6
+15 6 6
-15 6 0 6 0 0 1 0 0 1
+2 6 0 6
+13 12 6 0 1 0 0 1
+6 1
+2 7 2 2 0 1 0 0 1
+3 2 1
-3 35 10 10 0 5 0 0 5
+3 10 5
+6 6 6
-4 6 0 6 1 0 1 1 0 1
+4 6 0 6
+3 16
+2 12 0 8 1 0 1 1 0 1
-2 8
+2 8 0 8 0 0 3 0 0 3
-2 16
+16 12 6
-5 6 0 6 0 0 6 0 0 6
-1 12 0 6
+6 18 6 0 1 1 0 1 1
+2 10 0 5 0 0 3 0 0 3
+3 10
-3 10
+7 20 5
+4 15
+8 1 0 1 1 0 0 1
+13 1 1
-10 2 0 1
+10 8 6
-10 10 0 5 0 0 1 0 0 1
+10 15 5
+2 5 0 5
cfi=(22)
cfn=(60)
calls=5 57 
* 203 33 0 4 0 0 4
+21 5
-21 15 0 5 1 0 0 1
+17 5
-13 15
+50 15 10 5 1 0 0 1
cfi=(29)
cfn=(128) mempcpy
calls=5 -48 
* 105 25 20 0 0 4 0 0 4
* 5
+5 10
+1 10 5
-1 158
+1 158 79
+4 10
+1 5 0 5
+3 5 0 5 0 0 1 0 0 1
+4 54 42 0 1 0 0 1
131 12 0 6 1 0 6 1 0 6
-8 5
-4 10 5
+34 1
+7 4
+8 20 5 0 1 0 0 1
fi=(28)
56 10 5 5
cfi=(27)
cfn=(76) __minimal_malloc
calls=5 -20 
* 90 15 15
* 5
fe=(26)
200 10
-1 10
64 2 0 0 1 0 0 1
+2 3 1 0 1 0 0 1
+1 6 1 1
+10 1
-6 2

fn=(82) _dl_add_to_namespace_list
31 30 0 12 1 0 0 1
+2 6
-2 12 0 6
+2 6 6 6
cfi=(24) ./elf/../sysdeps/nptl/dl-tls_init_tp.c
cfn=(84) rtld_mutex_dummy
calls=6 +10 
* 18 6
+2 40 6 0 1 0 0 1
+3 80 20
+2 5 0 5
+2 5 0 5
+4 5
+1 5 5
+3 5
-4 5 0 5
+1 5 0 5
+1 5
+3 5 5
-3 5 0 5
+3 10 10
-1 5 5
cfi=(24)
cfn=(84)
calls=5 -7 
* 15 5
-4 1
+1 1 1 0 0 1 0 0 1
+3 1
-4 1 0 1
+1 1 0 1
+1 1
+3 1 1
-3 1 0 1
+3 2 2
-1 1 1
cfi=(24)
cfn=(84)
calls=1 -7 
* 3 1
-5 2 0 1 1 0 0 1

fl=(44) ./string/../sysdeps/x86_64/multiarch/../multiarch/memcmp-sse2.S
fn=(126) bcmp
59 1 0 0 1 0 0 1
+12 1
+1 1
+22 1
+1 1
+45 1 1 0 1 0 0 1
+1 1 1
+2 1
+1 1
+2 1 1
+1 1 1
+2 1
+1 1
+47 1
+1 1
+1 1
+1 1
+1 1
+1 1 1

fl=(80) ./elf/../sysdeps/x86_64/dl-cet.c
fn=(648) _dl_cet_setup_features
331 1 0 0 1 0 0 1
+3 2
+16 1 1 0 1 0 0 1

fn=(282) _dl_cet_check
361 5 0 1 1 0 0 1
-86 2
+2 2 1
-1 1 0 1
+6 1 1
+3 1 0 1 1 0 0 1
-3 1
+1 1
-1 1
+1 1
-1 1 0 1
+1 1 0 1
+5 2
+5 2
+3 1 0 1
+4 2
+5 2
-1 1
+9 2 0 0 1 0 0 1
157 1 1 0 0 1
-12 2 1 0 0 1
+12 2
-7 1
+24 2
+5 1 0 1
363 2 2
-61 2 0 0 1 0 0 1
+1 2

fl=(31) ./elf/./elf/dl-load.c
fn=(170) _dl_map_object
2213 98 0 42 1 0 1 1 0 1
+1 14
-1 98 0 42 0 0 1 0 0 1
+1 28 0 28 0 0 1 0 0 1
cfn=(172) _dl_lookup_map
calls=14 1917 
* 8943 2095 472 48 3 2 48 3 2
+1 42 14 0 1 0 0 1
+3 77 63
-1 25
+1 30 30
-1 5 0 0 1 0 0 1
cfn=(178) _dl_map_new_object
calls=5 1952 
* 19266 3594 2183 163 214 223 163 214 223

fn=(172)
1917 84 0 42 1 0 0 1
+1 28 0 0 1 0 0 1
+1 28 14 0 0 1 0 0 1
+3 237 65
+5 420 120 0 1 0 0 1
+2 180 0 60 0 0 1 0 0 1
cfi=(55) ./elf/./elf/dl-misc.c
cfn=(174) _dl_name_match_p
calls=60 68 
* 6057 1415 314 19 2 1 19 2 1
* 120
+2 102 51
fi=(4) ./elf/../sysdeps/generic/ldsodefs.h
96 153 51 0 1 0 0 1
+4 28 28
-1 140 84
+1 28
fe=(31)
1931 56
+1 84 0 56
cfi=(34) ./string/../sysdeps/x86_64/multiarch/../multiarch/strcmp-sse2.S
cfn=(98) strcmp
calls=28 98 
* 1053 211 0 24 0 0 24
* 56
+13 59 36 0 1 0 0 1
-1 5
+1 25 20

fn=(88) _dl_process_pt_gnu_property
842 6 0 0 1 0 0 1
+8 12 6
-6 6 6
+12 12
-13 6 6
+13 6 0 0 1 0 0 1
-13 12 6
+13 12
+3 18 6 0 1 6 0 1 6
+1 12 6
+1 12 6
+3 18 6 0 1 0 0 1
+1 18
+4 6
+1 12
+22 18
+2 24
-20 18 9 0 1 1 0 1 1
+4 18
-3 9 9
+6 9
+1 27 0 0 1 0 0 1
fi=(32) ./elf/../sysdeps/x86/dl-prop.h
95 36
+7 18
+16 9 9 0 0 2 0 0 2
-3 18
252 6
+5 3 3
-4 3 0 3
+4 9 0 3 1 0 0 1
+3 3 3
-6 12 0 0 1 0 0 1
+1 6 0 6
+2 24 6 6 1 0 0 1
+3 9 3
fe=(31)

fn=(178)
1952 75 0 40 1 0 3 1 0 3
+10 10 5
+12 5 5 0 1 0 0 1
-5 5 0 5 0 0 1 0 0 1
-15 5 0 5
+20 10
+14 15 0 5 0 0 1 0 0 1
cfi=(43) ./string/../sysdeps/x86_64/multiarch/../multiarch/strchr-sse2.S
cfn=(122) index
calls=5 32 
* 120 15
* 10
2140 2 0 0 1 0 0 1
-1 3 0 1
cfn=(138) expand_dynamic_string_token
calls=1 375 
* 159 28 18 3 0 1 3 0 1
+6 1
-6 1
+2 2
+4 7 0 2 1 0 0 1
cfn=(180) open_verify.constprop.0
calls=1 1511 
* 105 22 15 11 1 2 11 1 2
+3 2 1
-3 1
+3 1
+12 15
+46 55 15 25 1 0 0 1
cfn=(186) _dl_map_object_from_fd
calls=5 948 
* 10810 2110 1520 87 150 199 87 150 199
* 5
+2 40 35
1992 8 0 4 1 0 0 1
cfi=(22)
cfn=(60)
calls=4 57 
* 68 8
* 8 0 4
+2 8 4
+7 16 4 0 1 0 0 1
+51 52 4 16 1 0 1 1 0 1
cfn=(224) open_path
calls=4 1760 
* 1275 326 227 18 1 10 18 1 10
+6 4
-6 4
+6 8
-53 4 4 0 1 0 0 1
+1 4 0 4
670 20 0 12
2010 12 4
656 12 4 0 1 0 0 1
2010 12 12 0 1 0 0 1
+15 8 4
+1 28 4 0 1 0 0 1
656 12 4
2051 8 4 0 1 0 0 1
+1 8
656 12 4 0 1 0 0 1
2073 8 0 4 1 0 0 1
cfi=(70) ./elf/./elf/dl-cache.c
cfn=(230) _dl_load_cache_lookup
calls=4 386 
* 5631 860 202 22 61 4 22 61 4
* 4
+2 8
+4 8
+31 4
-23 8 4 0 1 0 0 1
+23 28 0 8
cfn=(180)
calls=4 1511 
* 456 92 62 3 1 1 3 1 1
+4 8 4
-4 4
+4 4 0 0 1 0 0 1
+1 4 0 4
+17 8 4
-65 8 0 0 1 0 0 1
+2 12 4
-33 8 0 0 1 0 0 1

fn=(186)
948 55 0 30
+15 5 5
-15 10 0 10 0 0 2 0 0 2
+15 5 0 0 1 0 0 1
-15 5 0 5
+15 10 0 5
+85 20 5 5 1 0 0 1
+10 10 5
+7 35 25 5 1 0 0 1
cfi=(26)
cfn=(70)
calls=5 59 
* 1811 368 259 14 6 41 14 6 41
* 5
+1 10
+11 5 5
+1 5 5
-1 5 0 5 0 0 3 0 0 3
+2 5 5 0 1 0 0 1
+3 5 5
-1 5
-2 5 0 5
+3 15 5
+1 8 0 4
+19 8 4
-2 4 0 4
+2 30 1 0 1 0 0 1
-2 1 0 1
+2 52 0 10 1 0 0 1
+10 5 5
-10 10 0 5
+10 15
+27 5 5
-33 5
-3 5
+2 5 0 5
-1 5 0 5 1 0 0 1
+44 5
fi=(30) ./elf/../include/stackinfo.h
62 5 0 5
fe=(31)
1139 5
-41 5 0 5
+50 5
fi=(30)
62 15 0 10
fe=(31)
1113 230 0 0 1 0 0 1
+26 120 40 0 0 2 0 0 2
+10 40 20 0 0 2 0 0 2
-1 20
-1 20
+1 40 20 0 1 0 0 1
+1 20
+2 20 20 0 0 1 0 0 1
-3 20 0 20 0 0 4 0 0 4
+1 20
+2 20 0 20 0 0 3 0 0 3
+2 20 20 0 0 1 0 0 1
-4 20
+1 20 0 20
+3 20
-4 20 0 20
+4 100
+2 40 0 20 1 0 2 1 0 2
+13 85 15 15
fi=(30)
62 30 15
fe=(31)
1173 15
fi=(30)
62 105 15 15
fe=(31)
1147 30
-35 45
fi=(30)
62 10 5
fe=(31)
1173 5
fi=(30)
62 35 5 5 0 0 1 0 0 1
fe=(31)
1147 10
-35 135
+1 327 65 0 1 13 0 1 13
1214 5 5
1112 5
1214 10 5 5 1 0 2 1 0 2
1112 15
1219 20 10
1078 5 5
1229 5
1078 30 5 5 1 0 0 1
1230 5
-1 5
+1 5 0 5
-1 15
+1 15
-1 15
+1 15 0 15
-1 45
+7 10 5
+10 20 10 0 1 0 0 1
+7 20 15
fi=(62) ./elf/./dl-map-segments.h
29 5 5
fe=(31)
1253 15 5 5 1 0 0 1
fi=(62)
29 10
+1 35 20 5
cfi=(60)
cfn=(192)
calls=5 +17 
* 140 25 15 0 0 1 0 0 1
+72 5 0 5 1 0 0 1
-72 5
+73 10
+3 10 5
+1 5
-1 5 0 5
+1 5 0 5
+2 10 5
+17 5 0 5 1 0 0 1
-44 5 5
fi=(63) ./elf/./dl-load.h
+9 40 20 0 1 0 0 1
fi=(62)
+59 80 40
+6 5 5
+2 5 5
-2 5
+3 5
-2 5
+2 5
-1 10
+3 15
+5 10 0 0 1 0 0 1
+3 15 5
+8 35 0 15
cfi=(45) ./string/../sysdeps/x86_64/multiarch/../multiarch/memset-vec-unaligned-erms.S
cfn=(132) memset
calls=5 -40 
* 756 5 396 1 0 100 1 0 100
* 10 10
+6 10
+41 20 0 0 1 0 0 1
-88 80 20
+2 60 30
+2 30 30
+1 15
-1 75 30 15 1 0 0 1
cfi=(60)
cfn=(192)
calls=15 -93 
* 315 60 45
* 30
fe=(31)
1054 5 0 0 1 0 0 1
fi=(59) ./elf/../sysdeps/posix/dl-fileid.h
37 10 0 5 0 0 1 0 0 1
cfi=(58) ./io/../sysdeps/unix/sysv/linux/fstat64.c
cfn=(188) fstat
calls=5 -7 
* 30 5 0 2 0 0 2
* 10
+3 5 5 0 0 1 0 0 1
fe=(31)
999 5
fi=(59)
40 5 0 5
+1 10 5 5 1 0 0 1
fe=(31)
999 90 40
+1 40 20 0 1 0 0 1
fi=(59)
49 60 30 0 0 1 0 0 1
fe=(31)
1458 45 35
1133 2 1 1
+1 1
-15 10 5 0 1 1 0 1 1
+7 5 5
+2 5 5 0 1 0 0 1
-2 5 0 5
+1 5 5
+1 5
-1 10 0 5
+1 40 5 5
fi=(30)
62 40 5 5 1 0 0 1
fe=(31)
1211 5
-34 9 3
+5 3 3
-1 6 0 0 1 0 0 1
+5 3
-5 6 0 3 0 0 3 0 0 3
-55 3 3
+60 12 0 3 0 0 1 0 0 1
+1 3 3
+3 3 0 3
-3 3 0 3
+8 12 3 0 1 0 0 1
1086 12 0 0 2 0 0 2
+1 2 1
-1 1
+1 1
-1 1 0 1
+1 1 0 1 0 0 1 0 0 1
cfi=(72) ./io/../sysdeps/unix/sysv/linux/pread64_nocancel.c
cfn=(242) __pread64_nocancel
calls=1 25 
* 7 1
* 2
-69 10 5 0 1 0 0 1
1269 20 10 0 1 0 0 1
+1 15 5 5
fi=(64) ./elf/./elf/get-dynamic-info.h
39 10
+6 5 5 0 1 5 0 1 5
-2 5
+2 10
+8 6
+15 6 0 6 0 0 2 0 0 2
-23 24 6 0 0 1 0 0 1
+23 132 0 132 0 0 32 0 0 32
-23 528 132 0 0 34 0 0 34
+4 276
+3 37
-1 74
+3 124
+1 104
fi=(63)
+37 16 8 0 1 0 0 1
+2 4 4
-1 4 4
+1 4 0 0 1 0 0 1
-1 8
+1 4
-1 8
+3 16 0 4
fi=(64)
-40 25
+3 20 0 0 1 0 0 1
+13 20 5
+12 17 5 2
+1 20 5 5 1 0 0 1
+1 20 5 5
+1 20 5 5
+1 17 5 2 0 2 0 0 2
+1 19 5 4 1 1 0 1 1
+1 19 5 4 0 1 0 0 1
+1 20 5 5
+12 5 5
+7 5 5
-7 35 5 5 1 0 0 1
+7 10
+5 8 4
+7 8 4
+1 15 10
+6 15 5
+1 6 4
+17 15 5 0 1 0 0 1
+5 4 2 2
+2 4
+2 4
+2 4
+1 2 0 2
+3 15 5 0 1 0 0 1
+2 9 3 3
+1 6
+9 6 3 0 1 0 0 1
+6 6
+1 4 2 2
+3 10 5
fe=(31)
1276 10
+1 10
+2 10 0 0 1 0 0 1
+10 15 5
+19 15 5 5
+2 25 10 0 1 0 0 1
+20 15 5 0 0 2 0 0 2
+1 6 3 3
+6 30 10
+1 100
+6 20 0 5
cfn=(88)
calls=5 842 
* 360 73 14 0 8 0 0 8
-7 135 5
+1 65 65 0 1 55 0 1 55
+6 65
-6 130
fi=(32)
149 30 15
fe=(31)
984 10 0 5 1 0 0 1
1086 2 0 1
1276 4 2
+73 10 5 5 1 0 0 1
cfi=(65) ./io/../sysdeps/unix/sysv/linux/close_nocancel.c
cfn=(206) __GI___close_nocancel
calls=5 25 
* 30 5 0 1 0 0 1
* 10
+13 10 5
+2 20 10 5 1 0 0 1
+2 10 5
+16 10 0 5
cfi=(8) ./elf/./elf/dl-setup_hash.c
cfn=(14) _dl_setup_hash
calls=5 25 
* 135 40 30 0 6 0 0 6
+4 10 5
+1 10 5
+17 10 5
+1 1 0 1 1 0 0 1
+3 4 2 2
+5 2 1
-5 16 8 8
+5 8 4
+5 10 5
+10 20 10 0 1 0 0 1
+8 10 5
+1 12 3
+5 6 0 3
cfi=(48) ./elf/../elf/dl-tls.c
cfn=(240) _dl_assign_tls_modid
calls=3 161 
* 36 12 9 1 0 0 1
+7 15 5 5 1 0 0 1
cfi=(26)
cfn=(82)
calls=5 31 
* 255 65 45
+3 10 5
+3 20 10 5
cfn=(210) _dl_notify_new_object
calls=5 908 
* 210 65 30 4 0 0 4
+2 5
fi=(62)
189 8 2 0 1 0 0 1
-3 2 2
+3 8 0 2 1 0 0 1
-3 12 0 10
+3 2 0 2
cfi=(60)
cfn=(192)
calls=2 47 
* 42 8 6
+3 4
+2 2 0 2
cfi=(61) ./misc/../sysdeps/unix/sysv/linux/setvmaname.c
cfn=(238) __is_decorate_maps_enabled
calls=2 33 
* 12 4 0 1 0 0 1
* 4 0 0 1 0 0 1
fi=(4)
-98 23 13 0 2 0 0 2
+3 8
+1 4 4
-1 8 4
+1 4
fe=(31)
1429 20 0 4
cfi=(34)
cfn=(98)
calls=4 98 
* 191 32 0 4 7 0 4 7
* 8
+1 3 1 1 1 0 0 1
fi=(64)
62 20 0 0 1 0 0 1
+2 20
fe=(31)

fn=(220) _dl_dst_count
228 26 0 13 1 0 0 1
+3 13
-3 26 0 13
+7 13
-7 39 0 26 0 0 1 0 0 1
+3 13 0 13
cfi=(43)
cfn=(122)
calls=13 32 
* 408 51 0 0 3 0 0 3
+3 26
+20 91 65 0 1 0 0 1

fn=(224)
1760 32 0 24 1 0 0 1
+1 8 4 4 0 0 1 0 0 1
+6 8 0 0 1 0 0 1
+5 52 8 0 1 0 0 1
+57 8 0 4
-57 24 0 12 1 0 1 1 0 1
-7 4 0 4
-1 4 0 4
+65 4 0 4
-20 8 0 8
-34 4 4
+8 4 4
-8 4 4
+8 8 0 0 1 0 0 1
+7 20 8 8 0 0 1 0 0 1
cfi=(29)
cfn=(128)
calls=4 197 
* 52 12 8
* 12 8
+1 44 8 4 1 0 0 1
+3 24 12
+5 42 18 6 1 0 0 1
cfi=(29)
cfn=(128)
calls=6 197 
* 78 10 4
* 24 12 6
cfi=(29)
cfn=(128)
calls=6 197 
* 78 18 12
+3 12 0 6
+6 12 6 0 1 0 0 1
+3 42 24 6
cfn=(180)
calls=6 1511 
* 354 66 72 2 0 3 2 0 3
* 6
+2 18 6
+2 6
+98 36 28
-74 12 0 3
-48 37 16 0 1 0 0 1
+99 32 8 4 0 0 3 0 0 3
+6 8 4 4
-2 4 0 4
+2 8 4 0 1 0 0 1
+3 12 8
1770 8
+71 6
-20 18 12 0 2 0 0 2
+6 6 6 0 1 0 0 1
+2 3
-2 3 0 3
+2 6 3 3
cfi=(68) ./io/../sysdeps/unix/sysv/linux/stat64.c
cfn=(226) stat
calls=3 28 
* 46 3 2 1 0 0 1
* 3
+3 3
-3 3
+1 1 1 0 0 1 0 0 1
+4 1 1
-4 2
+4 5 0 2
-43 2
+43 2 0 2 1 0 0 1
-43 4
-19 8 0 4 1 0 1 1 0 1

fn=(110) _dl_init_paths
680 11 0 7 1 0 0 1
+14 1
-14 2 0 1
+14 2 0 1 0 0 1 0 0 1
cfi=(39) ./elf/./elf/dl-hwcaps.c
cfn=(112) _dl_important_hwcaps
calls=1 171 
* 1202 246 213 32 2 4 32 2 4
fi=(28)
56 1
fe=(31)
694 1 0 1 1 0 0 1
fi=(28)
56 1 1 1
cfi=(27)
cfn=(76)
calls=1 -20 
* 18 3 3
fe=(31)
699 1 0 1 0 0 1 0 0 1
+2 2
+7 2
+1 1 1
-1 3
+5 3 0 0 1 0 0 1
fi=(28)
56 1 1 1
cfi=(27)
cfn=(76)
calls=1 -20 
* 18 3 3
fe=(31)
713 1 0 1 0 0 1 0 0 1
+2 5 2
+7 1 0 1
+8 2
+5 1 0 0 1 0 0 1
-14 1 0 1
+16 1
-7 1 0 1
+11 1 1
-6 1 0 1 0 0 1 0 0 1
+9 3 0 1
-2 1
+2 1
-8 1 0 1 1 0 0 1
+6 1 0 1
+2 2 0 2
-12 1 0 1
+9 2
+1 16 4 4
cfi=(45)
cfn=(132)
calls=4 137 
* 56 4 8 3 0 1 3 0 1
+2 18 6 0 1 0 0 1
-14 3
+10 3
-8 3 3
+12 3 0 3
-8 3 3 0 0 1 0 0 1
-6 3 0 3
+5 3 0 3 0 0 2 0 0 2
+1 3 0 3 0 0 1 0 0 1
-4 3 0 3
+8 9 3 0 0 1 0 0 1
+1 6
+15 1 1 0 1 0 0 1
+3 1
-15 1 0 1
+7 1 0 1
-1 1 0 1
+9 2
+2 4 1 0 1 0 0 1
+2 3 1
+36 5 2 0 1 0 0 1
+2 2 0 1 1 0 0 1
cfi=(22)
cfn=(60)
calls=1 57 
* 17 2
* 8
-19 1 1 0 1 0 0 1
-2 1 0 1
+2 2
+19 9 1 1 2 0 0 2
cfi=(29)
cfn=(80)
calls=1 210 
* 11 3 2
* 1
+5 4 1
-1 4
+2 1 0 0 1 0 0 1
+1 2
-2 4 1
+1 13
+1 26
-2 52 13
+5 1
fi=(28)
56 1 1 1
cfi=(27)
cfn=(76)
calls=1 -20 
* 18 3 3
fe=(31)
810 1 0 1
+2 2
+6 7 1 1
cfn=(134) fillin_rpath.isra.0
calls=1 442 
* 555 143 56 18 1 2 18 1 2
+3 3 2
+6 1 0 1
+4 8 7
-35 2 0 1 2 0 0 2
+5 2 0 1

fn=(210)
908 20 0 10 1 0 0 1
+2 5
-2 25 0 15
+2 5 0 5
cfi=(47)
cfn=(212)
calls=5 94 
* 35 10 0 1 0 0 1
* 5
+1 15 5
+21 25 15
-4 10 0 0 1 0 0 1
+7 5 5
-2 10
+2 20 20
-2 5
cfi=(51)
cfn=(214) _dl_audit_objopen
calls=5 77 
* 25 10 0 1 0 0 1

fn=(134)
442 9 0 6 1 0 0 1
+4 1
-4 9 0 6 1 0 0 1
+6 3 2 1
cfi=(7) ./elf/./elf/dl-minimal.c
cfn=(136) strsep
calls=1 239 
* 242 74 1 2 1 0 2 1
* 3 2 1
cfi=(7)
cfn=(136)
calls=1 239 
* 9 3
* 6
+7 2 1
+2 3 1 1
cfn=(138)
calls=1 -82 
* 109 20 16 3 0 1 3 0 1
* 1 0 0 1 0 0 1
+4 2
+5 2 0 1
cfi=(22)
cfn=(60)
calls=1 57 
* 17 2
* 1
+1 2
+7 4 1 0 1 0 0 1
+9 15 5
+1 8 4 0 1 0 0 1
fi=(28)
50 2 2 1 1 0 0 1
cfi=(27)
cfn=(144) __minimal_free
calls=1 +47 
* 5 2 0 1 0 0 1
+1 1
fe=(31)
502 4 1 1 1 0 0 1
+4 3 2
fi=(28)
56 1 1 1
cfi=(27)
cfn=(76)
calls=1 -20 
* 18 3 3
* 1
fe=(31)
508 2 0 0 1 0 0 1
+5 1 1
+1 2
-1 1
-1 1 0 1
+2 1 0 1
cfi=(29)
cfn=(128)
calls=1 197 
* 13 3 2 0 0 1 0 0 1
+3 1 1
-3 1 0 1
+1 1 0 1
+2 1
+7 3 1 0 1 0 0 1
-1 7 1
+2 1 0 0 1 0 0 1
-1 1
+1 1 0 1
-1 3
+1 1 0 1
-1 2
+1 1 0 1 1 0 0 1
+2 2 1 1
+1 3 1
+1 1 0 1
+6 2 1 1
+1 1 0 1
+3 3 0 1
-60 2 0 1 1 0 0 1
-22 2 0 1
+88 1 0 1
+3 8 7
-24 2

fn=(138)
375 14 0 8 1 0 0 1
231 2
375 2 0 2
231 4 0 2
cfi=(43)
cfn=(122)
calls=2 32 
* 72 9 0 2 0 0 2
+3 4 0 0 1 0 0 1
400 2 2
-11 2
+11 8 8
-11 2
cfi=(46) ./string/./string/strdup.c
cfn=(140) strdup
calls=2 40 
* 156 29 22 2 0 2 2 0 2

fn=(180)
1511 110 0 66 2 0 1 2 0 1
+32 11 11
-32 22 0 22 0 0 1 0 0 1
+32 22
+19 44 0 11 0 0 1 0 0 1
cfi=(56) ./io/../sysdeps/unix/sysv/linux/open64_nocancel.c
cfn=(182) __open_nocancel
calls=11 28 
* 249 22 28 2 0 2 2 0 2
* 11
+2 22
+8 5 0 5 1 0 0 1
+1 10 0 5 0 0 1 0 0 1
+6 5
-1 10
+1 5
-1 5 0 5
cfi=(57) ./io/../sysdeps/unix/sysv/linux/read_nocancel.c
cfn=(184) __read_nocancel
calls=5 25 
* 30 5 0 2 0 0 2
* 5
+4 5 5
-2 10
+2 10 0 5
+2 10
+6 10 0 0 1 0 0 1
+15 65 20 0 1 0 0 1
+83 10 5
+5 10 5
+8 20 5 0 1 0 0 1
+6 10 5 0 0 1 0 0 1
+6 5 5 0 0 1 0 0 1
+1 5 5
-1 5
+1 15
+33 99 77 0 1 0 0 1
-29 12 0 0 1 0 0 1
+1 2
-1 1
+1 1 0 1
cfi=(72)
cfn=(242)
calls=1 25 
* 7 1
* 2
1548 12 0 0 1 0 0 1
+57 9 3 0 1 0 0 1
1718 2 0 1 1 0 0 1
+24 12 6 0 1 0 0 1

fl=(67) ./elf/./elf/dl-deps.c
fn=(218) _dl_map_object_deps
143 5 0 1 1 0 0 1
+1 2
-1 1
+1 1
-1 2 0 2
+1 1
-1 1 0 1
+1 1
-1 4 0 3 1 0 1 1 0 1
+1 3
-1 1 0 1
+1 7 0 0 1 0 0 1
-8 1 1
+8 2
-8 1
-6 1
-2 1 0 1 0 0 1 0 0 1
+16 1
-8 1
-7 1 0 1
+1 1 0 1
+6 1 0 1 1 0 0 1
+24 4
-28 3 0 1
-2 1
+31 1 1
-33 1 0 1
+32 1
-30 2
+30 1
-30 1
-1 4 0 1 1 0 0 1
+7 4 1 1
+24 3
+28 3 1 1
-6 1 1 0 1 0 0 1
-18 1 0 1
+22 1
fi=(74) ./elf/../include/scratch_buffer.h
77 3 0 2 0 0 1 0 0 1
+1 1 0 1
fe=(67)
184 1 0 1
+48 3 0 3 1 0 0 1
-35 1 1
-4 1 0 1
+4 8 6 0 0 1
-4 6 0 6
+4 12
+11 18 9 0 0 1 0 0 1
-18 2
+18 4 2
417 14 0 0 1 0 0 1
+2 5
+3 5
-3 15 0 10
+3 10 0 5
fi=(28)
56 5 5 5
cfi=(27)
cfn=(76)
calls=5 -20 
* 90 15 15
fe=(67)
423 10 5 0 1 0 0 1
fi=(28)
56 5
fe=(67)
423 5
+6 5 0 5
+1 15 0 5
cfi=(29)
cfn=(80)
calls=5 210 
* 63 17 12 0 0 1 0 0 1
+1 30 5 5
cfi=(29)
cfn=(80)
calls=5 210 
* 63 17 12 0 0 3 0 0 3
+3 5 0 5
+1 5 0 5
+4 21 7 0 1 0 0 1
188 12 6
442 18 6
-1 7 7
+1 14
183 5 3
+27 20 15 0 1 0 0 1
+7 5 5
+4 5 5
-6 5 0 5 1 0 0 1
+1 5 0 5 0 0 1 0 0 1
+1 5 0 5
+4 5 5
-3 10 5 5
+3 10
+7 5
-38 10 0 10 1 0 0 1
+38 5
-9 5 0 5
-29 5 0 5
+38 5 0 5
-38 10
+32 294
+6 52 26 13
cfi=(31)
cfn=(220)
calls=13 * 
* 655 116 65 2 3 1 2 3 1
* 39 0 0 1 0 0 1
+4 26 0 0 1 0 0 1
-2 13 0 13
+2 26 0 13
cfi=(53) ./elf/./elf/dl-catch.c
cfn=(164) _dl_catch_exception
calls=13 -24 
* 27168 5548 2810 115 179 197 115 179 197
+1 26 13
+9 13 13 0 1 0 0 1
+2 26 13
+5 25 0 5
+6 5 5
+2 5 0 5 1 0 0 1
-8 10
+3 5 0 5
+1 5 0 5
+1 5 0 5
+1 5 0 5
+4 5 5
-3 5 0 5
+3 15 0 5
+4 39 13 0 1 0 0 1
+1 27 0 9 0 0 1 0 0 1
-43 608 157
+7 26 0 0 1 0 0 1
+38 402 0 0 1 0 0 1
fi=(74)
85 3 2 0 1 0 0 1
fe=(67)
448 5 1 0 1 0 0 1
+1 1 0 1
+3 4 1 1 1 0 0 1
+11 5 1 2
fi=(28)
56 1 1 1 1 0 0 1
cfi=(27)
cfn=(76)
calls=1 -20 
* 18 3 3
fe=(67)
465 3 2
fi=(28)
56 1
fe=(67)
465 1
+5 3 2
+1 1 0 1
-1 2 0 1
+4 3 0 0 1 0 0 1
-2 2
+13 6
-7 6 6
+7 6
-1 6
+1 6 0 6
-1 6
+6 6 0 6
-16 18 6
+4 1 1 0 1 0 0 1
+7 1
-1 1
+1 1 0 1 0 0 1 0 0 1
-1 1
+6 1 0 1
-16 3 1
+21 3 1
+37 2 0 0 1 0 0 1
+15 1
+1 1
-15 2
+20 1 1 0 1 0 0 1
-1 4 0 1
+1 2 1 1 1 0 0 1
-1 5 1 1
cfi=(13) ./elf/./elf/dl-sort-maps.c
cfn=(248) _dl_sort_maps
calls=1 298 
* 439 115 67 12 1 0 12
+5 1 0 1
+2 1 1
+1 1 0 1
+1 2 1
-2 1 0 1 1 0 0 1
+2 1
+7 3 1
+3 2
+3 8 7
198 46 20 0 2 0 0 2
+3 5
fi=(74)
-70 15 0 5
cfi=(73) ./malloc/./malloc/scratch_buffer_set_array_size.c
cfn=(244) __libc_scratch_buffer_set_array_size
calls=5 30 
* 125 30 20 2 0 0 2
fe=(67)
+70 10
+4 10 5
547 5 0 3
cfi=(29)
cfn=(80)
calls=1 210 
* 19 5 4 0 0 1 0 0 1
* 3 2
-53 2 0 0 1 0 0 1
144 2 0 1 1 0 1 1 0 1

fn=(222) openaux
61 78 0 26 1 0 0 1
+7 13 13
-4 39 39
+1 13 13
-1 91 13 13
cfi=(31)
cfn=(170)
calls=13 2213 
* 25998 5236 2472 114 179 193 114 179 193
* 13 0 13
+5 39 39

fl=(33) ./elf/./elf/dl-execstack-tunable.c
fn=(94) _dl_handle_execstack_tunable
24 2 0 1 1 0 0 1
+1 2
-1 2
+1 2 0 1
cfi=(11)
cfn=(28)
calls=1 435 
* 18 4 1 0 1 0 0 1
* 5 1 0 1 0 0 1
+14 2 2

fl=(248) ./elf/./elf/dl-call_fini.c
fn=(3302) _dl_call_fini
24 56 0 28 2 0 0 1
+4 14 7
+6 7 7 0 0 6
-2 7 0 7
+3 14
+4 10 10 0 0 7 0 0 1
+3 10
-4 25 10 0 1 0 0 1
+5 5 5 5 0 5 0 0 1
cob=(6)
cfi=(203)
cfn=(3450)
calls=1 -43 
* 42 14 12 3 1 0 2
cob=(3)
cfi=(204)
cfn=(3432)
calls=1 -43 
* 115 29 16 4 2 0 4
cob=(7)
cfi=(205)
cfn=(3342)
calls=1 -43 
* 8699 3023 1492 56 159 6 55 27 3
cob=(5)
cfi=(197)
cfn=(3318)
calls=1 -43 
* 115 29 16 13 6 1 9 1 1
cob=(4)
cfi=(191)
cfn=(3304)
calls=1 -43 
* 13 4 3 0 1 0 0 1
* 1 1 1
cob=(6)
cfi=(203)
cfn=(3462)
calls=1 -43 
* 115 29 16 4 2 0 2
-1 18
+5 7 7 0 0 6
+1 14
+1 10 10 0 0 4 0 0 1
+1 25 20
-1 5
cob=(4)
cfi=(191)
cfn=(3478)
calls=1 -49 
* 4 1 0 2 0 0 2
cob=(4)
cfi=(191)
cfn=(3448)
calls=1 -49 
* 4 1 0 1 0 0 1
cob=(4)
cfi=(191)
cfn=(3430)
calls=1 -49 
* 4 1 0 1 0 0 1
cob=(4)
cfi=(191)
cfn=(3340)
calls=1 -49 
* 4 1 0 1 0 0 1
cob=(4)
cfi=(191)
cfn=(3314)
calls=1 -49 
* 4 1
+1 12 10 0 1 0 0 1

fl=(70)
fn=(236) _dl_cache_libcmp
340 39 0 0 1 0 0 1
+1 39 39
-1 39
+1 78
+22 456
+2 456
-12 198 198
+16 198
+1 198
-29 396
+4 237 237 0 1 30 0 1 30
-2 474
+2 237
-2 474
+2 18
+6 9
+2 9 9
-2 9
+1 9
-1 9
+1 9
+1 27
+2 36 9 0 1 0 0 1
+2 18 0 0 1 0 0 1
-16 27
+32 27 18
-7 90 30

fn=(230)
386 40 0 28 1 0 1 1 0 1
+2 8 4
+3 12 4 0 1 0 0 1
+69 9 3
+5 12 4
206 12 4
468 8 0 4
199 8
332 15
206 30
+2 150 0 0 1 0 0 1
+1 30
-23 30
+23 30 30 0 0 23 0 0 23
+4 60
+4 90 30 30
cfn=(236)
calls=30 340 
* 2569 364 0 4 26 0 4 26
+1 60
329 26
+1 11 0 0 1 0 0 1
206 22
499 28 8 4 1 0 0 1
228 7 7
+3 14
+2 28 0 7
cfn=(236)
calls=7 340 
* 864 122 0 0 4 0 0 4
* 14
+2 3
-9 18
+9 24 4 8 1 0 0 1
fi=(266) ./elf/../sysdeps/x86/dl-isa-level.h
28 24 8 8
fe=(70)
325 20 4 8
-80 16 8 0 1 0 0 1
+4 8 4 0 0 2 0 0 2
+1 6 0 2
cfn=(236)
calls=2 +90 
* 383 54
* 4
+5 24 16
+1 16 4 0 0 1 0 0 1
+16 4 0 0 1 0 0 1
fi=(71) ./elf/../sysdeps/generic/dl-cache.h
125 4 4
fe=(70)
272 16
+9 8 4
+5 8
+27 8 0 4
483 8 4 0 1 0 0 1
+12 8 4 4
cfi=(22)
cfn=(60)
calls=4 57 
* 140 20 0 0 4 0 0 4
+1 4
-1 4
+1 40 0 0 1 0 0 1
+1 4
-1 4
+1 4 4
-1 4
+1 4 0 4
cfi=(29)
cfn=(80)
calls=4 210 
* 76 20 16
* 4
+1 4 0 4
cfi=(46)
cfn=(140)
calls=4 40 
* 364 68 48 0 0 3 0 0 3
+1 32 28
-3 8 0 4
394 4 0 1 1 0 0 1
cfi=(55)
cfn=(232) _dl_sysdep_read_whole_file
calls=1 36 
* 103 16 16 3 0 0 3
* 1
+8 5 1 0 1 0 0 1
+1 8 3 0 1 1 0 1 1
+3 3
+1 1 1
-1 4
fi=(71)
194 1 1
+1 5 0 0 1 0 0 1
fe=(70)
414 1 0 1 1 0 0 1
+1 2 0 1

fn=(640) _dl_unload_cache
508 1 0 0 1 0 0 1
+1 4 1 0 0 1
-1 1 0 1
+3 1 1
-3 1
+3 1 0 1
cfi=(144) ./misc/../sysdeps/unix/syscall-template.S
cfn=(642) munmap
calls=1 117 
* 6 1 0 1 0 0 1
+7 1 1
-6 1 0 1
+4 1 0 1 1 0 0 1
+2 1 1

fl=(182) ./elf/../sysdeps/nptl/dl-mutex.c
fn=(600) __rtld_mutex_init
30 2 0 1
+10 4 0 0 1 0 0 1
-10 3 0 2
+7 1 1
+3 2 0 1
cfi=(183) ./elf/./elf/dl-lookup-direct.c
cfn=(602) _dl_lookup_direct
calls=1 +34 
* 262 54 14 8 10 0 8 5
+4 2
+1 9 3 0 1 0 0 1
+2 5
-2 1 0 1
+2 1 0 1
cfi=(183)
cfn=(602)
calls=1 +27 
* 217 51 14 0 7 0 0 4
* 1
+4 2
+1 6 3 0 1 0 0 1
+1 2 2
-1 1 0 1
+1 2 2

fl=(245)
fn=(3296)
26 6 0 4 1 0 0 1
+17 1
-17 4 0 3
+20 8 1 0 0 1
+3 2 1 1 1 1 0 1
cob=(2)
cfi=(246)
cfn=(3298)
calls=1 +22 
* 38 9 5 5 1 0 5
+2 1 1 0 0 1
+3 2
+2 5 2
-10 4 0 0 1 0 0 1
+95 2 1
+13 8 7
-13 2 1 1
+2 1
-2 2 0 0 1 0 0 1
+6 2 1
-84 3 0 1 1 0 0 1
-2 1 0 1
+2 1 0 1
cfi=(51)
cfn=(638) _dl_audit_activity_nsid
calls=1 -22 
* 10 3 0 2 1
+5 16 1 1 1 0 0 1
+6 1 1
-6 1
+4 1
+2 3
+2 14 7 0 1 1 0 1
+2 14
+2 14 0 7
+1 7 0 7 0 0 6 0 0 1
+1 7
+4 7 0 7 0 0 1
-12 21 7 0 0 2
+19 6 0 0 1 0 0 1
+1 4
+6 6 0 3 0 0 1
cfi=(13)
cfn=(248)
calls=1 298 
* 505 137 67 16 11 2
+9 2 1 1 1 0 0 1
cob=(2)
cfi=(247)
cfn=(3300)
calls=1 357 
* 28 7 5 3 0 0 3
+5 6 2
+2 1 1
+2 2 1
-2 6 6
+2 12 6
+13 2
+4 3 0 1
cfi=(51)
cfn=(638)
calls=1 -94 
* 10 3
* 2 1
-15 28 0 21 1 0 0 1
cfi=(248)
cfn=(3302)
calls=7 -96 
* 9359 3220 1596 89 199 7 80 32 4
+3 14 0 7
cfi=(51)
cfn=(3316) _dl_audit_objclose
calls=7 -26 
* 35 14 0 1 0 0 1
-9 14 14
+14 7 0 7
-14 22

fl=(82)
fn=(294)
767 22488 0 11244 1 0 4 1
fi=(83) ./elf/../sysdeps/generic/dl-new-hash.h
74 1874 1874 0 0 919 0 0 765
fe=(82)
767 5622 0 5622 0 0 10 0 0 1
fi=(83)
77 3748
-8 1874 0 0 1 0 0 1
+1 3748
+10 1874 1874 0 0 26 0 0 26
+1 3748
-1 37814 37814 0 0 461 0 0 418
+1 75628
+20 38756
-2 38756
+6 38756
-3 77512
+2 38756
-30 38756 38756 0 0 471 0 0 426
+3 77512
fe=(82)
769 1874
+1 1874 0 0 1 0 0 1
+3 1874 0 1874 0 0 4
-4 1874 0 1874
+1 1874 0 1874
+7 7460 1856
+5 3748 3748 0 0 4
-2 3748 1874
+6 5622
-15 5622 1874 0 1 0 0 1
+15 15062 14 5622
+1 26236 13118 13118 1 0 5 1 0 1
cfn=(298) do_lookup_x
calls=1874 344 
* 686787 223954 89988 66 3798 43 54 1196 13
* 5622
+5 7496 3748 0 1 0 0 1
+23 1860 1860
+1 11140 1855
+7 1860 1860
-7 1860
+35 7440 1860
+14 5580 1860 0 1 13 0 1
+3 3720 1860
+17 3720 1860 1860
+2 16866 13118
fi=(83)
87 932 0 0 1 0 0 1
+1 932
+1 1864
+1 932
fe=(82)
794 98 28 0 1 0 0 1
+17 14 0 14 1 0 0 1
+1 28
+54 2 0 1 2 0 0 2

fn=(298)
344 28110 3748 18740 1 0 11 1 0 3
+6 1874 1874 0 1 4 0 1
+59 1874 0 1874
-58 1874 1874
fi=(84) ./elf/../sysdeps/generic/dl-protected.h
29 1874 1874
fe=(82)
409 1874
fi=(84)
29 1874 0 1874
fe=(82)
409 13118 3748 1874
-26 12206 6103 0 1 24 0 1
+4 12206 6103 0 0 4
+6 18309 6103 0 0 18
+8 6103 6103 0 0 25
-4 6103 0 6103
+1 6103 0 6103 1 0 0 1
+3 24412 12206 0 0 26
+1 12206 12206 0 0 4
+3 6103 6103
-3 6103 0 6103
+4 12206
+7 6103 6103
-3 12206 12206
-2 6103 6103 0 0 635 0 0 139
+5 18309
+3 42721
+99 12729 4243 4243
355 18309 18309 0 1 32 0 1
+3 12206 0 0 1 0 0 1
+4 12206
518 28 0 0 1 0 0 1
fi=(4)
151 3720 1860 0 1 0 0 1
+1 5580
fe=(82)
473 3720 0 0 1 0 0 1
fi=(84)
29 3720
fe=(82)
480 9820 1860
+16 3556 1778 1778
+1 1778 0 1778
+1 1778
+21 14224 12446
-21 82
+21 768 672
-99 5703 0 0 1 0 0 1
-1 3802 3802 0 0 867 0 0 191
+2 3802
+2 1896 1896
+6 5688 0 3792 1 0 7 1 0 2
-6 1896
+6 15168 0 9480
+7 8646
-10 23705 4741 0 1 1490 0 1 473
+2 1862
+1 5586 1862 1862
-1 1862
+1 3724 1862 1862 0 0 7 0 0 2
-1 1862
+1 5586 3724 3724 0 0 2 0 0 1
+1 1862
-1 1862 0 1862
+1 1862 0 0 1 0 0 1
-1 11172 7448 1862
cfn=(300) check_match
calls=1862 70 
* 177036 51131 13097 26 521 14 14 287 5
+4 20458 9295 0 1 0 0 1
219 82 82 0 1 0 0 1
+2 82
-2 164 0 164
+2 82
-2 82 0 82
+2 82
+2 82 0 0 1 0 0 1
-2 246 82 164 0 2
cfi=(24)
cfn=(84)
calls=82 43 
* 246 82
+2 82 82 0 0 2 0 0 1
+2 328 164
-1 81 81
+3 405 0 162 1 0 0 1
+1 81 81
-1 81 0 81
+1 81
-1 162
+1 162
-1 81 0 81
+1 162
-1 1675 0 254 1 0 0 1
+24 352
+3 95
+1 285
-23 176 176 0 0 68 0 0 43
-1 352 176 0 1 0 0 1
484 3672 1224 0 1 2 0 1
+4 1 0 1 1 0 0 1
fi=(28)
44 4 1 2
cfi=(27)
cfn=(72)
calls=1 +36 
* 29 4 3 0 1 1
* 1
fe=(82)
299 2
+3 1 0 1
-75 1 1
+70 1
+7 1 1
-7 1 1
+6 1 0 1 1 0 0 1
-76 1
+77 1 0 1
167 12
+1 6 0 0 1 0 0 1
308 5 2
-1 2 1
+1 405 162
-1 162 81
+19 246 82 82 1 0 0 1
+2 82 82
-2 82 0 82
+2 82 82 82
cfi=(24)
cfn=(84)
calls=82 43 
* 246 82
+2 164 164
+1 82 0 82
-1 82 0 82
+1 82
173 518 0 0 1 0 0 1
-2 84
+1 252
-3 332 166 0 1 2 0 1 2
+7 82 0 82
+1 82 0 82
+1 82 0 82
+1 82 0 82
315 328 82
467 75 38 0 1 0 0 1
+2 2
259 1134 567 0 1 0 0 1
+7 12 0 10 1 0 0 1
cfi=(55)
cfn=(584) _dl_higher_prime_number
calls=2 85 
* 159 14 0 2 4 0 2 2
fi=(28)
44 2
fe=(82)
266 2
fi=(28)
44 4 2 2
cfi=(27)
cfn=(72)
calls=2 +36 
* 58 8 6 0 1 1
* 2
fe=(82)
269 4
168 4 2
276 6 6 0 1 0 0 1
168 6 0 2
276 282
+1 276 92 0 1 10 0 1 2
+1 140 70
167 70
278 210 140
167 70
+1 70
-1 70
+1 210 70
+1 440 0 0 1 0 0 1
+2 14
+1 42
-3 168 84 0 0 56 0 0 56
+7 70 0 70
+3 70 0 70
-2 70 0 70
+3 70
+76 322 46 0 1 0 0 1
445 259 185 0 2 0 0 2
173 10 0 0 1 0 0 1
282 14 4 6 1 0 0 1
cfi=(27)
cfn=(144)
calls=2 97 
* 10 4
+4 2 2
167 2
285 6 4
-2 2 0 2
+3 2 0 2
167 2 2
285 2 0 2
-1 2
167 2
+1 2 2 0 1 0 0 1
-1 2
+1 8 2

fn=(300)
70 3724 1862 0 1 67 0 1 48
+3 14896 3724 0 0 218 0 0 171
+13 9310
-16 16758 0 7448 1 0 12 1 0 4
+19 4119 158 79
cfi=(34)
cfn=(98)
calls=79 +9 
* 3834 658 0 17 74 0 8 44
* 158
+4 3724 3724 0 0 6
+1 3724
+4 3716 0 0 1 0 0 1
+4 3716 3716 0 0 41 0 0 14
+1 16722 7432 0 0 18
+1 9280 3712 5568 1 11 2 1 0 1
cfi=(34)
cfn=(98)
calls=1856 -6 
* 60960 13105 0 3 83 0 0 9
* 3712 3712
+54 1856
-54 3712
+55 13034 9310
-1 4
-17 8
+2 8 8 0 0 3 0 0 1
+1 4 0 0 1 0 0 1
-1 8
+1 12
-1 8
+4 2
-35 7 3 1
+3 2 1 1
-37 6
+31 6 2 0 1 0 0 1
+1 2 2
+1 4 2

fl=(25) ./elf/./elf/dl-environ.c
fn=(68) _dl_next_ld_env_entry
28 3 0 0 1 0 0 1
+1 3 3
+3 29 23
+13 19
-13 38
+2 42 21 0 1 0 0 1
+1 12 6
+5 2
-3 2
+3 2 0 2
+2 2 2

fl=(9) ./elf/../sysdeps/unix/sysv/linux/dl-sysdep.c
fn=(18) _dl_sysdep_parse_arguments
78 1 0 1 1 0 0 1
+2 1
-2 7 0 5
+1 1 1
+1 1 0 1
-1 1 0 1
+2 3 0 1 0 0 1 0 0 1
+2 3 1 0 0 1 0 0 1
-1 1 0 0 1 0 0 1
+1 2 1
-1 20
+1 40 20 0 0 2 0 0 2
+7 56 0 52 0 0 7 0 0 7
fi=(10) ./elf/../sysdeps/unix/sysv/linux/dl-parse_auxv.h
-48 1 1
fe=(9)
+44 1
fi=(10)
-53 1
fe=(9)
+53 1 0 1 0 0 1 0 0 1
fi=(10)
-53 1 0 1
+1 1 0 1 1 0 0 1
+1 1 0 1
+7 3
+1 44
+1 22 22 0 0 6 0 0 6
-2 22
+2 22 0 22
-2 66 22 0 1 0 0 1
+13 1 1
+10 1
fe=(9)
+29 1 1
fi=(10)
-27 1
fe=(9)
+26 1 1
+2 1 1
fi=(10)
-40 1 0 1
+2 1 1
fe=(9)
+37 1 0 1
fi=(10)
-47 1 1 0 1 0 0 1
+10 1 0 1
+8 1 1
-17 1 1
+1 1 1
+16 1
-15 1 1
+1 1 1
+14 1
+2 1 1
-15 1 1 0 1 0 0 1
+1 1 1
+1 2 2
+13 3 1
-18 1 0 1
+6 1 1
-5 1 0 1
+5 1 0 1
+2 1 1 0 1 0 0 1
-6 1 0 1
+6 1 0 1 0 0 1 0 0 1
fe=(9)
+37 1 1
fi=(10)
-42 1 0 1
-4 1 0 1 0 0 1 0 0 1
+5 1 0 1
+1 1 0 1
-8 1 0 1
+21 1 0 1 1 0 1 1 0 1
-20 1 0 1
+18 1 0 1
fe=(9)
+28 1 0 1
+1 1 0 1
+1 1 0 1
+1 8 7

fn=(16) _dl_sysdep_start
102 5 0 2 1 0 0 1
+4 1
-4 1
+1 1 0 1
+3 1 0 1 0 0 1 0 0 1
cfn=(18)
calls=1 -28 
* 376 95 106 8 9 12 8 9 12
+4 2 1 1
cfi=(11)
cfn=(22) __GI___tunables_init
calls=1 294 
* 5221 872 33 10 20 4 10 20 4
+3 1 0 1
cfi=(13)
cfn=(26) _dl_sort_maps_init
calls=1 289 
* 32 7 4 4 2 0 4 2
+2 2 0 1
cfi=(14) ./elf/../sysdeps/unix/sysv/linux/brk.c
cfn=(30) brk
calls=1 -79 
* 8 1 1 1 0 1 1 0 1
fi=(6) ./elf/../sysdeps/x86_64/dl-machine.h
+94 1 0 1
cfi=(15)
cfn=(34)
calls=1 37 
* 7126 845 507 102 27 9 102 27 9
fe=(9)
-87 3 1 0 1 0 0 1
+1 1 0 1
cfi=(22)
cfn=(60)
calls=1 -66 
* 17 2 0 2 1 0 2 1
* 1 0 1
+2 2 0 1
cfi=(23) ./elf/../misc/sbrk.c
cfn=(62) sbrk
calls=1 -88 
* 13 3 1 2 0 0 2
* 3
+12 3 1
+3 5 3 1 1 0 0 1
cfi=(2) ./elf/./elf/rtld.c
cfn=(64) dl_main
calls=1 1356 
* 1740767 458329 168342 958 10944 2490 958 7220 1758
+3 4 4 0 0 1

fn=(636) _dl_sysdep_start_cleanup
147 1 0 0 1 0 0 1
+1 1 1

fl=(11)
fn=(58) __GI___tunable_set_val
162 6 0 0 1 0 0 1
-89 6
+89 18
-89 48 6
+21 6 6 0 1 0 0 1
-11 6 6
+12 6 6
-1 18 6
+1 24 6
+4 12
+2 12
+4 6
-4 12
+11 12 0 0 1 0 0 1
+1 12
+3 12 0 6 1 0 0 1
+1 6 0 6
+1 6 0 6
+1 6 0 6
+47 6 6

fn=(22)
294 1 0 0 1 0 0 1
+6 3 1
-6 1 0 1
+10 2
-10 3 0 2 1 0 0 1
-39 1
+39 1 0 1
+10 1
-10 2 0 1
+10 1
-10 3 0 1
+10 28 0 27 0 0 4 0 0 4
+2 1
43 110 22 0 1 0 0 1
+6 21 21 0 0 7 0 0 7
-3 21
+3 1652 212 0 1 2 0 1 2
+4 42
+4 21
fi=(12) ./elf/./elf/dl-tunables.h
161 62 10
fe=(11)
+27 21 0 0 1 0 0 1
319 84 21 0 1 1 0 1 1
+1 21
+2 63 21 0 0 1 0 0 1
-3 672 168 0 0 1 0 0 1
+1 168
+2 504 168 0 0 8 0 0 8
-5 588
fi=(12)
160 200 200
+1 800
-1 55 11 0 1 0 0 1
fe=(11)
337 6 1 0 1 0 0 1
+6 27 9 0 1 0 0 1
-3 27 0 0 1 0 0 1
+12 8 7

fn=(28)
435 33 0 0 1 0 0 1
+3 66
-3 33
+3 165 33 0 0 30 0 0 29
+9 30 30 0 0 19 0 0 14
-9 60
+19 21 0 21
+7 99 33 0 0 7 0 0 5
+2 33 33
-19 12 0 12 1 0 0 1
+1 12
+9 6

fl=(180) ./elf/./elf/dl-find_object.c
fn=(592) _dlfo_process_initial
505 14 0 12 1 0 0 1
+3 2
-3 2
+1 2 2
+3 4 2 0 1 0 0 1
+5 10 2 2 0 1
+10 10
-9 6 2 0 1 0 0 1
+1 14 14 0 0 2
-1 28
+3 52 12
+3 48 12
-7 10 2 0 1 0 0 1
+34 2 2
-2 2 0 2
+2 16 14
-24 24 12 0 1 0 0 1
+5 36 12 0 1 0 0 1
+3 6
-1 18 0 6
cfi=(181) ./elf/./dl-find_object.h
cfn=(594) _dl_find_object_from_map
calls=6 105 
* 746 118 42 0 74 3 0 0 3
+2 24
-56 6 0 2 1 0 0 1
cfi=(181)
cfn=(594)
calls=2 105 
* 286 44 14 2 14 0 2
+5 2 2
-1 2 2 0 1 0 0 1
+1 4
+1 4
+3 7 2 0 0 1
-2 30 15
+5 10 5
+5 5
-5 30 10 15 0 0 4 0 0 4
+1 10 10
+1 5 0 5
+1 10 5 5
-9 49 0 0 3 0 0 3
+11 45 15 0 1 0 0 1
-11 15
+11 15
-11 31

fn=(596) _dlfo_sort_mappings
553 1 0 0 1 0 0 1
+1 2
-1 2 0 1
+4 2
-4 2 0 1
+4 1
-4 3 0 1
+8 1 0 0 1 0 0 1
+1 1
-1 1 1
+1 2
-1 9
+1 9
-1 9 9
+1 58
+1 20 10
+2 20
-3 40
+1 90 45
+2 90
-3 180
+8 30 10 0 1 0 0 1
+1 30 20
-1 20 20
+1 50 20 30
+1 30 0 30
-15 30
+17 4 4

fn=(590) _dl_find_object_init
578 6 0 3 1 0 0 1
+3 1 1 0 0 1
+2 2 1 0 1 0 0 1
+7 2 0 1 0 0 1
+6 1 0 1
cfn=(592)
calls=1 -91 
* 417 84 16 13 18 0 13
* 1
+1 3 1
fi=(28)
56 1 1 1
cfi=(27)
cfn=(76)
calls=1 -20 
* 18 3 3 0 1 1
fe=(180)
597 1 0 1
+2 2
+3 3 0 1 1 0 0 1
+5 1 0 1
+1 1 0 1
cfn=(592)
calls=1 505 
* 1225 232 89 1 74 7 1 0 7
+3 4 2
+10 5 4
-8 1 0 1 1 0 0 1
cfn=(596)
calls=1 -60 
* 737 139 63 3 0 0 3
+3 6 3 1 1 0 0 1
+2 1

fl=(20) ./elf/../sysdeps/x86/dl-cacheinfo.h
fn=(56) get_common_cache_info.constprop.0
624 11 0 6 1 0 0 1
+47 1 1
-29 1 1
-3 1 1
+32 1
-17 2
-11 1 1
+28 2 0 0 1 0 0 1
+4 2
-26 1 0 1
+31 1
-14 1 0 1
-15 4 1 1
+32 1 0 1
-32 9 3 1 1 0 0 1
+75 4 0 0 1 0 0 1
+8 1
+2 1 1
-2 5 1
+2 2
-2 1
-4 3 1
+31 2
-21 4
+2 1
+2 2
-4 3 0 0 1 0 0 1
+2 1
+2 6
+2 4
+3 2
+5 1
+2 2 0 0 1 0 0 1
+1 1
+1 1
-2 2
+1 1
-19 4
+46 2
+2 1 1
-1 1
+1 2
+1 1 0 1
+25 3 1 0 1 0 0 1
+11 4
+1 5 0 0 1 0 0 1
+4 2 1
+7 1 0 1
+1 1 0 1
+1 1 0 1
+1 7 7
693 6 0 0 1 0 0 1
+14 2
+4 1
+3 1
+1 1
-4 2 0 1
+3 3 0 1
+6 4
-37 12
+7 6
-7 3 0 0 1 0 0 1
+7 2
+3 20
+5 2
+4 1
+1 1
-1 2
+1 1
+61 2 0 0 1 0 0 1
+7 1 1
+2 2
-16 1
+22 1
-6 2
+1 2 0 1 1 0 0 1
+5 1

fn=(52) intel_check_word.constprop.0
133 48 0 0 1 0 0 1
-4 48 0 24
+10 72
+87 24
-97 72 0 48 1 0 0 1
+90 24
-90 48 0 24
+10 48
-10 24 0 24
+10 24
+73 72 48
-73 24
+73 48
-69 24
+2 48 0 0 1 0 0 1
-10 12
257 144 144
-31 144 0 0 1 0 0 1
fi=(21) ./elf/../bits/stdlib-bsearch.h
28 144
fe=(20)
+92 96 48 0 0 1 0 0 1
fi=(21)
-92 108
fe=(20)
+92 72 36 0 0 1 0 0 1
+3 324
fi=(21)
-97 768
+2 720
fe=(20)
+92 480 240 0 0 4 0 0 4
+21 144
+2 36
+2 132 0 0 1 0 0 1
+8 120 0 0 1 0 0 1
+51 96
fi=(21)
44 60
-18 120
+17 72
fe=(20)
165 36 0 0 1 0 0 1
+3 60
+9 18
+1 18
+1 18
+1 18 0 0 1 0 0 1
-18 18
+12 18
+23 21
-32 63
+3 63
+4 58
+2 116
+3 58
+1 50
+1 38
+1 24
+2 11 0 0 1 0 0 1
+2 22
+6 14
+3 8 0 0 1 0 0 1
+1 12
-3 9
-5 4 0 0 1 0 0 1
+2 4
+1 4
-2 4
-1 4
+2 8
-2 4
+3 4
-2 12
+2 12
+11 2
-38 6 0 0 1 0 0 1
+12 15

fn=(50) handle_intel.constprop.0
266 24 12 0 1 0 0 1
-5 12 0 12
+17 12
-17 96 0 60
+11 12 0 12
+6 36 0 12
+4 24
+34 96 84
-29 12 0 0 1 0 0 1
+3 24
-3 12
+3 12 0 12
cfn=(52)
calls=12 133 
* 4008 420 60 6 6 0 6 6
+2 24
+3 60 0 12 1 0 0 1
cfn=(52)
calls=12 133 
* 1286 96 60 6 0 0 6
+2 24

fl=(56)
fn=(182)
28 24 0 12 1 0 0 1
+3 12
-3 36 0 12 0 0 2 0 0 2
+3 72
+8 84 0 0 1 0 0 1
+2 12 12
-2 18 0 6
+2 12 12

fl=(181)
fn=(594)
105 8 8 0 1 5 0 1
+10 8
+1 8
-11 8 0 8 0 0 1 0 0 1
+1 16 8 8
+1 8 0 8 0 0 1 0 0 1
+8 8 0 8 0 0 1 0 0 1
+1 8 0 8
+5 32 16 0 1 6 0 1
+1 16
-19 16
+21 196
-2 318
+2 318 106 0 0 73
+3 8 8
+5 8
-5 16 8 8 0 4
+16 16
+5 8 0 8
+1 8 8

fl=(43)
fn=(122)
32 29 0 0 1 0 0 1
+1 29
+1 29
+1 29
+1 29 0 0 1 0 0 1
+1 29
+1 29
+1 29
+1 29
+1 29 29 0 0 2 0 0 2
+1 29
+1 29
+1 29
+1 29
+1 29
+1 29
+1 29
+1 29
+1 24
+4 24
+1 24 0 0 1 0 0 1
+1 24 24
+1 24
+2 24 24
+4 5 5
+1 5
+1 5
+1 5
+1 5
+1 5
+1 5 5 0 0 1 0 0 1
+1 5
+1 5
+1 5
+1 5
+1 5 0 0 1 0 0 1
+1 5
+1 5 5 0 0 1 0 0 1
+1 5
+1 5
+1 5
+1 5
+1 5
+1 5
+1 5
+1 5
+1 5
+1 5
+52 5 0 0 1 0 0 1
+4 5
+1 5
+1 5 5
+1 5
+2 5 5

fl=(183)
fn=(602)
74 39 0 27 2 0 0 2
+2 6 3
+2 9
+37 3
-37 9 9 0 0 3
+1 6
+2 15 3 3 1 0 0 1
+3 25 5 0 0 3 0 0 1
-52 3 3
+54 6 3
-54 3
+54 3
-54 9 6 0 1 0 0 1
+1 9
+2 6 3 0 0 3 0 0 3
+1 6 3
+12 9 3 3
+3 3 3
+2 6 3 3
-2 3 3
+2 9 3 3 1 0 0 1
cfi=(34)
cfn=(98)
calls=3 +45 
* 214 31 0 1 8 0 1 7
* 6
+4 6 6
+1 3 3
-1 3 3 0 0 3 0 0 1
+1 15 6 0 0 1
+1 9 6 3 1 0 0 1
cfi=(34)
cfn=(98)
calls=3 +39 
* 217 27 0 0 6 0 0 2
* 6
+57 27 21
-23 6 0 0 1 0 0 1

fl=(14)
fn=(30)
36 1 0 0 1 0 0 1
fi=(267) ./elf/../sysdeps/unix/sysv/linux/brk_call.h
-12 2
fe=(14)
+13 1 0 1 0 0 1 0 0 1
+1 2
+6 1
+1 1 1

fl=(72)
fn=(242)
25 4
+1 8
+1 2 2

fl=(66) ./io/../sysdeps/unix/sysv/linux/access.c
fn=(216) access
25 1
+2 7 0 1
+4 1 1

fl=(16)
fn=(36)
728 1 0 1 1 0 0 1
+23 1
-23 7 0 5
+3 1 0 1
+9 1 0 1 1 0 1 1 0 1
-8 1 0 1
+1 1 0 1
+9 1 0 1 0 0 1 0 0 1
+9 2 0 1
+3 6 0 0 1 0 0 1
+6 6 0 1
cfn=(38) get_common_indices.constprop.0
calls=1 431 
* 71 10 23 7 0 3 7 0 3
409 3
+1 2
+1 6 0 4 1 0 0 1
+5 2
+1 6 0 4 0 0 1 0 0 1
+5 2 0 0 1 0 0 1
+1 8 0 4
765 1 0 1
cfn=(42) update_active.constprop.0
calls=1 90 
* 202 41 43 19 1 1 19 1 1
+4 1 1
+42 1 1 0 1 0 0 1
-38 1 1
+15 1 1
-18 1
+41 1 0 1
-36 1 1
-5 1
+39 1 1
-39 1 0 1
+3 2
901 2 1 0 1 0 0 1
+7 2 0 1
+60 2 1
+7 2 1
+2 2 0 1
+4 2
+6 2 1 0 1 0 0 1
1156 1
758 1
1156 1
fi=(20)
1010 6 0 1
fe=(16)
755 1 0 0 1 0 0 1
1148 3 1 0 1 0 0 1
+1 2 0 1
+3 2
+1 2 0 1
+3 2
+7 1 0 1
+1 1 0 1
+1 1 0 1 1 0 0 1
+1 1 0 1
fi=(20)
861 2
964 1 1 0 1 0 0 1
+5 1 0 1
+11 1
-9 1 1
+4 1 0 1
+5 1
-16 1 0 1 0 0 1 0 0 1
+1 1 1
+15 1
-9 1 0 1
+2 1 1 0 1 0 0 1
-8 1 0 1
+1 1 1
+4 1 0 1
-4 1 0 1
+1 1 1
+5 1 0 1
-5 1 0 1
+1 1 1
+5 1 0 1
-5 1 0 1 1 0 0 1
+6 1 0 1
+37 2
-17 3 1
+8 2
+29 6 0 0 1 0 0 1
+9 2
+20 2 1 0 1 0 0 1
+13 2
-13 1
+6 1
+20 1
-20 1
+7 1
-7 1 0 1
+7 1 0 1
cfi=(11)
cfn=(28)
calls=1 435 
* 17 4 1 0 2 0 0 2
* 1 1
+3 1 1
+2 2
-3 1
+1 3 1 1 1 0 0 1
+2 1
-2 1 0 1
+2 1 0 1
cfi=(11)
cfn=(28)
calls=1 435 
* 17 4 1 0 2 0 0 2
* 1 1
+12 1
+68 1 1
-68 1
-10 1
+78 2 1
-72 2 1 0 1 0 0 1
+72 1 0 1
-68 1
+68 1 0 1
-68 1 0 1
cfi=(11)
cfn=(28)
calls=1 435 
* 17 4 1 0 2 0 0 2
* 1 1
+5 1
-4 1
+4 1
-4 2
+55 1 0 0 1 0 0 1
-51 1
+51 1 0 1
-51 1 0 1
cfi=(11)
cfn=(28)
calls=1 435 
* 17 4 1 0 2 0 0 2
* 1 1
+5 1
-4 1
+4 1
-4 2
+37 1
-33 1
+33 1 0 1
-33 1 0 1 1 0 0 1
cfi=(11)
cfn=(28)
calls=1 435 
* 17 4 1 0 2 0 0 2
* 1 1
+7 1
-6 1 1
+6 1
+42 1 1
-42 2 0 1
cfi=(11)
cfn=(28)
calls=1 435 
* 17 4 1 0 2 0 0 2
+2 1 1
-2 1 1
+42 1
-40 1
-2 1 0 1 1 0 0 1
+26 10 1 6
cfi=(11)
cfn=(58)
calls=1 162 
* 40 7 4 4 0 0 4
+6 3 2 0 1 0 0 1
+3 9 1 5
cfi=(11)
cfn=(58)
calls=1 162 
* 40 7 4
+2 10 2 5 1 0 0 1
cfi=(11)
cfn=(58)
calls=1 162 
* 40 7 4
+1 10 2 5 1 0 0 1
cfi=(11)
cfn=(58)
calls=1 162 
* 40 7 4
+1 11 1 5 1 0 0 1
cfi=(11)
cfn=(58)
calls=1 162 
* 40 7 4
+3 10 1 5 1 0 0 1
cfi=(11)
cfn=(58)
calls=1 162 
* 40 7 4
+8 1 1
fe=(16)
+13 2
fi=(20)
-10 1 1
fe=(16)
+10 1
fi=(20)
-9 1 0 1
-4 1 0 1
+1 1 1 0 1 0 0 1
+2 1 0 1
+2 1 1
-4 1 0 1
+1 1 1
+3 1 0 1
-3 1 0 1
+4 1 0 1
fe=(16)
+7 1 0 1
cfi=(11)
cfn=(28)
calls=1 435 
* 16 3 1 0 2 0 0 2
+3 4 0 1 1 0 0 1
cfi=(11)
cfn=(28)
calls=1 435 
* 18 4 1
+9 1 1
+4 1 1
-4 2
+55 1 1 0 1 0 0 1
-1 1 0 1
+1 1
+45 4 0 1
cfi=(11)
cfn=(28)
calls=1 435 
* 16 3 1 0 2 0 0 2
+2 4 0 1 1 0 0 1
cfi=(11)
cfn=(28)
calls=1 435 
* 16 3 1 0 1 0 0 1
+4 2 1
+3 4 1
+3 1 0 1 0 0 1 0 0 1
+35 3
-32 1 0 1
+32 1 0 1
cfi=(11)
cfn=(28)
calls=1 435 
* 18 4 1 0 2 0 0 2
+7 8 7
fi=(20)
1046 3 0 1 1 0 0 1
+3 1
+1 2 0 1 1 0 0 1
fe=(16)
1195 1
+1 1
-1 1
+1 2
+45 3 1 0 1 0 0 1
+27 2 0 1
-10 3 0 0 1 0 0 1
+1 3 0 0 1 0 0 1
+6 1
-3 2 1
fi=(20)
863 3 0 2 1 0 0 1
cfn=(50)
calls=1 266 
* 443 51 20 13 6 0 13 6
+1 1
-1 1 0 1
+1 1 0 1
cfn=(50)
calls=1 266 
* 521 51 20 1 0 0 1
+4 1
-4 1 0 1
+1 2 0 2 1 0 0 1
+3 1 0 1
cfn=(50)
calls=1 266 
* 471 51 20
+2 1
-2 1 0 1
+2 1 0 1
cfn=(50)
calls=1 266 
* 463 51 20 1 0 0 1
+3 1
-3 1 0 1
+1 2 1 1
+2 1 0 1
cfn=(50)
calls=1 266 
* 433 51 20
+2 1
-2 1 0 1 1 0 0 1
+2 1 0 1
cfn=(50)
calls=1 266 
* 435 51 20
+2 1
-2 1 0 1
+2 1 0 1
cfn=(50)
calls=1 266 
* 496 51 20
+2 1
-2 1 0 1
+2 1 0 1
cfn=(50)
calls=1 266 
* 486 51 20
+2 1
-2 1 0 1
+2 1 0 1
cfn=(50)
calls=1 266 
* 488 51 20
+1 1 1 0 1 0 0 1
+2 1
-3 1 0 1
+1 1 0 1
+2 1 0 1
cfn=(50)
calls=1 266 
* 511 51 20
+2 1
-2 1 0 1
+2 1 0 1
cfn=(50)
calls=1 266 
* 513 51 20
+2 1
-2 1 0 1
+2 1 0 1
cfn=(50)
calls=1 266 
* 514 51 20
+2 4 1 0 1 0 0 1
-2 1 0 1
+2 2 0 2
cfn=(56)
calls=1 624 
* 206 22 18 12 0 0 12
1001 1 1
-6 3 3
+6 1
-6 2 1 1 1 0 0 1
+6 2
-6 2 1 1
+6 3 2
-1 2
fe=(16)
775 3 1 1 1 0 0 1
565 4 1 0 1 1 0 1 1
781 5
+37 2 0 0 1 0 0 1
+3 2 0 1
926 1 0 1
+1 2

fn=(38)
431 3 0 2 1 0 0 1
+4 4
+3 3 0 1 0 0 1 0 0 1
+5 2 0 0 1 0 0 1
-5 1 0 1
+5 1
-5 1 0 1
+4 1 0 1
+1 1 0 1
+1 4 0 1
+1 4 0 1
+1 3 0 1
+1 2 1 0 1 0 0 1
+7 2 1
+2 4 0 1
+5 1
-5 1 0 1
+5 1
-5 2 0 2
+5 1
+7 1 1 0 1 0 0 1
-7 4 0 4 0 0 1 0 0 1
+7 1
+1 3
+6 1 1
-6 4 0 4 1 0 1 1 0 1
+6 1
fi=(17) ./elf/../sysdeps/unix/sysv/linux/x86/dl-minsigstacksize.h
24 2 1 0 1 0 0 1
+3 2 1
+1 2 1
+37 3
+9 2 0 1 1 0 0 1
fe=(16)
490 3 3

fn=(42)
90 7 0 6 1 0 0 1
+4 1 1 0 1 0 0 1
+28 1 1
+9 1 1
-18 1 1
-10 1
-1 1
+25 1
-23 1 1
-1 1
-1 2 1
+19 1
-18 1
+24 1 0 0 1 0 0 1
+8 1 1
-31 1 0 1
+23 1
+3 1
-18 1
+9 1
+9 2 1
-18 1 1
+15 1 0 1
+3 2 0 1 1 0 0 1
+4 1
-13 1 1
+13 2 1
-22 1 0 1
+22 2 0 2
+5 1
-18 1 0 1
+18 1
-4 1 0 1
+4 3 1 1 1 0 0 1
+1 1 1
+2 1 1
+5 1 1
-7 2 0 1
+1 1 1
+1 1 0 1
-1 2 0 1 1 0 0 1
+5 1
+2 1 1 0 0 1 0 0 1
-2 4 1 1
+1 1
+1 1
-1 2 1
+1 1 0 1
-1 1 0 1
+3 2 0 0 1 0 0 1
+1 4 0 1
+14 2
+4 2 0 1
+1 2 0 1
-1 4 0 2 1 0 0 1
+1 2 0 1
+2 3
+91 1 1
-1 2
+17 4 1 0 1 0 0 1
+16 2 1
+5 1 1 0 1 0 0 1
-1 2 0 1
+4 4 1 1
+4 2
fi=(18) ./elf/../sysdeps/x86/get-isa-level.h
30 1 1
fe=(16)
389 2
+4 3 1 0 1 0 0 1
fi=(19) ./elf/../sysdeps/unix/sysv/linux/x86/dl-hwcap2.h
25 2 1
fi=(18)
+6 1
-3 1
+3 2
fe=(16)
402 1 0 1
+1 7 7
-92 3 0 0 1 0 0 1
+1 2
+5 1
-1 1
+10 1
-6 1
+2 1 0 1 1 0 0 1
-2 1 0 1
+3 1 0 1 0 0 1 0 0 1
+3 1
fi=(18)
32 3 1 0 1 0 0 1
+7 4
+1 3 1
+8 1
-1 1
+1 2 0 0 1 0 0 1
+3 4 1
+3 2
+9 5
fe=(16)
176 4 0 1 1 0 0 1
+6 2
+14 1 1
+12 3 0 1
-12 1
+12 1
-12 1
+2 1 0 0 1 0 0 1
+10 1
-10 2 1
-2 1 0 1
+2 1 0 1
+6 2
+4 1 0 1
-4 1
+2 1 1
-2 1 0 1
+2 3 0 1 1 0 0 1
+7 5 1 1
-24 1 0 1 1 0 0 1
-5 2 0 1
+4 1

fl=(58)
fn=(188)
30 6 0 0 1 0 0 1
+9 24 0 0 1 0 0 1
+33 6 6

fl=(185) ./elf/./elf/dl-call-libc-early-init.c
fn=(614) _dl_call_libc_early_init
27 1 0 0 1 0 0 1
+2 2
-2 1 0 1
+6 3
-6 3 0 1
+6 1
-6 1
+6 2 0 2
cfi=(183)
cfn=(602)
calls=1 +41 
* 220 51 14 0 10 0 0 5
* 1
+4 3 1 0 1 0 0 1
+2 3 2
+1 1
-1 1 1
+2 2 2
-1 1
cob=(2)
cfi=(186)
cfn=(616)
calls=1 -6 
* 1268 117 183 24 39 37 24 22 36

fl=(196) ./elf/./elf/dl-init.c
fn=(654) call_init.part.0
26 84 0 42 1 0 1 1
+17 7 7 0 1 0 0 1
+3 7 7 0 0 1
-3 14 0 7
+3 14 7 0 0 6
+5 12 6
+8 18 6 0 0 5
+1 24 8 4 1 3 0 1
cob=(4)
cfi=(191)
cfn=(700)
calls=1 -60 
* 7 2 0 1 1 0 1
cob=(4)
cfi=(191)
cfn=(690)
calls=1 -60 
* 7 2 0 1 1 0 1
cob=(4)
cfi=(191)
cfn=(678)
calls=1 -60 
* 7 2 0 1 1 0 1
cob=(4)
cfi=(191)
cfn=(656)
calls=1 -60 
* 7 2 0 1 0 0 1
+3 6 6 0 0 4
+1 12
+6 15 10 0 0 6
+3 10
-1 45 10
+2 60 15 15 0 2
cob=(7)
cfi=(205)
cfn=(1336)
calls=1 -74 
* 50 25 12 2 4 0 2 1
cob=(7)
cfi=(205)
cfn=(1310)
calls=1 -74 
* 50 25 12 3 5 0 3 1
cob=(7)
cfi=(205)
cfn=(1292)
calls=1 -74 
* 34 17 8 2 4 0 2 1
cob=(7)
cfi=(205)
cfn=(1274)
calls=1 -74 
* 34 17 8 2 2 0 2 1
cob=(7)
cfi=(205)
cfn=(1272)
calls=1 -74 
* 47 9 28 6 2 6 6 2 6
cob=(7)
cfi=(205)
cfn=(1254)
calls=1 -74 
* 57 9 22 4 2 4 4
cob=(7)
cfi=(205)
cfn=(1206)
calls=1 -74 
* 2529 800 384 70 54 3 70 9 2
cob=(7)
cfi=(205)
cfn=(1196)
calls=1 -74 
* 734 254 137 3 7 0 3
cob=(7)
cfi=(205)
cfn=(1194)
calls=1 -74 
* 3 1 1 0 0 1
cob=(7)
cfi=(205)
cfn=(1180)
calls=1 -74 
* 911 285 174 4 10 2 4 1 1
cob=(7)
cfi=(205)
cfn=(1174)
calls=1 -74 
* 12 1 0 3 0 0 3
cob=(7)
cfi=(205)
cfn=(1172)
calls=1 -74 
* 80 14 15 1 0 0 1
cob=(6)
cfi=(203)
cfn=(684)
calls=1 -74 
* 12 1 0 3 0 0 3
cob=(2)
cfi=(202)
cfn=(676)
calls=1 -10 
* 22 5 3 1 4 1 1
cob=(2)
cfi=(201)
cfn=(674)
calls=1 545 
* 12 7 0 2 4 0 2
* 20 5 5 1 3 0 1
cob=(7)
cfi=(205)
cfn=(704)
calls=1 -74 
* 87074 26018 12174 452 590 160 452 129 127
cob=(3)
cfi=(204)
cfn=(694)
calls=1 -74 
* 12 1 0 3 0 0 3
cob=(6)
cfi=(203)
cfn=(682)
calls=1 -74 
* 368 15 45 36 1 0 36
cob=(2)
cfi=(198)
cfn=(666)
calls=1 -28 
* 69 18 10 7 5 3 7 1 1
cob=(5)
cfi=(197)
cfn=(660)
calls=1 -74 
* 12 1 0 3 0 0 3
-1 60
+3 56 49 0 0 1
-29 2

fn=(652) _dl_init
81 13 0 6 2 0 0 2
+1 1 1 0 0 1
+1 1 1
+3 3 1
+8 2
+25 1 1 0 1 0 0 1
+1 8
+1 14 14
-92 14 7
+6 21 7 0 1 0 0 1
+2 32
+83 12 0 6
cfn=(654)
calls=6 -94 
* 92539 27644 13097 607 725 180 607 146 137
* 12
+7 8 7 0 0 1
-98 2 1 0 1 0 0 1
+60 2 0 1
-54 3 1
+2 7 0 2 1 0 0 1
cfn=(654)
calls=1 -11 
* 77 23 9 8 3 1 8
* 2 1

fl=(81) ./elf/./elf/dl-reloc.c
fn=(284) _dl_relocate_object
343 8 0 0 1 0 0 1
+1 18 10
-1 30 0 12
+3 6 0 6 1 0 0 1
cfn=(286) _dl_relocate_object_no_relro
calls=6 207 
* 1665371 440222 161057 288 10275 2020 288 6770 1299
+7 18 6 0 0 5
+3 30 18
+3 6
-3 6
+3 6
+4 12
-15 18 18
+16 24 0 6 1 0 0 1
cfi=(144)
cfn=(462) mprotect
calls=6 117 
* 36 6 0 1 0 0 1
* 12

fn=(286)
207 56 0 35 1 0 0 1
+13 7
-13 28 0 14 1 0 0 1
+16 7
-16 7 0 7
+16 7
+3 21 7 0 0 1
+20 21 7 0 1 0 0 1
+1 14 7 0 1 6 0 1
-30 10 5
+33 10
+7 20 5 5 0 2
fi=(6)
78 16 5
+6 12 9 0 0 3
+4 9 3 0 0 3 0 0 3
+6 3 0 3
+9 6
+23 6 3 3 0 2
fi=(4)
-47 3 3
fe=(81)
296 6 3
fi=(4)
79 6
fe=(81)
296 6
fi=(4)
79 4 4 0 1 0 0 1
fe=(81)
296 8 4
fi=(4)
79 8
fe=(81)
296 11185 50 1099 3 13 203 3 7 201
fi=(4)
79 2 2
fe=(81)
296 2 2
fi=(4)
79 4
fe=(81)
296 286 65 49 3 18 0 3
190 24 0 15
296 3 3
fi=(5) ./elf/./elf/do-rel.h
53 3
fe=(81)
296 3 3
fi=(5)
49 3 3
+31 3 3
-32 3
+1 3
+1 3
-1 3
+4 3 3
-3 6
+3 3 3
-3 6 0 3
+3 6
+27 6
fe=(81)
296 4 0 0 1 0 0 1
190 32 0 20
296 4 4
fi=(5)
53 4
fe=(81)
296 4 4
fi=(5)
49 4 4
+31 4 4 0 1 0 0 1
-32 4
+1 4
+1 4
-1 4
+4 4 4
-3 8
+3 4 4
-3 8 0 4
+3 8
+27 8 0 0 1 0 0 1
fe=(81)
296 7 7
fi=(5)
53 7
fe=(81)
296 7 7
fi=(5)
49 7 7 0 0 1
+31 7 7
-32 7
+1 7
+1 7
-1 7
+4 7 7
-3 14
+3 7 7
-3 14 0 7
+3 14
+27 14
+3 6
-11 21 3
fi=(6)
509 2300 1150
+4 2300
+3 3450 1150
+1 1150 0 1150 0 0 144 0 0 144
fi=(5)
83 3450
+2 4600 1150 0 1 431 0 1 431
-2 6 0 0 1 0 0 1
+13 6
fe=(81)
296 56 14 14 1 0 0 1
fi=(6)
725 42 21 0 1 0 0 1
+4 6 3
fe=(81)
298 28
+23 7 0 7
+3 14 7
+14 56 49 0 1 2 0 1
fi=(5)
105 33 0 0 1 0 0 1
+9 24
fi=(6)
493 5823 1941 0 0 488 0 0 486
+5 3882
+1 3882 3882 0 0 242 0 0 242
fi=(5)
114 1941
fi=(6)
499 3882 0 1941 0 0 521 0 0 515
fi=(5)
114 3882
+3 44 11 11 1 6 1 1
+3 36 18 9 0 4
+2 18 9 0 1 0 0 1
-49 18 6 6 0 0 1
fe=(81)
190 42 0 24 1 0 0 1
fi=(5)
-66 12 12 0 0 4 0 0 2
+1 6 6
-1 6
+5 6
-5 12 6 0 0 6 0 0 3
+1 18 0 6 0 0 1
+4 12 0 0 1 0 0 1
-5 6994 6994 0 0 960 0 0 959
+1 3497 3497
-1 3497
+5 3497
-5 6994 3497 0 0 955 0 0 242
+1 10491 0 3497
+4 6994
-2 3421
-1 10263 6842 3421
+1 6842 3421 0 0 1
-1 3421 0 3421
+1 3421
fi=(6)
262 6842
+7 6842 0 0 1 0 0 1
+4 6842
fe=(81)
170 13684 3421 0 0 1682 0 0 1333
fi=(4)
-18 10215 3405
fe=(81)
+19 6810
+3 6810 3405 0 0 4 0 0 2
+8 3564 0 0 1 0 0 1
-8 16014
+12 3556 3556 0 0 1
-3 1778 0 1778
+1 1778 0 1778 1 0 0 1
+2 7120 3564 0 0 1
-3 4 0 4
+1 4 0 4
+2 1798 8
+1 1782
-1 1782
+2 3564
-1 7128 1782 1782 0 49
+3 10692 3564 5346 1 0 1 1
cfi=(82)
cfn=(294)
calls=1782 767 
* 1278333 338724 126247 62 4979 20 62 2691 7
+4 1782 1782
-4 1782
+3 1782 1782
+1 10692 3564 1782
fi=(6)
+88 33989 13592 0 1 2 0 1
+4 6822
+26 20526 3421 0 0 5 0 0 2
418 8355 5570 2785 1 349 851 1 349 358
fi=(5)
141 8355 2785
fi=(6)
418 1228 614 614 0 0 263 0 0 62
fi=(5)
141 1886 614
-19 10527 3521 0 1 1 0 1
+33 12
+1 72 6 3 1 0 0 1
+1 291 97
+3 164 82 0 1 0 0 1
+2 82 82
+2 82 82
-4 82 82
+2 82
+1 82 82
-1 164 0 82
fe=(81)
+8 328 82 0 0 1
fi=(6)
286 164 0 0 1 0 0 1
471 164 164
+2 82 0 82
cfi=(15)
cfn=(598)
calls=1 76 
* 6 2 0 1 0 0 1
cob=(3)
cfi=(179)
cfn=(580)
calls=1 33 
* 7 3 0 2 0 0 2
cob=(3)
cfi=(178)
cfn=(576)
calls=1 29 
* 8 4 0 1 0 0 1
cob=(3)
cfi=(177)
cfn=(574)
calls=1 44 
* 6 3 0 2 0 0 2
cob=(3)
cfi=(150)
cfn=(570)
calls=1 29 
* 9 4 0 1 0 0 1
cob=(3)
cfi=(176)
cfn=(566)
calls=1 28 
* 9 4 0 2 0 0 2
cob=(3)
cfi=(175)
cfn=(564)
calls=1 32 
* 7 3 0 2 0 0 2
cob=(3)
cfi=(174)
cfn=(560)
calls=1 28 
* 10 4 0 2 0 0 2
cob=(3)
cfi=(173)
cfn=(556)
calls=1 28 
* 10 4 0 2 0 0 2
cob=(3)
cfi=(172)
cfn=(554)
calls=1 33 
* 7 3 0 1 0 0 1
cob=(3)
cfi=(171)
cfn=(550)
calls=1 29 
* 10 4 0 1 0 0 1
cob=(3)
cfi=(170)
cfn=(546)
calls=1 28 
* 10 4 0 2 0 0 2
cob=(3)
cfi=(164)
cfn=(542)
calls=1 29 
* 8 4 0 1 0 0 1
cob=(3)
cfi=(169)
cfn=(540)
calls=1 32 
* 7 3 0 1 0 0 1
cob=(3)
cfi=(168)
cfn=(538)
calls=1 33 
* 7 3 0 1 0 0 1
cob=(3)
cfi=(167)
cfn=(536)
calls=1 33 
* 7 3 0 2 0 0 2
cob=(3)
cfi=(166)
cfn=(534)
calls=1 49 
* 6 3 0 1 0 0 1
cob=(3)
cfi=(165)
cfn=(530)
calls=1 28 
* 10 4 0 1 0 0 1
cob=(3)
cfi=(164)
cfn=(526)
calls=1 37 
* 8 4 0 2 0 0 2
cob=(3)
cfi=(163)
cfn=(522)
calls=1 28 
* 9 4 0 2 0 0 2
cob=(3)
cfi=(162)
cfn=(518)
calls=1 29 
* 9 4 0 2 0 0 2
cob=(3)
cfi=(161)
cfn=(514)
calls=1 28 
* 10 4 0 2 0 0 2
cob=(3)
cfi=(160)
cfn=(510)
calls=1 29 
* 10 4 0 1 0 0 1
cob=(3)
cfi=(158)
cfn=(506)
calls=1 29 
* 8 4 0 2 0 0 2
cob=(3)
cfi=(157)
cfn=(504)
calls=1 33 
* 7 3 0 2 0 0 2
cob=(3)
cfi=(156)
cfn=(502)
calls=1 33 
* 7 3 0 1 0 0 1
cob=(3)
cfi=(155)
cfn=(498)
calls=1 32 
* 10 4 0 2 0 0 2
cob=(3)
cfi=(154)
cfn=(494)
calls=1 28 
* 10 4 0 2 0 0 2
cob=(3)
cfi=(153)
cfn=(490)
calls=1 29 
* 10 4 0 2 0 0 2
cob=(3)
cfi=(152)
cfn=(486)
calls=1 28 
* 9 4 0 2 0 0 2
cob=(3)
cfi=(151)
cfn=(482)
calls=1 29 
* 10 4 0 2 0 0 2
cob=(3)
cfi=(150)
cfn=(478)
calls=1 36 
* 9 4 0 2 0 0 2
cob=(3)
cfi=(148)
cfn=(474)
calls=1 29 
* 9 4 0 2 0 0 2
cob=(3)
cfi=(147)
cfn=(470)
calls=1 28 
* 10 4 0 2 0 0 2
cob=(3)
cfi=(145)
cfn=(466)
calls=2 29 
* 20 8 0 2 0 0 2
cob=(2)
cfi=(143)
cfn=(458)
calls=1 31 
* 22 6 0 2 0 0 2
cob=(2)
cfi=(142)
cfn=(454)
calls=1 33 
* 22 4 0 4 0 0 4
cob=(2)
cfi=(141)
cfn=(450)
calls=1 31 
* 18 4 0 3 0 0 3
cob=(2)
cfi=(140)
cfn=(448)
calls=1 29 
* 7 3 0 2 0 0 2
cob=(2)
cfi=(138)
cfn=(444)
calls=1 29 
* 21 4 0 2 0 0 2
cob=(2)
cfi=(137)
cfn=(440)
calls=1 29 
* 22 4 0 4 0 0 4
cob=(2)
cfi=(136)
cfn=(436)
calls=1 33 
* 19 4 0 2 0 0 2
cob=(2)
cfi=(135)
cfn=(432)
calls=1 29 
* 22 4 0 4 0 0 4
cob=(2)
cfi=(133)
cfn=(428)
calls=1 29 
* 25 5 0 2 0 0 2
cob=(2)
cfi=(132)
cfn=(424)
calls=1 29 
* 21 4 0 2 0 0 2
cob=(2)
cfi=(131)
cfn=(420)
calls=1 29 
* 25 5 0 2 0 0 2
cob=(2)
cfi=(130)
cfn=(416)
calls=1 31 
* 18 4 0 2 0 0 2
cob=(2)
cfi=(129)
cfn=(412)
calls=1 31 
* 22 6 0 3 0 0 3
cob=(2)
cfi=(128)
cfn=(408)
calls=1 29 
* 19 4 0 2 0 0 2
cob=(2)
cfi=(126)
cfn=(404)
calls=2 31 
* 38 8 0 2 0 0 2
cob=(2)
cfi=(124)
cfn=(400)
calls=1 29 
* 25 5 0 2 0 0 2
cob=(2)
cfi=(123)
cfn=(396)
calls=1 31 
* 25 5 0 2 0 0 2
cob=(2)
cfi=(122)
cfn=(392)
calls=1 31 
* 22 6 0 3 0 0 3
cob=(2)
cfi=(120)
cfn=(388)
calls=1 29 
* 19 4 0 2 0 0 2
cob=(2)
cfi=(119)
cfn=(386)
calls=1 60 
* 17 4 0 2 0 0 2
cob=(2)
cfi=(118)
cfn=(384)
calls=1 29 
* 7 3 0 2 0 0 2
cob=(2)
cfi=(111)
cfn=(378)
calls=1 31 
* 22 6 0 2 0 0 2
cob=(2)
cfi=(115)
cfn=(376)
calls=1 67 
* 22 6 0 3 0 0 3
cob=(2)
cfi=(113)
cfn=(372)
calls=2 31 
* 42 8 0 2 0 0 2
cob=(2)
cfi=(111)
cfn=(368)
calls=1 31 
* 21 4 0 2 0 0 2
cob=(2)
cfi=(110)
cfn=(364)
calls=1 30 
* 25 5 0 3 0 0 3
cob=(2)
cfi=(109)
cfn=(360)
calls=1 28 
* 25 5 0 2 0 0 2
cob=(2)
cfi=(107)
cfn=(356)
calls=1 29 
* 23 4 0 4 0 0 4
cob=(2)
cfi=(106)
cfn=(354)
calls=1 65 
* 21 4 0 2 0 0 2
cob=(2)
cfi=(104)
cfn=(350)
calls=2 31 
* 50 10 0 2 0 0 2
cob=(2)
cfi=(102)
cfn=(346)
calls=1 29 
* 22 4 0 4 0 0 4
cob=(2)
cfi=(100)
cfn=(342)
calls=1 31 
* 18 4 0 1 0 0 1
cob=(2)
cfi=(99)
cfn=(338)
calls=1 29 
* 25 5 0 2 0 0 2
cob=(2)
cfi=(98)
cfn=(334)
calls=1 29 
* 22 4 0 4 0 0 4
cob=(2)
cfi=(96)
cfn=(330)
calls=1 29 
* 22 4 0 4 0 0 4
cob=(2)
cfi=(95)
cfn=(326)
calls=1 29 
* 20 6 0 3 0 0 3
cob=(2)
cfi=(93)
cfn=(322)
calls=1 29 
* 23 4 0 5 0 0 5
cob=(2)
cfi=(91)
cfn=(318)
calls=1 30 
* 20 6 0 3 0 0 3
cob=(2)
cfi=(90)
cfn=(316)
calls=1 79 
* 20 6 0 3 0 0 3
cob=(2)
cfi=(89)
cfn=(314)
calls=1 29 
* 7 3 0 1 0 0 1
cob=(2)
cfi=(87)
cfn=(310)
calls=2 31 
* 50 10 0 2 1 0 2
cob=(2)
cfi=(85)
cfn=(306)
calls=1 86 
* 30 10 9 3 2 3 3 0 3
fi=(5)
156 82
fi=(6)
474 82 0 82 0 0 2 0 0 1
fi=(5)
156 170 0 0 1 0 0 1
-14 78 26 0 1 1 0 1
fi=(6)
395 48 16 0 1 0 0 1
+2 64 16
+4 16 16
+9 16 16
-9 32 16 0 1 2 0 1 2
+9 16 0 16 0 0 5 0 0 5
fi=(5)
141 32 16
fi=(6)
315 26 0 26
+3 26
+29 6 2
+11 2 2
-9 4 4
+9 2 0 2
fi=(5)
141 4 2
fi=(6)
341 8 0 0 1 0 0 1
+1 12 8 4 0 2 3 0 0 1
fi=(5)
141 8 4
-9 82 82
+1 82 0 82
-1 246 0 82
+2 82
fi=(6)
282 80 32 0 2 1 0 2 1
+3 2 0 2
+24 1 0 1
cob=(2)
cfi=(93)
cfn=(322)
calls=1 29 
* 23 4
* 4 2 0 1 0 0 1
fi=(5)
51 7 7 0 1 0 0 1
fi=(4)
+28 14 7
fe=(81)
296 74 0 2 2 0 0 2
fi=(6)
-14 410 164
fe=(81)
175 14605 1623 0 1 0 0 1
+3 1623 1623 0 1 0 0 1
-1 1623 0 1623
+19 1623 1623
-18 3246 0 1623
fi=(6)
290 2 0 0 1 0 0 1
+1 3 1
fi=(5)
171 4 2 0 1 0 0 1
-98 3 1 1 1 0 0 1
fe=(81)
190 5 0 3
fi=(5)
-17 3 2
+3 1
-3 4 0 1 1 0 0 1
+3 2
-3 15 10 0 0 2 0 0 2
+3 5
-3 20 0 5
+3 10
-2 12 12
+10 6 0 6
fi=(6)
+78 12
+7 12
+4 12
fe=(81)
170 24 6 0 1 3 0 1 3
fi=(4)
-18 18 6
fe=(81)
+19 12
+3 12 6 0 0 1
+8 12
-8 54 0 0 1 0 0 1
+12 12 12
-3 6 0 6
+1 6 0 6
+2 36 12 6 1 0 0 1
+4 24 6 6
-4 6
+4 18 6 12
cfi=(82)
cfn=(294)
calls=6 767 
* 3705 1109 419 1 44 0 1 9
+4 6 6
-4 6
+3 6 6
+1 36 12 6 1 0 0 1
fi=(6)
+88 39 12 0 0 1
+4 6
+26 36 6 0 1 1 0 1 1
418 6 0 6 0 0 2 0 0 2
fi=(5)
187 18 6
-16 18 6 0 1 0 0 1
+31 5 3
fe=(81)
+48 4 0 0 1 0 0 1
+7 8 2 2
-9 4 0 0 1 0 0 1
fi=(6)
+54 1621 0 0 1 0 0 1
fe=(81)
175 4863

fn=(612) _dl_protect_relro
352 1 0 0 1 0 0 1
+1 3 1
+3 5 3 0 1 0 0 1
+3 1
-3 1
+3 1
+4 2
-11 1 0 1
+12 3
-12 3 0 1 1 0 0 1
+12 1
-12 1
+12 1 0 1
cfi=(144)
cfn=(462)
calls=1 117 
* 6 1
* 2
+6 3 3

fl=(69) ./io/../sysdeps/unix/sysv/linux/fstatat64.c
fn=(228) fstatat
146 6
-55 6
+70 7
+1 1 1
-2 4 0 2 1 0 0 1
+1 4 2

fl=(2)
fn=(2) _dl_start
519 10 0 7 1 0 2 1 0 2
84 1
fi=(6)
-29 1 0 0 1 0 0 1
fe=(2)
549 1 0 1 0 0 1 0 0 1
-4 1 0 1 0 0 1 0 0 1
fi=(6)
55 1
fe=(2)
+29 3 0 1 0 0 1 0 0 1
548 2 0 1
fi=(3) ./elf/./get-dynamic-info.h
45 4 1 0 1 1 0 1 1
+23 20 0 18 0 0 7 0 0 7
-23 72 18 0 0 5 0 0 5
+4 36
+3 5
-1 10
+3 20 0 0 1 0 0 1
+1 16
+1 5
fi=(4)
+23 1 1
fi=(3)
+31 1 1 0 1 1 0 1 1
-38 3
+12 4 1 1
+1 3 1 0 0 1 0 0 1
+1 4 1 1 1 0 0 1
+1 4 1 1
+1 5 1 1
+1 3 1
+1 4 1 1 1 0 0 1
+1 4 1 1
+12 7 2
+7 2
+13 3 2 0 1 0 0 1
+6 3 1
+1 3 2
+3 2 1 0 1 0 0 1
+1 3 1
+5 5 2
+3 5 2 0 1 0 0 1
fe=(2)
565 140 8 13 1 1 5 1 1 5
fi=(3)
59 4 0 0 2 0 0 2
fe=(2)
565 12 0 0 1 0 0 1
fi=(4)
79 1 1
fe=(2)
565 1 1
fi=(4)
79 2 0 0 1 0 0 1
fe=(2)
565 27 5 5 2 0 0 2
fi=(5)
49 1 1
+4 1
-4 1
-1 1
+1 1
+4 4 2
+3 2
fe=(2)
565 1 1
fi=(5)
49 1 1
+4 1
-4 1
-1 1
+1 1
+4 4 2
+3 2
-6 8 0 0 1 0 0 1
+11 5
+2 1 1 0 1 0 0 1
fi=(6)
273 3
fi=(5)
63 1
+2 1 1
-1 2
fi=(6)
282 10 4 0 1 1 0 1 1
+4 2
+26 4
fi=(5)
61 3
fe=(2)
565 8
fi=(5)
51 1 1 0 1 0 0 1
fi=(4)
+28 2 1
fe=(2)
567 1 0 1 1 0 0 1
454 1 0 1 0 0 1 0 0 1
cfi=(7)
cfn=(12) __rtld_malloc_init_stubs
calls=1 42 
* 10 1 4 1 0 2 1 0 2
+4 5 1 1 1 0 0 1
84 1
476 1
84 3 0 1
476 1 0 1
cfi=(8)
cfn=(14)
calls=1 25 
* 27 8 6 3 1 0 3 1
+1 1
+4 1
+9 1 0 1
-13 1 0 1 1 0 0 1
+19 1
-17 1 0 1 0 0 1 0 0 1
+2 1 0 1
+15 2 1 1
cfi=(9)
cfn=(16)
calls=1 102 
* 1753597 460164 169006 1090 11004 2517 1090 7279 1785
* 1 0 0 1
+2 2 1
+87 9 7 0 1 2
fi=(3)
62 4 0 0 1 0 0 1
+2 4
+39 3 0 1 1 0 0 1
fe=(2)

fn=(64)
1356 2 0 1 1 0 0 1
196 1
1356 11 0 7 1 0 1 1 0 1
198 1 0 1
301 1 0 1
+1 1 0 1
196 1 0 1
+99 3 0 3
1368 1 0 1 0 0 1 0 0 1
cfi=(24)
cfn=(66) __tls_pre_init_tp
calls=1 54 
* 17 1 5 2 0 1 2 0 1
2745 1 1 0 1 0 0 1
2513 1 1
2745 3 0 1
2584 1 0 1 0 0 1 0 0 1
+2 1
+15 2
-13 2 0 1
cfi=(25)
cfn=(68)
calls=1 28 
* 39 14 1 2 0 0 2
* 4 0 2
cfi=(25)
cfn=(68)
calls=2 28 
* 115 41 1
* 9 0 0 1 0 0 1
+4 6 2
-2 2
+2 8
+1 2
-1 6 2
+1 17
-1 89 17
+9 12 2 0 1 1 0 1 1
2712 2 1
+10 3 1
1378 1 1 0 1 0 0 1
+1 2 1
-1 2 1 1 0 0 1 0 0 1
+1 2 1
2673 3 1 0 1 0 0 1
-47 2 1 0 1 0 0 1
+10 2 1
1646 8 0 1 1 0 0 1
cfi=(26)
cfn=(70)
calls=1 59 
* 197 29 50 19 3 11 19 3 11
* 1 0 1
+2 2
+1 3 0 1 1 0 0 1
+6 1
-5 2 1 1
+1 3 2 1
+4 1 0 1
cfi=(26)
cfn=(82)
calls=1 31 
* 33 9 8 3 1 0 3 1
+1 2 1
1095 1 1
-1 1 1 0 1 0 0 1
1361 1
1122 1
-21 2 2 0 0 1 0 0 1
+21 1
-19 1 0 1
+1 1 0 1
+18 1
-21 1 0 1 0 0 1 0 0 1
+21 2
+1 1 0 1 1 0 0 1
-1 1
-25 1
+22 1
+4 125 26 1 0 9 0 0 9
+33 10 10 0 1 1 0 1 1
-1 5 5
+1 20
-1 5
+2 10 5
+1 1 0 1
+2 15 5
+1 18
+1 2 0 1
+3 2 1
+1 2 1
-1 8 4 0 1 3 0 1 3
+1 8 4
+1 5 0 5
+4 10
-49 34 2 0 1 0 0 1
+88 24
+6 4 0 1
cfi=(31)
cfn=(88)
calls=1 842 
* 87 17 4 9 1 0 9 1
-7 30
+1 15 15
+6 15
-6 30
fi=(32)
149 6 3 0 1 0 0 1
fe=(2)
1127 1 0 0 1 0 0 1
-5 1
+5 2 1 1
-5 2
+21 1 1
-21 1
+21 1 1 0 0 1 0 0 1
+2 1 0 0 1 0 0 1
-3 1 0 1
+5 1
-2 1 0 1
-23 2
+10 2 2
-10 1
+10 1 0 1
+1 9 2 1 1 0 0 1
-11 2
+1 14 0 0 1 0 0 1
+80 1 1
-81 1
+81 2 1 1
-81 3
fi=(30)
62 2 1
fe=(2)
1122 1
fi=(30)
62 6 0 1 1 0 0 1
fe=(2)
1122 4 1
1222 4 2 0 0 1 0 0 1
+3 3 2 0 1 0 0 1
+2 2 1
1679 1 0 1
cfi=(33)
cfn=(94)
calls=1 24 
* 33 7 3 2 1 0 2 1
fi=(4)
96 3 1 0 1 0 0 1
+3 4 3
+1 1 1
fe=(2)
1685 3 1
+1 4 2 1 1 0 0 1
cfi=(34)
cfn=(98)
calls=1 98 
* 25 7 0 3 2 0 3 2
* 2
+13 2 1
+2 2
fi=(3)
39 4 2
+6 1 1 0 0 1 0 0 1
-2 1
+2 2
+23 26 0 26 0 0 7 0 0 7
-23 104 26 0 0 6 0 0 6
+4 52 0 0 1 0 0 1
+3 4
-1 8
+3 16 0 0 1 0 0 1
+1 12
+17 4 2
+38 4 2
+5 2 1 0 1 0 0 1
+7 3 2
+1 4 3
+6 3 1
+18 4 2 0 1 0 0 1
+15 4 2 0 1 1 0 1 1
+22 3 2 0 1 0 0 1
fi=(4)
-88 4 2 0 1 0 0 1
fe=(2)
1714 2 1 1 1 0 0 1
cfi=(8)
cfn=(14)
calls=1 25 
* 27 8 6 0 1 0 0 1
+3 2 1
fi=(35) ./elf/./setup-vdso.h
24 2 1 0 1 0 0 1
fi=(38) ./elf/./dl-main.h
+85 2 2 0 1 0 0 1
fi=(37) ./elf/../sysdeps/unix/sysv/linux/dl-vdso-setup.h
-55 1 0 1
fi=(38)
+55 3 2 1
cfi=(31)
cfn=(110)
calls=1 680 
* 2207 465 343 69 5 14 69 5 14
fe=(2)
1742 3 1 1
cfi=(47)
cfn=(146)
calls=1 120 
* 21 5 4 3 1 0 3 1
+7 1 1 0 1 0 0 1
-5 1 0 1
-2 1
+7 1
+4 1 1
+1 1 1
+2 1 0 1
-3 3 0 1
+1 2 1 1
+3 1 0 1 1 0 0 1
1252 1 1 0 0 1 0 0 1
1755 1 0 1
1252 1
+1 2 1
+5 1 1
-3 2 1
+2 1 0 1 1 0 1 1 0 1
+11 1
-10 1 0 1
+3 1 0 1
+7 3
+4 1 1
-5 1
+5 3
-3 7
-1 14
+2 22 11 0 0 6 0 0 6
+2 4 4 0 1 2 0 1 2
+1 8 4
-1 8
+2 8
+5 4 4 0 0 1 0 0 1
-10 4
+10 8
-11 10
+18 1
+1 2 1
-1 2 0 0 1 0 0 1
223 1 1
fi=(4)
79 1 1
fe=(2)
224 1 1
-1 1 1
+1 1 0 0 1 0 0 1
fi=(4)
79 1 0 1
fe=(2)
224 3 1
1771 2 1 0 1 0 0 1
+4 1 0 1
1362 1 0 1
1776 2 1
+24 1 0 1
cfi=(48)
cfn=(148) _dl_count_modids
calls=1 228 
* 6 3 0 2 1 0 2 1
* 1 0 1 1 0 0 1
fi=(49) ./elf/../sysdeps/generic/dl-debug.h
29 4 2
+1 1 0 1
fe=(2)
1806 3 0 1
cfi=(47)
cfn=(152)
calls=1 104 
* 11 2 1 2 0 0 2
+1 1
+4 3 1 1
cfi=(51)
cfn=(156) _dl_audit_activity_map
calls=1 29 
* 5 2 0 2 0 0 2
+5 3 2 0 1 0 0 1
+2 1
+2 2 1
+9 2 1
+16 3 0 1
cfi=(66)
cfn=(216)
calls=1 25 
* 9 1 1
* 2
+76 4 2 0 1 0 0 1
+16 3 1
84 1
1947 1
84 2
1947 1
84 1
1947 7 2 1 1 0 0 1
cfi=(67)
cfn=(218)
calls=1 143 
* 31048 6278 3254 165 185 210 165 183 210
91 1
1957 2 2
-4 1 1
+16 1 1
91 2
+9 2 0 1
1953 7 0 0 1 0 0 1
+1 1 1
-1 1
+1 1 0 1
-1 2
+1 6 6
-1 6
+1 6 0 6
-1 12
+4 1 0 1
+1 2
+1 1 0 1
+2 26 1 0 1 0 0 1
+1 18 6
+7 2 1
+1 1 1
-1 1 0 1 1 0 0 1
+1 2
+2 1
+2 2
+16 4 0 0 1 0 0 1
+1 2 1 1
+1 3 1
+10 1 0 1
+2 1 0 0 1 0 0 1
-1 3
+1 3
-1 1 0 1
+1 1 0 1
cfi=(53)
cfn=(252) _dl_receive_error
calls=1 190 
* 26190 7762 1611 50 127 78 50 125 77
+10 1 1
+1 2 1
+3 2 1 0 1 0 0 1
820 1 1
fi=(268) ./elf/../sysdeps/unix/sysv/linux/dl-osinfo.h
39 2 1
fe=(2)
822 1 0 1
fi=(268)
52 1 1
fe=(2)
831 1 0 1
+2 1 0 1
+5 1 0 1
2023 3 1 0 1 0 0 1
2222 2 1
+4 1 1
-4 1 0 1
+10 1 1
-6 1 0 1
+6 1 0 1
+3 2 1 0 1 0 0 1
+8 2 2
fi=(32)
36 2 2
+1 4 1
+16 11 3 0 1 0 0 1
-13 6 6
+9 12 6
-9 1 1
+9 28 7
+4 24 6
-16 14
+34 2 1 0 1 0 0 1
fe=(2)
2247 1
fi=(32)
71 1 0 1
cfi=(80)
cfn=(282)
calls=1 361 
* 45 6 7 4 2 0 4
fe=(2)
2247 2 1
+3 1 0 1 0 0 1
+5 2 1
84 1
2260 1 1
-1 2 2
84 3 0 0 1 0 0 1
2259 5 0 1
cfi=(81)
cfn=(284)
calls=1 343 
* 82769 21294 9128 195 570 230 195 552 229
91 3
+9 2 0 1 0 0 1
-16 2
2268 1 1 0 0 1
84 2
2268 1 1 0 1 0 0 1
+1 21 1 2
+2 14 14 0 1 3 0 1
+5 14 14 0 0 5
+2 14
+6 7 0 7
+2 56 14 7 1 6 0 1 1
cfi=(81)
cfn=(284)
calls=7 343 
* 1582832 418986 151953 97 9710 1790 97 6218 1070
+4 20 10 0 0 4
+1 6
-22 3
+22 3 0 3
cfi=(48)
cfn=(464) _dl_add_to_slotinfo
calls=3 1177 
* 81 24 12 4 3 2 4 0 1
-22 8 2 0 0 1
91 3 0 0 1 0 0 1
+1 2 0 1 0 0 1
2298 1 0 1
cfi=(48)
cfn=(586) _dl_tls_initial_modid_limit_setup
calls=1 1138 
* 43 10 1 1 1 1 1 1
+6 2 1
+4 4 1
+2 1 0 1 1 0 0 1
+7 4 1 1 0 1
cfi=(48)
cfn=(588) _dl_allocate_tls_init
calls=1 612 
* 322 79 52 11 8 4 11 0 4
+3 2 1
+4 3 2 0 1 1 0 1
+3 1 0 1
cfi=(180)
cfn=(590)
calls=1 578 
* 2439 471 183 22 94 9 22 0 7
+5 2 1
84 1
2336 4 3
84 3 0 0 1 0 0 1
2336 2 0 1
cfi=(81)
cfn=(286)
calls=1 207 
* 257 75 40 1 8 1 1
91 3
+9 2 0 1
2339 1 0 1
cfi=(182)
cfn=(600)
calls=1 30 
* 523 116 35 11 17 0 11 9
+1 2 0 1
cfi=(7)
cfn=(604) __rtld_malloc_init_real
calls=1 76 
* 3173 930 394 6 34 1 6 2
+3 2 0 1
cfi=(47)
cfn=(610)
calls=1 46 
* 718 220 88 3 9 0 3 2
+4 2 1 1 1 0 0 1
cfi=(81)
cfn=(612)
calls=1 352 
* 35 8 3 3 0 0 3
+5 3 1 1
cfi=(185)
cfn=(614)
calls=1 27 
* 1514 174 201 26 49 37 26 27 36
+7 1 0 1
cfi=(9)
cfn=(636)
calls=1 147 
* 2 1 0 1 0 0 1
+4 2 0 1
cfi=(47)
cfn=(212)
calls=1 94 
* 7 2 0 0 1
+1 2
-1 1
+1 1 0 1
cfi=(47)
cfn=(152)
calls=1 104 
* 11 2 1
+1 1
+3 3 0 1
cfi=(51)
cfn=(638)
calls=1 41 
* 10 3 0 1 0 0 1
+4 1 0 1
cfi=(70)
cfn=(640)
calls=1 508 
* 19 5 4 3 1 0 3
+5 8 7 0 0 1
225 2 0 0 1 0 0 1
-2 2 2
+2 2
2280 1 0 1 1 0 0 1
+1 1 1
-3 2
1762 1 1 0 1 1 0 1 1
1289 3 2 1 0 1 0 0 1
1762 1
fi=(3)
56 5 0 0 1 0 0 1
+3 4 0 0 1 0 0 1
fe=(2)
1976 1 1 0 1 0 0 1
-4 1 0 1
+4 2
+14 3 1
fi=(36) ./elf/../sysdeps/unix/sysv/linux/dl-vdso.h
40 2 1 0 1 0 0 1
+1 5 0 2 1 0 0 1
fi=(37)
-11 1 0 1
+3 1 0 1
+3 1 0 1
+3 1 0 1
+6 1 0 1
fi=(36)
+10 2 0 0 1 0 0 1
fe=(2)
1689 1 0 1 1 0 1 1 0 1
+1 1 0 1
+1 1 0 1
+2 2 1
+1 3 0 1
+58 4 2 1 2 0 0 2
2673 2 1 0 1 0 0 1
+2 1
+1 1 0 0 1 0 0 1
-1 1 0 1
+1 1 0 1
+1 1
2016 2 0 1 1 0 0 1
cfn=(262) init_tls
calls=1 734 
* 935 119 392 25 7 39 25 5 39
* 2 0 1 1 0 0 1
fi=(3)
62 4 0 0 1 0 0 1
+2 4 0 0 1 0 0 1
fe=(2)
2636 2 1 0 1 0 0 1
+2 2 0 1
+1 1
1925 10 0 0 1 0 0 1
84 1 0 0 1 0 0 1
1824 2 2 0 1 0 0 1
84 3
1824 2 0 1
cfn=(158) handle_preload_list
calls=1 852 
* 3091 731 371 123 42 45 123 42 45
* 1
91 3
+9 3 0 1
1925 6 0 1 2 0 0 2
+1 1
-1 1
+4 3 0 1
+1 1 1
+1 2
+1 2
-7 2

fn=(254) version_check_doit
674 2 0 1 1 0 0 1
+2 1
-2 4 0 1
+2 3 2 1
cfi=(75) ./elf/./elf/dl-version.c
cfn=(256) _dl_check_all_versions
calls=1 399 
* 26154 7749 1600 46 127 78 46 125 77
* 2
+4 3 3 0 1 0 0 1

fn=(158)
852 11 0 7 1 0 1 1 0 1
+5 3 1
-58 2
+54 3 0 0 1 0 0 1
-54 4 0 2 0 0 1 0 0 1
-2 1
+2 3 0 2
+71 1
182 1 1
872 2 1
182 2
874 2 1
-14 3 0 1 2 0 0 2
cfi=(52) ./string/../string/strcspn.c
cfn=(160) strcspn
calls=1 32 
* 252 119 20 6 2 4 6 2 4
* 1
+1 3
+2 4 0 1
cfi=(29)
cfn=(80)
calls=1 210 
* 19 5 4 1 0 0 1
+1 2 0 1
-71 1 1
+6 4 2 0 1 0 0 1
-2 1 1
+2 1
-10 1 0 1 0 0 1 0 0 1
+6 1 0 1
-2 1 0 1
+6 1 0 1
cfi=(53)
cfn=(162) _dl_catch_error
calls=1 258 
* 2743 589 329 110 40 38 110 40 38
+1 3 1 0 1 0 0 1
+8 3 1
+67 1
-18 2 1
+21 9 7

fn=(168) map_doit
641 2 0 1 1 0 0 1
+2 1
-2 4 0 1 0 0 1 0 0 1
+2 1 1
+1 2 2
-1 2
+1 3 0 1
cfi=(31)
cfn=(170)
calls=1 2213 
* 2628 560 295 100 38 35 100 38 35
* 1 0 1
+2 3 3

fn=(262)
734 1 0 1 1 0 0 1
+6 1 1
-6 3 0 2
+2 2 1 1
+4 1
fi=(28)
44 1
fe=(2)
751 1
fi=(28)
44 1
fe=(2)
746 1 0 0 1 0 0 1
+4 1
fi=(28)
44 1 1 1
cfi=(27)
cfn=(72)
calls=1 +36 
* 29 4 3
fe=(2)
759 1
-10 1 0 1
-3 1 0 1
+10 1 0 1
+3 1 0 1
cfi=(48)
cfn=(266) _dl_tls_static_surplus_init
calls=1 133 
* 73 15 10 3 4 0 3 3
+3 1 0 1
cfi=(48)
cfn=(268) _dl_determine_tlsoffset
calls=1 251 
* 234 41 16 9 3 0 9 2
+7 1 0 1
cfi=(48)
cfn=(272) _dl_allocate_tls_storage
calls=1 517 
* 462 34 324 4 0 38 4 0 38
* 1
+1 2
+6 1 1
fi=(78) ./elf/../sysdeps/generic/dl-call_tls_init_tp.h
31 2 0 0 1 0 0 1
fe=(2)
776 1 0 1
fi=(78)
31 6 0 2
+2 1 0 1
cfi=(24)
cfn=(278) __tls_init_tp
calls=1 +36 
* 96 17 23 6 0 1 6 0 1
fe=(2)
783 1
-3 1 0 1
+3 4 4

fl=(42) ./elf/./elf/dl-hwcaps_split.c
fn=(120) _dl_hwcaps_split_masked
51 110 0 66 2 0 0 2
-25 33 11
+36 5
-7 5
+7 35 35
-26 24
+5 27 0 9
cfi=(43)
cfn=(122)
calls=9 -9 
* 216 27 0 3 1 0 3 1
+1 18
+3 18 0 6
+11 6 6
+1 18 0 6
+1 12
-13 6 0 3
+11 3 3
+1 9 0 3
+1 6
-28 24 12 12 1 0 0 1
+4 54 12 0 0 1 0 0 1
+1 12 0 6 1 0 0 1
-1 30 6
+24 6 6
+9 12
-5 6 0 0 1 0 0 1
-2 6
+2 42 42
-19 6 0 3
cfi=(22)
cfn=(60)
calls=3 +14 
* 51 6
* 3

fn=(124) _dl_hwcaps_split
25 2 0 0 1 0 0 1
+1 3 1
+1 1
+20 1 1

fl=(51)
fn=(638)
41 3 0 0 1
+4 6
+1 3 3 0 2 1 0 1
-1 3 3
+2 15 3

fn=(156)
29 1 0 0 1 0 0 1
+2 4 2 0 1 0 0 1

fn=(3316)
97 7 0 0 1 0 0 1
+1 28 14

fn=(1392)
118 1 0 0 1 0 0 1
+1 4 2 0 0 1

fn=(214)
77 5 0 0 1 0 0 1
+1 20 10

fl=(50)
fn=(154)
28 2 0 0 1 0 0 1
+1 2 2

fl=(39)
fn=(112)
171 6 0 3 1 0 0 1
+3 1
-3 3 0 2
+3 1
-3 6 0 4 0 0 1 0 0 1
+2 1 0 1
cfi=(40) ./elf/../sysdeps/x86_64/dl-hwcaps-subdirs.c
cfn=(114) _dl_hwcaps_subdirs_active
calls=1 29 
* 36 6 0 3 0 0 3
fi=(41) ./elf/./dl-hwcaps.h
43 1 0 1
fe=(39)
173 1 0 1 1 0 0 1
fi=(41)
45 1 0 1
+32 1 0 1
+1 1 0 1
+1 1
fe=(39)
-28 2 0 1
cfi=(42)
cfn=(120)
calls=1 * 
* 22 8 6 2 0 0 2
* 2
fi=(41)
-8 1 0 0 1 0 0 1
+2 1 0 1
-2 1 0 1
+34 2 1 1
+1 2 1 1
+1 1
fe=(39)
-25 2 2
-1 2
+1 2
+2 4
-5 4 0 2
cfi=(42)
cfn=(120)
calls=2 * 
* 128 28 19
* 2 0 1 1 0 0 1
cfi=(42)
cfn=(120)
calls=1 * 
* 125 22 15 6 2 0 6 2
* 6
+48 4 0 2
fi=(28)
-43 2 1 1
cfi=(27)
cfn=(76)
calls=1 -20 
* 18 3 3
fe=(39)
+45 2 1
-2 1 0 1
+2 1
fi=(41)
-58 3 0 1
fe=(39)
+61 1 0 1 1 0 0 1
fi=(41)
-59 1 0 1
fe=(39)
+66 1 0 1
fi=(41)
-65 1
fe=(39)
+65 2 0 1 1 0 0 1
cfi=(42)
cfn=(124)
calls=1 -86 
* 7 2 0 1 0 0 1
* 2
fi=(41)
-68 2
+2 1 0 1
-2 3 0 1
+34 2 1 1
+1 2 1 1
fe=(39)
+46 3
fi=(41)
-45 1
fe=(39)
+47 10 4 2 0 0 1 0 0 1
+1 4 2 2
+1 2
+1 2
-1 2 0 2
-4 4 0 2
cfi=(42)
cfn=(120)
calls=2 -73 
* 128 28 19
* 2 0 1 1 0 0 1
cfi=(42)
cfn=(120)
calls=1 -73 
* 125 22 15
* 6
+8 4 1 0 1 0 0 1
+9 3 1
+3 1 1
-3 9 0 7 1 0 0 1
+1 7 1 1
+8 2 2
+4 2 2
-4 2 0 0 1 0 0 1
+4 3 0 1
cfi=(44)
cfn=(126)
calls=1 -95 
* 19 5 0 2 0 0 2
+1 2
+1 1
+4 1 1
+1 2 1
+1 1 0 1
-20 2
+19 1 0 1
+1 1 0 1
-20 3 1 0 1 0 0 1
-1 8 6
+47 4 1 2 1 0 1 1 0 1
-3 1
+7 1 1
-7 1
+7 1
fi=(28)
56 1 1 1
cfi=(27)
cfn=(76)
calls=1 -20 
* 18 3 3
fe=(39)
193 2 1
fi=(28)
56 1
fe=(39)
193 1
-9 1
fi=(41)
43 1 0 1
fe=(39)
+36 1 0 0 1 0 0 1
200 1
-16 1 0 1
+17 1 1
79 1
fi=(41)
-34 1 0 1
fe=(39)
201 1 1
fi=(41)
77 1 0 1
+1 1 0 1
fe=(39)
201 3 0 1
fi=(41)
79 1
fe=(39)
-3 2 0 1 1 0 0 1
cfi=(42)
cfn=(120)
calls=1 -25 
* 22 8 6
* 2 0 0 1 0 0 1
fi=(41)
-33 1
+2 1 0 1
fe=(39)
+34 2
fi=(41)
-36 1 0 1
+34 2 1 1
+1 2 1 1
+1 1
fe=(39)
-1 2 0 2
+1 4 2
+7 2
-7 8 2 6 0 0 1 0 0 1
cfi=(29)
cfn=(128)
calls=2 197 
* 26 6 4 1 0 0 1
+4 2 0 2
+2 2 2
+2 2
-2 4 0 2
-9 4 0 2
cfi=(42)
cfn=(120)
calls=2 -25 
* 128 28 19
* 2 0 1 1 0 0 1
cfi=(42)
cfn=(120)
calls=1 -25 
* 125 22 15
* 6 0 0 1 0 0 1
212 2 2
-5 2 1 1
+1 1 0 1
+4 1 0 1
+3 9 7

fl=(24)
fn=(66)
54 4 0 0 2 0 0 2
+3 9 0 3 0 0 1 0 0 1
+5 2 0 1
+1 1 0 1
+2 1 1

fn=(278)
69 2 0 1 1 0 0 1
fi=(269) ./elf/../include/list.h
-25 1
fe=(24)
+25 2
fi=(269)
-26 1 1
fe=(24)
+27 1 1
+3 1
fi=(269)
-30 1 0 1
fe=(24)
+33 1
fi=(269)
-32 1 0 1
+1 1 0 1 1 0 0 1
+2 1 0 1
fe=(24)
+29 3 0 1
+13 1
+6 1
-18 2 0 1
+12 1
-11 1 0 1 1 0 0 1
+11 1
-10 1 0 1
+5 2 1 1
+11 1
-3 1 0 1
-3 1 0 1
+6 1
+16 4 0 1 1 0 0 1
cfi=(11)
cfn=(28)
calls=1 435 
* 18 4 1
fi=(79) ./elf/../sysdeps/unix/sysv/linux/rseq-internal.h
-11 1 1
-7 1 1
+7 2
+24 1 0 1
fe=(24)
-11 1 0 1
+6 2 1 1
+1 2 2
fi=(79)
-12 2 1 0 1 0 0 1
-15 2 0 1
+15 2
+4 1
-19 1 1
+19 3 0 2
cfi=(45)
cfn=(132)
calls=1 +25 
* 13 1 2 0 0 1 0 0 1
+4 1 1
+2 2
-6 1
+6 1
-2 1 0 1 1 0 0 1
+2 2 1
+1 2
fe=(24)

fn=(84)
43 178
+2 356 178

fl=(45)
fn=(132)
137 13 0 0 1 0 0 1
+1 65
+5 13
+1 13
+3 6
+1 6
+2 2 0 2 0 0 2 0 0 2
+1 2 0 2
+1 2 2
+84 4 0 4 1 0 3 1 0 3
+1 4 0 4
+12 4
+3 4
+1 4
+12 4 0 4 0 0 1 0 0 1
+1 4 0 4 0 0 2 0 0 2
+13 4
+1 4
+2 4
+3 3
+3 6
+3 3 0 3
+1 3 0 3
+1 3 0 3 0 0 1 0 0 1
+1 3 0 3 0 0 1 0 0 1
+1 3
+1 3
+1 3
-6 89 0 89 0 0 35 0 0 35
+1 89 0 89
+1 89 0 89 0 0 49 0 0 49
+1 89 0 89 0 0 5 0 0 5
+1 89
+1 89
+1 89
+3 4 0 4 0 0 1 0 0 1
+1 4 0 4
+1 4 0 4
+1 4 0 4
+5 4 4
+46 7 0 0 1 0 0 1
+2 7
+1 7
+39 7 0 7 1 0 2 1 0 2
+1 7 0 7 0 0 1 0 0 1
+2 7 7

fl=(206)
fn=(712)
39 81 0 0 1 0 0 1
+5 81 0 81
+3 81
+2 81
+10 81 81 0 1 4 0 1
+6 81 0 81 0 0 3
+1 81 0 81
+1 81 0 81
+1 81 0 81
+1 81 0 81
+1 81 0 81
+1 81 0 81
+4 81
+1 81
+3 81 0 81 0 0 5
+1 81 0 81
+2 81 0 81 1 0 0 1
+1 81 0 81
+1 81 0 81
+1 81 0 81
+1 81 0 81
+1 81 0 81
+2 81 0 2754 0 0 40
+7 81 81
+1 81 81
+1 81 0 81 0 0 3
cfi=(207) ./elf/./elf/dl-runtime.c
cfn=(714) _dl_fixup
calls=81 -52 
* 65585 18699 6986 29 933 49 12 188 8
+1 81 0 0 1 0 0 1
+5 81
+1 81
+1 81 2916
+2 81 81
+1 81 81
+1 81 81
+1 81 81
+1 81 81
+1 81 81
+1 81 81
+2 81
+2 81 81
+4 81
+2 81

fl=(7)
fn=(606) lookup_malloc_symbol
61 8 0 4 1 0 0 1
+3 4
-3 12 0 4
+3 4 0 0 1 0 0 1
-3 4
+3 20 4 8
-1 4 0 4
+1 4 0 4
cfi=(82)
cfn=(294)
calls=4 767 
* 2977 875 349 0 34 0 0 2
+4 32 16
+1 24 12 0 1 0 0 1
+2 4 0 4
fi=(184) ./elf/./dl-sym-post.h
-30 8
+12 12 4
fe=(7)
+19 12 12

fn=(604)
76 2 0 1 1 0 0 1
+10 1
+5 1
-15 3 0 2
+15 1
-15 5 0 3
+10 1 0 1
+2 1 0 1
+1 1 0 1
+2 1 0 1 1 0 0 1
cfn=(606)
calls=1 -30 
* 743 230 96 3 7 0 3
+1 3
-1 1
+1 1 0 1
cfn=(606)
calls=1 -31 
* 828 235 96 0 12
+1 3
-1 1
+1 1 0 1
cfn=(606)
calls=1 -32 
* 800 236 96 0 9 0 0 1
+1 3
-1 1
+1 1 0 1 1 0 0 1
cfn=(606)
calls=1 -33 
* 758 222 89 0 6 0 0 1
+5 1 0 1
+1 1 0 1
+1 1 0 1
+1 1 0 1 0 0 1
+1 8 7

fn=(136)
239 2 0 0 1 0 0 1
+3 6 2 0 0 1 0 0 1
+2 2 2
+1 4
+4 3 1
-2 3
+4 28
+5 84 28
-2 56 28 0 1 0 0 1
+13 1 0 1
+4 4 2
-22 14 14
+15 14
-15 30

fn=(12)
42 1 0 0 1 0 0 1
+1 2 0 1 0 0 1 0 0 1
+1 2 0 1
+1 2 0 1
+1 2 0 1 0 0 1 0 0 1
+1 1 1

fl=(144)
fn=(642)
117 5 0 0 1 0 0 1
+5 1 1

fn=(462)
117 35 0 0 1 0 0 1
+5 7 7

fl=(53)
fn=(162)
258 6 0 3 1 0 0 1
+2 1 0 0 1 0 0 1
-2 1
+2 1
-2 2 0 1
+2 1
-2 1
+2 1 0 1
cfn=(164)
calls=1 -52 
* 2715 581 321 108 40 38 108 40 38
* 1
+1 2 1 1
+1 1 1
+1 1 1
-1 1 0 1
+3 1
-2 1 0 1
+2 6 5

fn=(164)
208 84 0 42 2 0 2 2 0 2
58 14 14 0 0 1 0 0 1
208 28 0 28 0 0 1 0 0 1
+3 28
+21 70 0 14 1 0 1 1 0 1
58 28
239 42 0 14
cfi=(54) ./setjmp/../sysdeps/x86_64/setjmp.S
cfn=(166) __sigsetjmp
calls=14 31 
* 336 70 126 2 0 2 2 0 2
* 42 0 0 1 0 0 1
+2 42 28 14
cfi=(67)
cfn=(222)
calls=13 61 
* 26284 5353 2524 115 179 193 115 179 193
cfi=(2)
cfn=(168)
calls=1 641 
* 2647 566 299 101 38 36 101 38 36
69 14 14
+1 14 14
-1 14
+1 14 0 14
243 56 14 28
-25 14
+34 42 42
59 28 14 14 1 1 0 1 1
+11 42 0 14

fn=(252)
190 2 0 1 1 0 0 1
58 1 1
190 3 0 2
+2 1 1
58 1
+1 1 1 0 1 0 0 1
+11 1 0 1
196 1 0 1
+2 2 0 1
cfi=(2)
cfn=(254)
calls=1 674 
* 26169 7754 1603 48 127 78 48 125 77
69 2 1
+1 1 0 1
201 1 0 1
+1 4 4

fl=(255)
fn=(3406)
29 2 0 0 1 0 0 1
+1 2 2
+1 2 2 0 1 1 0 1
+2 2 2 0 0 1
+1 2
+1 2 2 0 0 1
+3 2
+1 2 2
+4 2
+1 2
+1 2 2
+1 2 2

fl=(57)
fn=(184)
25 5 0 0 1 0 0 1
+1 20
+1 5 5 0 1 0 0 1

fl=(207)
fn=(714)
46 567 0 405
+9 81 0 0 1 0 0 1
-9 162 0 81
fi=(270) ./elf/../sysdeps/x86_64/dl-runtime.h
-18 81
fe=(207)
+18 81
+2 648 324 0 0 12 0 0 1
+1 162 162
+5 81 81 0 0 6
+1 243 81 0 1 7 0 1 1
+1 81 81 0 0 75 0 0 4
+2 81 81 0 0 4 0 0 1
-2 486 0 81 0 0 3
+7 162
+4 162 81 0 0 77 0 0 51
+4 81 81 0 1 7 0 1
-22 81
+20 81
+2 162
+4 243 162 0 0 72 0 0 3
+1 324 81
-7 324 81 0 0 21
+16 81 81 0 0 3
-1 81 0 0 1 0 0 1
+1 162
+10 729 162 243 0 7
cfi=(82)
cfn=(294)
calls=81 767 
* 57142 15747 5993 15 626 46 3 127 8
+4 243 243 0 1 0 0 1
-4 81
+4 162
+10 810 324 81 0 4
+15 324 81 0 1 0 0 1
+9 243 81 0 0 4
+26 243 81 0 0 2
fi=(6)
+64 81 0 81 1 0 0 1
fe=(207)
-60 648 567
-40 7 0 7 1 0 0 1
fi=(271) ./elf/../sysdeps/x86_64/dl-irel.h
-91 7 0 7
cob=(3)
cfi=(178)
cfn=(576)
calls=1 -3 
* 8 4 0 1 1
cob=(2)
cfi=(102)
cfn=(346)
calls=1 -3 
* 22 4
cob=(2)
cfi=(98)
cfn=(334)
calls=1 -3 
* 22 4 0 3 2
cob=(2)
cfi=(107)
cfn=(356)
calls=1 -3 
* 23 4 0 1
cob=(2)
cfi=(124)
cfn=(400)
calls=1 -3 
* 25 5
cob=(2)
cfi=(93)
cfn=(322)
calls=2 -3 
* 46 8 0 0 3
fe=(207)
+93 21 7 7 1 0 0 1

fl=(52)
fn=(160)
32 5 0 1 1 0 0 1
+1 3 1 0 0 1 0 0 1
+1 2 1
+5 6 0 4 1 0 1 1 0 1
+1 4 0 4 0 0 1 0 0 1
+1 4 0 4 0 0 1 0 0 1
+1 4 0 4 1 0 1 1 0 1
+2 1
+3 3 1 1
+1 2
-1 6 2 2
+1 4
+3 4 2
+1 4 2 0 1 0 0 1
+1 4 2
+1 4 2
+2 3
+6 1 1 0 1 0 0 1
-1 1
+1 1 1
+2 2 2
-1 2 2
+2 1 1
+2 6 1
-5 12 12 0 0 1 0 0 1
-1 12
+1 12 12
+2 24 24
-1 24 24
+2 12 12
+2 72 12
+2 1
+1 2
+1 1 1 0 1 0 0 1
-1 2
+1 1 1

fl=(23)
fn=(62)
37 5 0 1 1 0 0 1
+3 1 1
+18 2
+4 2
+16 3 2 0 1 0 0 1

fl=(34)
fn=(98)
98 2310 0 0 1 0 0 1
+33 2310
+1 2310
+2 2310
+1 2310
+21 2310
+1 2310
+1 1637
+1 1637
+1 1560 1560 0 0 86 0 0 34
+1 1560 1560 0 1 13 0 1 10
+1 1560 1560
+1 1560 1560
+17 1560
+1 1560
+1 1560
+1 1560
+1 1560
+1 1560
+1 1560
+5 25
+1 75
+9 25
+1 25
+1 25
+1 25
+1 25
+1 25
+1 25
+1 25
-7 750 0 0 1 0 0 1
+1 750
+1 750
+1 750
+1 750
+1 750
+1 750
+1 750
+1 222
+1 95
+1 95
+1 95
+2 95
+1 95
+1 95
+1 95 95 0 0 3
+1 95
+1 95
-5 127
+1 127
+1 127
+1 127 127 0 0 3 0 0 1
+1 127
+1 127
+10 553 553 0 2 6 0 1 1
+1 553
+1 553
+2 553 553 0 0 3 0 0 2
+6 553
+1 553
+1 553
+1 553
+1 553
+5 553
+2 550
+1 550
+1 1100
+8 550 550 0 1 6 0 1 1
+1 550 550 0 0 3 0 0 3
+3 550
+1 550
+1 550
+1 550
+1 550
+1 550
424 2 0 0 2 0 0 1
+1 2 2 0 0 1 0 0 1
+1 2 2
+1 2
+1 2
+2 2
+1 2
+1 2 0 0 2 0 0 1
+1 2
+1 2
+1 2
+1 2
+1 2 2
+3 2
+1 2
+1 2
+6 2
+1 2
+1 4
+4 2 0 0 2 0 0 1
+1 2
+3 2 2
+1 2 2
+1 2
+2 2
+1 2
+1 2
+4 2
+1 2
+1 2
+1 2
+1 2
+1 2 0 0 2 0 0 1
+69 2 0 0 1 0 0 1
+1 2 2
+1 2 2
+1 2
+1 2
+2 2
+1 2
+1 2 0 0 1 0 0 1
+1 2
+1 2
+1 2
+1 2
+1 2 2
+4 2
+1 2
+1 2
+6 2
+1 2
+1 4
+4 2 0 0 1 0 0 1
+1 2
+3 2 2
+1 2 2 0 0 1 0 0 1
+1 2
+2 2
+1 2
+1 2
+4 2
+1 2
+1 2
+1 2
+1 2
+1 2 0 0 1 0 0 1
+69 6 0 0 1 0 0 1
+1 6 6 0 0 1
+1 6 6
+1 6
+1 6
+2 6
+1 6
+1 6 0 0 1 0 0 1
+1 6
+1 6
+1 6
+1 6
+1 3 3
+4 3
+1 3
+1 3
+6 3
+1 3
+1 6
+4 3 0 0 1 0 0 1
+1 3
+3 3 3
+1 3 3 0 0 2 0 0 2
+1 3
+2 3
+1 3
+1 3
+4 3
+1 3
+1 3
+1 3
+1 3
+1 3 0 0 1 0 0 1
+69 3 0 0 1 0 0 1
+1 3 3
+1 3 3
+1 3
+1 3
+2 3
+1 3
+1 3 0 0 1 0 0 1
+1 3
+1 3
+1 3
+1 3
+1 2 2
+4 2
+1 2
+1 2
+6 2
+1 2
+1 4
+4 2 0 0 1 0 0 1
+1 2
+3 2 2
+1 2 2 0 0 1 0 0 1
+1 2
+2 2
+1 2
+1 2
+4 2
+1 2
+1 2
+1 2
+1 2
+1 2 0 0 1 0 0 1
+7 1
+1 1
+2 1
+1 1
+2 1 1
+1 1 1
+1 1
+2 1
+1 1
+1 1
+4 1
+1 1
+1 1
+1 1
+1 1 0 0 1 0 0 1
+1 1
+41 2 0 0 1 0 0 1
+1 2 2
+1 2 2 0 0 1
+1 2
+1 2
+2 2
+1 2
+1 2 0 0 1 0 0 1
+1 2
+1 2
+1 2
+1 2
+1 2 2
+4 2
+1 2
+1 2
+6 2
+1 2
+1 4
+4 2 0 0 1 0 0 1
+1 2
+3 2 2
+1 2 2 0 0 1 0 0 1
+1 2
+2 2
+1 2
+1 2
+4 2
+1 2
+1 2
+1 2
+1 2
+1 2 0 0 1 0 0 1
+69 7 0 0 1 0 0 1
+1 7 7 0 0 1
+1 7 7 0 0 1 0 0 1
+1 7
+1 7
+2 7
+1 7
+1 7 0 0 1 0 0 1
+1 7
+1 7
+1 7
+1 7
+1 5 5
+4 5
+1 5
+1 5
+6 5
+1 5
+1 10
+4 5 0 0 1 0 0 1
+1 5
+3 5 5
+1 5 5
+1 5
+2 5
+1 5
+1 5
+4 5
+1 5
+1 5
+1 5
+1 5
+1 5 0 0 1 0 0 1
+7 1
+1 1
+2 1
+1 1
+2 1 1
+1 1 1
+1 1
+2 1
+1 1
+1 1
+4 1
+1 1
+1 1
+1 1
+1 1 0 0 1 0 0 1
+1 1
+41 23 0 0 2 0 0 1
+1 23 23 0 0 3 0 0 2
+1 23 23 0 0 3 0 0 2
+1 23
+1 23
+2 23
+1 23
+1 23 0 0 2 0 0 1
+1 23
+1 23
+1 23
+1 23
+1 10 10
+4 10
+1 10
+1 10
+6 10
+1 10
+1 20
+4 10 0 0 2 0 0 1
+1 10
+3 9 9 0 0 1 0 0 1
+1 9 9 0 0 2 0 0 2
+1 9
+2 9
+1 9
+1 9
+4 9
+1 9
+1 9
+1 9
+1 9
+1 9 0 0 1 0 0 1
+7 1
+1 1
+2 1
+1 1
+2 1 1
+1 1 1
+1 1
+2 1
+1 1
+1 1
+4 1
+1 1
+1 1
+1 1
+1 1
+1 1
+13 1 0 0 1 0 0 1
+1 1
+1 1
+1 1
+13 1 1
+1 1
+1 1
+1 1
+9 34 0 0 1 0 0 1
+1 34 34 0 0 3 0 0 2
+1 34 34 0 0 1
+1 34
+1 34
+2 34
+1 34
+1 34 0 0 1 0 0 1
+1 34
+1 34
+1 34
+1 34
+1 27 27
+4 27
+1 27
+1 27
+6 27
+1 27
+1 54
+4 27 0 0 1 0 0 1
+1 27
+3 27 27 0 0 1
+1 27 27
+1 27
+2 27
+1 27
+1 27
+4 27
+1 27
+1 27
+1 27
+1 27
+1 27 0 0 2 0 0 1
+69 9 0 0 1 0 0 1
+1 9 9 0 0 2 0 0 1
+1 9 9 0 0 2 0 0 1
+1 9
+1 9
+2 9
+1 9
+1 9 0 0 1 0 0 1
+1 9
+1 9
+1 9
+1 9
+1 7 7
+4 7
+1 7
+1 7
+6 7
+1 7
+1 14
+4 7 0 0 1 0 0 1
+1 7
+3 7 7 0 0 1
+1 7 7
+1 7
+2 7
+1 7
+1 7
+4 7
+1 7
+1 7
+1 7
+1 7
+1 7 0 0 1 0 0 1
+69 34 0 0 1 0 0 1
+1 34 34 0 0 3 0 0 3
+1 34 34 0 0 6 0 0 3
+1 34
+1 34
+2 34
+1 34
+1 34 0 0 1 0 0 1
+1 34
+1 34
+1 34
+1 34
+1 11 11
+4 11
+1 11
+1 11
+6 11
+1 11
+1 22
+4 11 0 0 1 0 0 1
+1 11
+3 11 11 0 0 4 0 0 2
+1 11 11 0 0 3 0 0 3
+1 11
+2 11
+1 11
+1 11
+4 11
+1 11
+1 11
+1 11
+1 11
+1 11 0 0 1 0 0 1
+7 1
+1 1
+2 1
+1 1
+2 1 1
+1 1 1
+1 1
+2 1
+1 1
+1 1
+4 1
+1 1
+1 1
+1 1
+1 1 0 0 1 0 0 1
+1 1
+41 14 0 0 2 0 0 1
+1 14 14 0 0 2 0 0 1
+1 14 14 0 0 2 0 0 2
+1 14
+1 14
+2 14
+1 14
+1 14 0 0 1 0 0 1
+1 14
+1 14
+1 14
+1 14
+1 5 5
+4 5
+1 5
+1 5
+6 5
+1 5
+1 10
+4 5 0 0 1 0 0 1
+1 5
+3 5 5 0 0 1 0 0 1
+1 5 5
+1 5
+2 5
+1 5
+1 5
+4 5
+1 5
+1 5
+1 5
+1 5
+1 5 0 0 1 0 0 1
+69 39 0 0 1 0 0 1
+1 39 39 0 0 6 0 0 4
+1 39 39 0 0 3 0 0 1
+1 39
+1 39
+2 39
+1 39
+1 39 0 0 1 0 0 1
+1 39
+1 39
+1 39
+1 39
+1 22 22
+4 22
+1 22
+1 22
+6 22
+1 22
+1 44
+4 22 0 0 1 0 0 1
+1 22
+3 22 22 0 0 3 0 0 1
+1 22 22 0 0 2 0 0 2
+1 22
+2 22
+1 22
+1 22
+4 22
+1 22
+1 22
+1 22
+1 22
+1 22 0 0 1 0 0 1
+69 11 0 0 2 0 0 1
+1 11 11 0 0 3 0 0 1
+1 11 11
+1 11
+1 11
+2 11
+1 11
+1 11 0 0 2 0 0 1
+1 11
+1 11
+1 11
+1 11
+1 2 2
+4 2
+1 2
+1 2
+6 2
+1 2
+1 4
+4 2 0 0 1 0 0 1
+1 2
+3 2 2
+1 2 2 0 0 1 0 0 1
+1 2
+2 2
+1 2
+1 2
+4 2
+1 2
+1 2
+1 2
+1 2
+1 2 0 0 1 0 0 1
+69 36 0 0 1 0 0 1
+1 36 36 0 0 6
+1 36 36 0 0 4
+1 36
+1 36
+2 36
+1 36
+1 36 0 0 1 0 0 1
+1 36
+1 36
+1 36
+1 36
+2 25 25
+4 25
+1 25
+1 25
+6 25
+1 25
+2 50
+4 25 0 0 1 0 0 1
+1 25
+3 25 25 0 0 2
+1 25 25 0 0 2 0 0 1
+1 25
+2 25
+1 25
+1 25
+4 25
+1 25
+1 25
+1 25
+1 25
+1 25 0 0 1 0 0 1
+64 1
+1 1
+1 1
+1 2
+4 1
+2 1
+1 1
+1 1
+1 1
-5 674
+2 674
+1 674
+1 674
+1 674
-3 100 0 0 1 0 0 1
+1 100
+1 100
+1 100
+1 190
+5 95
+6 95 95
+1 95 95
+8 95
+1 95 95
-16 2215 0 0 1 0 0 1
+6 2215 2215
+1 2215 2215
+8 2215
+1 2215 2215

fn=(260) strncmp
98 1 0 0 1 0 0 1
+27 1
+1 1
+1 1
+1 1
+1 1
+2 1
+1 1
+2 1
+1 1
+21 1
+1 1
+44 1 0 0 1 0 0 1
+1 1
+1 1
+1 1
+1 1
+1 1
+1 1
+1 1
+1 1
+1 1
+1 1
+1 1
+2 1
+1 1
+1 1
+1 1 1 0 0 1 0 0 1
+1 1
+1 1
1613 1 0 0 1 0 0 1
+1 1 1
+1 1 1
+1 1
+1 1
+2 1
+1 1
+1 1
+1 1
+1 1
+1 1
+1 1
2095 1 0 0 1 0 0 1
+1 1
+1 1
+1 1
+1 2
+5 1
+3 1
+1 1
+2 1 1
+1 1 1 0 1 0 0 1
+8 1
+1 1 1

fl=(8)
fn=(14)
25 7 0 0 1 0 0 1
+3 21 7
+3 21 14
+1 14 7 7 1 7 0 1 7
+2 7 7 0 0 1 0 0 1
-1 7 7
+3 21
+1 7 0 7
+1 14 7
+2 7 0 7
-2 7 0 7
+3 14
+4 14
-2 7 0 7 1 0 0 1
+2 14 0 7
+5 7 7

fl=(73)
fn=(244)
30 65 0 20 1 0 0 1
+4 5
+1 10
+10 10 5 0 1 0 0 1
+18 5
-17 5
+17 25 25

fl=(29)
fn=(80)
210 31 0 0 2 0 0 1
+1 31
+6 31
+1 31
+2 22 22
+1 22
+1 22
+2 6 6
+1 6 0 6
+1 6 0 6 0 0 2 0 0 2
+2 6 6
+80 9 0 0 1 0 0 1
+1 9
+2 1
+4 1
+1 1
+1 1
+1 1 1 0 0 1 0 0 1
+1 1
+4 1 0 1 0 0 1 0 0 1
+2 1 1
+39 8 8
+1 8 8
+1 8 0 8 0 0 5 0 0 5
+1 8 0 8 0 0 1 0 0 1
+1 8 8
+7 16 16
+1 16 16
+1 16 0 16 0 0 4 0 0 4
+1 16 0 16 0 0 1 0 0 1
+1 16 0 16 0 0 4 0 0 4
+1 16 0 16
+1 16 16
+11 16 0 0 1
+1 16
+2 16 16
+1 16 0 0 2 0 0 1
+1 16

fn=(128)
197 27
+1 27
+1 27
+1 27
+17 27
+1 27
+2 8 8 0 0 1
+1 8
+1 8
+2 2 2
+1 2 0 2
+1 2 0 2
+2 2 2
+80 19
+1 19
+2 6
+4 6
+1 6
+1 6
+8 6 6
+39 13 13 0 1 0 0 1
+1 13 13
+1 13 0 13 0 0 1 0 0 1
+1 13 0 13
+1 13 13
+7 6 6 0 0 1
+1 6 6
+1 6 0 6 0 0 2 0 0 2
+1 6 0 6 0 0 1 0 0 1
+1 6 0 6 0 0 3 0 0 3
+1 6 0 6
+1 6 6
+11 6
+1 6
+2 6 6
+1 6
+1 6

fl=(46)
fn=(140)
40 36 0 18 1 0 0 1
+1 6 0 6
cfi=(22)
cfn=(60)
calls=6 +16 
* 192 27 0 1 0 0 1
* 6
fi=(272) ./string/../include/rtld-malloc.h
+15 12 6 6
cfi=(27)
cfn=(76)
calls=6 -20 
* 108 18 18
fe=(46)
-12 12
+3 12
+1 6 6
-1 6
+1 12 12
-1 6
cfi=(29)
cfn=(80)
calls=6 210 
* 106 28 22 0 0 5 0 0 5

fl=(61)
fn=(194) __set_vma_name
60 3 0 0 1 0 0 1
-26 9 3
+26 6 0 1 1 0 0 1
-26 2
+36 1 0 1
-33 6 0 3 1 0 0 1
cfi=(11)
cfn=(28)
calls=1 435 
* 18 4 1 0 1 0 0 1
* 6 4
+5 1 0 1
+28 4 4

fn=(238)
33 2 0 0 1 0 0 1
+1 6 2
+9 4 2

fl=(13)
fn=(26)
289 2 0 1 1 0 0 1
+1 2
-1 2 0 0 1 0 0 1
+1 2 0 1
cfi=(11)
cfn=(28)
calls=1 435 
* 18 4 1 2 2 0 2 2
+2 3 1
-1 1 0 1
+2 2 2

fn=(248)
298 24 0 12 3 0 0 1
+8 2 2 0 0 2
-8 2 0 2 0 0 1
+8 4
-95 2 0 0 2 0 0 1
-28 2
-2 2 0 2
+1 2 2
+29 2
-28 8
+1 2 2 0 2 0 0 1
-1 2
+1 2 0 2
-1 4
+1 12 12
-1 12
+1 12 0 12
-1 24
+28 28 0 2 2 0 1 1
+8 10 2 2
-3 8 0 4
+2 8 0 2 2 0 0 1
+3 44
+2 14 14
-83 70 14 28
cfn=(250) dfs_traversal.part.0
calls=14 -5 
* 502 144 56 8 10 0 4
+86 56 28 0 2 0 0 1
+18 14 6
+19 6 0 2 2 0 0 1
cfi=(29)
cfn=(80)
calls=2 -53 
* 38 10 8 3
+13 8 2
+7 2 0 0 2 0 0 1
+27 16 14

fn=(250)
135 70 0 14 2 0 0 1
+10 14 14 0 0 4
-2 14 0 14
+2 28 0 0 2 0 0 1
+2 44 11 0 0 5
-7 22 11
+7 129 35 0 0 1
-7 48 24
+16 28 0 0 2 0 0 1
+15 42 14 14
+1 14 0 14 1 0 0 1
+1 28 28
-17 21 7 0 1

fl=(54)
fn=(166)
31 14 0 0 1 0 0 1
+2 14 0 14
+9 14
+1 28 14
+1 14 0 14
+4 14 0 14 0 0 1 0 0 1
+1 14 0 14
+1 14 0 14
+1 14 0 14
+1 14
+2 28 14 0 1 0 0 1
+2 14 0 14
+1 14 14
+1 14
+2 28 14
+2 14 0 14
+8 14
+3 14
+1 14 0 14 0 0 1 0 0 1
+7 14
+1 14 14

fl=(22)
fn=(60)
57 30 0 0 1 0 0 1
+44 30
+1 30
+1 30
+1 30
+1 30
+1 30
+1 30 0 0 1 0 0 1
+2 30
+2 30
+31 29 29 0 0 5 0 0 5
+1 29
+1 29
+1 29
+1 29
+1 15
+2 15 15
+4 14
+1 14 14
+1 14 14
+1 14 14
+1 14
+1 14
+1 14
+1 14 0 0 1 0 0 1
+1 14
+1 14
+1 14
+1 14
+5 112 14
+4 1
+1 14 4 0 1 0 0 1
+1 6
+15 1 0 0 1 0 0 1
+1 1
+1 2
+51 1 1
+1 1 1
+1 1 1
+1 1 1
+1 1
+1 1
+1 1
+1 1
+16 1 0 0 1 0 0 1
+2 1
+1 14 4 0 1 0 0 1
+2 1
+1 1
+1 1
+2 1 1

fl=(27)
fn=(144)
97 3 0 0 1 0 0 1
+2 12 6

fn=(72)
80 17 0 0 1 0 0 1
+4 17
-4 68
+7 17
+1 51
fi=(28)
-32 17 17
cfi=(27)
cfn=(76)
calls=17 -20 
* 483 84 79 11 3 4 11 1 2
fe=(27)

fn=(76)
36 42 0 0 1 0 0 1
+1 126 42 0 0 3
+11 123 41
+3 41
-3 41 0 41
+3 82
-3 2
+3 1
-3 1 0 1
+3 158 0 0 1 0 0 1
+5 12 3
+1 6
-21 3 0 3
+24 9
-24 9 0 3
+24 3
-24 3 0 3
+23 3
+1 6 0 0 1 0 0 1
-24 3
+24 3 0 3
cfi=(60)
cfn=(192)
calls=3 -13 
* 78 12 9 3 0 1 3 0 1
+2 6
+2 15 0 6
cfi=(61)
cfn=(194)
calls=3 -4 
* 56 15 7 3 1 0 3 1
+1 12 6
+2 3
+4 3
-1 3 0 3
-3 3 0 3
+4 3 0 3
+2 15 12
-3 39 0 39 1 0 4 1 0 1
+1 39 0 39
+2 39 39
-30 1 1 0 1 0 0 1
-1 1
+1 1
+1 2
-2 2 0 1
+28 2 1

fl=(1) ???
fn=(0) 0x0000000000023340
0 2 0 1 1 0 1 1 0 1
cfi=(2)
cfn=(2)
calls=1 519 
0 1754217 460255 169080 1122 11017 2538 1120 7290 1806
0 8 1 1 1
cfi=(80)
cfn=(648)
calls=1 331 
0 4 1 0 2 0 0 2
0 10 2 1 1 0 0 1
cfi=(196)
cfn=(652)
calls=1 81 
0 92774 27709 13121 621 730 181 621 146 137
0 3
cob=(4)
cfi=(191)
cfn=(1364)
calls=1 0 
0 204398990 41522294 29950193 845 3498345 639179 800 39455 323241

fl=(55)
fn=(584)
85 2
+38 2
-1 2
+3 2 0 0 1 0 0 1
+2 80
+1 30 10 0 0 4 0 0 2
+3 7
-6 24 0 0 1 0 0 1
+18 2 2
+1 2 2
-15 6

fn=(174)
68 931 0 399 1 0 1 1 0 1
+1 266 133 133
cfi=(34)
cfn=(98)
calls=133 +29 
* 3947 899 0 17 1 0 17 1
* 133
+1 133
-1 133
+3 133 133
+2 266
+4 129 129
-4 258
+1 453 151 151 1 0 0 1
cfi=(34)
cfn=(98)
calls=151 +23 
* 5150 1051 0 0 1 0 0 1
* 302
-5 22
+11 199 199
-1 111
+1 333 333

fn=(232)
36 2 0 1 1 0 0 1
+3 1
-3 5 0 2
+3 1
-3 1
+3 1 0 1
cfi=(56)
cfn=(182)
calls=1 -11 
* 21 2 2
+1 3
+2 4 0 2 1 0 0 1
cfi=(58)
cfn=(188)
calls=1 -12 
* 6 1
* 3 1
+2 2 1 1
+3 2
+13 3 0 2
cfi=(65)
cfn=(206)
calls=1 -35 
* 6 1
* 1 1
+3 6 4
-14 6 0 2 1 0 0 1
cfi=(60)
cfn=(192)
calls=1 -2 
* 26 4 3
* 3 1

fl=(65)
fn=(206)
25 6 0 0 1 0 0 1
+1 24
+1 6 6

fl=(68)
fn=(226)
28 6
+1 12
cfi=(69)
cfn=(228)
calls=3 146 
* 28 3 2 1 0 0 1

fl=(75)
fn=(258) _dl_check_map_versions
155 63 0 42 1 0 0 1
+15 21 7
+2 21 14
+2 21 7 7 1 1 0 1
+1 7 7
+2 14
+3 10 10
+4 10 5 0 0 4 0 0 4
-20 5 0 5
-8 5 0 5
+69 35 0 15 1 0 0 1
36 10 5
200 10 10
36 31 13 0 1 0 0 1
200 16 16
36 63 8
+1 60 60
-1 120
+2 219 0 73
cfi=(55)
cfn=(174)
calls=73 +30 
* 6842 1613 369
* 172
208 26
+5 13 13 0 0 1 0 0 1
99 52 13 39 1 0 0 1
213 26
+4 26 26 0 0 5 0 0 5
+1 26 26
-1 13
+4 26 13 13
-3 52 39 0 1 0 0 1
-1 76 76 0 0 9 0 0 9
+1 76 76
-1 38
+4 76 38 38
-3 207 136
56 204 153
+8 102 51 0 1 0 0 1
+6 153 51
+16 51 51
+1 102
+2 51 51
+5 459 51 153 1 5 0 1 5
+14 1680 840 0 0 13 0 0 13
+12 2367 789 0 0 13 0 0 13
+4 789
-30 1578 789 0 0 31 0 0 31
231 204 51 0 1 0 0 1
+3 153 51
+5 38
-24 38
110 51 51 0 1 1 0 1 1
+3 204 51 102 0 2 0 0 2
cfi=(34)
cfn=(98)
calls=51 -15 
* 2208 394 0 10 22 0 10 22
* 204 102 0 1 0 0 1
224 153 51
+1 3 0 1
cfi=(34)
cfn=(98)
calls=1 98 
* 68 9 0 0 1 0 0 1
* 2
+3 41 26 14 1 0 0 1
+15 39 13
+5 8
-50 8
+59 25 15 0 2 0 0 2
+3 10 10
+3 35 10 5
+3 25 5
+4 5
-7 20 5
+3 15 5
+4 136
-7 544 136 0 0 12 0 0 12
+3 413 136 5 0 5 0 0 5
+8 15 5
+6 12 6 6 1 0 0 1
fi=(28)
44 6
fe=(75)
280 12
fi=(28)
44 6 6 6
cfi=(27)
cfn=(72)
calls=6 +36 
* 239 36 28
fe=(75)
281 12 6 0 1 0 0 1
-2 6 0 6
fi=(28)
44 6
fe=(75)
281 6
+13 6 6
-3 6 0 6
+3 24 12 6 0 1 1
+2 12 0 0 1 0 0 1
+3 20 10
+4 39 13
+7 51
+1 51
-1 102 51
+1 51 0 51 0 0 17 0 0 17
+1 51 51
-2 51 0 51
+2 102 0 51 0 0 4 0 0 4
+1 153 51 51 0 0 2 0 0 2
+3 153 51
+5 38
-15 38 38
+2 38
-2 38
+2 38
-2 38
+2 76
-2 13 13 0 1 0 0 1
+2 13
-2 13
+2 13
-2 13
+2 26
+16 39 13 0 1 0 0 1
+5 8
-28 8
+71 12
+1 10 5
+1 10 5
+1 4 2
+19 63 56 0 1 0 0 1
164 2 0 2
-8 2 0 2
257 5
+77 10 0 0 1 0 0 1
+3 10 5
+4 141 141
+6 141 141
+1 141 141
+1 141 141
-1 282
+1 141
-1 141 0 141 0 0 38 0 0 38
+1 141 0 141
+1 141 0 141 0 0 16 0 0 16
+3 423 141
+4 141
-14 292 146 0 1 0 0 1
+10 39 11 0 1 0 0 1
+11 612
+1 408 204
+1 36 0 12
-32 2 0 0 1 0 0 1
-40 2 1
-20 3 1 0 1 0 0 1
377 4 3 0 1 0 0 1
+2 124 32
+1 60 0 0 1 0 0 1
+2 1 1
+1 2 0 0 1 0 0 1
-1 1
+1 1 0 1
cfi=(34)
cfn=(260)
calls=1 98 
* 55 6 0 5 1 0 5 1
* 2

fn=(256)
399 7 0 5 1 0 0 1
+4 5
-2 3
+4 42 7 7 1 0 0 1
cfn=(258)
calls=7 155 
* 26062 7729 1588 43 127 78 43 125 77
-2 7 7
+1 7
-1 14
+5 7 6 0 1 0 0 1

fl=(40)
fn=(114)
29 1 0 0 1 0 0 1
fi=(18)
+2 1 1
fe=(40)
+7 1
fi=(18)
-7 3
fe=(40)
+21 2 1
fi=(18)
-20 3 1 0 1 0 0 1
+7 1 1
fe=(40)
-1 1
fi=(18)
+1 4
+1 4 1
+8 1
fe=(40)
-5 1
fi=(18)
+5 2
+3 4 1 0 1 0 0 1
+3 2
fe=(40)
-3 5

fl=(48)
fn=(240)
161 3 0 0 1 0 0 1
+16 3 3
-13 3 3
-3 9 0 3
+3 3
+55 3 0 3
-2 3
+5 3 0 3
+1 6 6

fn=(266)
133 2 0 1 1 0 0 1
+3 1
-3 3 0 2
+3 1 0 0 1 0 0 1
-3 1
+3 1
-3 2 0 1
+3 1 0 1
cfi=(11)
cfn=(28)
calls=1 435 
* 17 4 1 0 2 0 0 2
* 1 1
+1 4 0 1
cfi=(11)
cfn=(28)
calls=1 435 
* 17 4 1 0 2 0 0 1
+1 1
+2 1
-3 1 1
+1 2
+2 3 0 0 1 0 0 1
+3 1
+2 1 0 1
-26 3
+28 3 0 1
+1 6 5

fn=(268)
251 7 0 5 1 0 0 1
+35 1
-35 1
+37 3 1 0 1 0 0 1
-34 1
-1 1
-1 2
+63 9
+3 3
-3 15
+5 3
+7 3 0 3
-7 12
+3 3
-34 3 3
-1 6
+1 4 4
-1 8
+3 21 7 0 1 1 0 1
+4 3 3
-1 3 3
+5 3
-5 3
+1 3
-1 3
+3 6 0 0 1 0 0 1
+2 9
fi=(76) ./elf/../sysdeps/unix/sysv/linux/dl-extra_tls.h
32 3 0 0 1 0 0 1
+12 1
-12 1 0 1
cfi=(11)
cfn=(28)
calls=1 435 
* 18 4 1 0 2 0 0 2
+1 3 1
+4 10 2 0 1 0 0 1
+14 4 0 1
cfi=(11)
cfn=(28)
calls=1 435 
* 18 4 1
+1 3 1
fe=(48)
350 6 0 0 1 0 0 1
455 1 0 1
-94 1
+2 1 0 1
-2 2 0 1
+3 7 1
+2 2 0 1
+90 7 6
fi=(76)
54 1 1 0 1 0 0 1
fe=(48)
344 3
+6 3 0 0 1 0 0 1

fn=(586)
1138 1 0 0 1 0 0 1
+1 1 1
+3 4 1
+6 6 3
-6 9
+2 12 4 0 0 1 0 0 1
+1 8
+6 1 0 1 0 0 1
+1 1 1

fn=(464)
1177 3 0 0 1 0 0 1
+1 15 6 0 1 0 0 1
-1 12 0 3
+9 3 3
+3 3 3 0 0 2
+1 3
+4 9 3 0 1 1 0 1
+36 6
+3 6 0 3 0 0 2 0 0 1
+1 9 3 3 1 0 0 1
+5 3
-3 3 0 3
+4 6 6

fn=(148)
228 1 0 0 1 0 0 1
+2 2 1
+1 1 1 0 1 1 0 1 1
+15 2 1

fn=(272)
517 7 0 4 1 0 0 1
fi=(77) ./elf/./dl-tls_block_align.h
23 1 1
fe=(48)
+74 1 1 1
523 2 1
fi=(28)
56 1 1 1
cfi=(27)
cfn=(76)
calls=1 -20 
* 85 16 13
fe=(48)
525 2
fi=(77)
41 2 1 0 1 0 0 1
+6 4
+5 1
fi=(28)
-8 1
fi=(77)
+3 1
+1 1
+4 304 0 297 1 0 37 1 0 37
fe=(48)
535 1 0 1 0 0 1 0 0 1
-70 1 1
+5 1
fi=(28)
44 1 1 1
cfi=(27)
cfn=(72)
calls=1 +36 
* 29 4 3
fe=(48)
471 2
-2 1
+11 1
-11 1 0 1
+11 1 0 1
+60 2 1 0 1 0 0 1
-23 1
103 1 1 1
545 6 5

fn=(588)
612 10 0 7 2 0 0 2
+1 2
+4 1 1 0 0 1
+9 2
-3 2 1 1
cfi=(24)
cfn=(84)
calls=1 43 
* 3 1
+3 3 2 0 0 1
+12 3 1 0 1 0 0 1
+70 2 1 1 1 0 0 1
cfi=(24)
cfn=(84)
calls=1 43 
* 3 1
+3 1 0 1
+3 9 8
-52 1 0 1 1 0 0 1
-42 1
-1 1
+43 2
-19 11 1 1 1 0 0 1
+26 6
+1 12 6
+2 6
+1 6 3
+9 3 0 3 1 0 0 1
+10 6 3
+2 18 3 12
cfi=(29)
cfn=(128)
calls=3 197 
* 47 7 4 0 2 2 0 0 2
* 15 6 3
cfi=(45)
cfn=(132)
calls=3 137 
* 52 3 12 0 0 1 0 0 1
-51 3 3
+55 3 0 3
+4 6 6
-59 12
+6 8 0 0 1 0 0 1
+3 9 3
+1 6
+6 9 6 0 1 0 0 1
+3 3 3 0 0 2
-2 3
+6 3 3 0 0 1
-6 3
+2 6 3 0 0 1
+4 3
-4 9 3 3 0 0 1 0 0 1
+3 6 0 0 1 0 0 1
+41 2 1 0 1 0 0 1

totals: 206246006 42010262 30132397 2593 3510092 641899 2545 46891 325185
